_CODE_2016,P_1000_1249_15_19_yrs,P_1000_1249_20_24_yrs,P_1000_1249_25_34_yrs,P_1000_1249_35_44_yrs,P_1000_1249_45_54_yrs,P_1000_1249_55_64_yrs,P_1000_1249_65_74_yrs,P_1000_1249_75_84_yrs,P_1000_1249_85ov,P_1000_1249_Tot,P_1250_1499_15_19_yrs,P_1250_1499_20_24_yrs,P_1250_1499_25_34_yrs,P_1250_1499_35_44_yrs,P_1250_1499_45_54_yrs,P_1250_1499_55_64_yrs,P_1250_1499_65_74_yrs,P_1250_1499_75_84_yrs,P_1250_1499_85ov,P_1250_1499_Tot,P_1500_1749_15_19_yrs,P_1500_1749_20_24_yrs,P_1500_1749_25_34_yrs,P_1500_1749_35_44_yrs,P_1500_1749_45_54_yrs,P_1500_1749_55_64_yrs,P_1500_1749_65_74_yrs,P_1500_1749_75_84_yrs,P_1500_1749_85ov,P_1500_1749_Tot,P_1750_1999_15_19_yrs,P_1750_1999_20_24_yrs,P_1750_1999_25_34_yrs,P_1750_1999_35_44_yrs,P_1750_1999_45_54_yrs,P_1750_1999_55_64_yrs,P_1750_1999_65_74_yrs,P_1750_1999_75_84_yrs,P_1750_1999_85ov,P_1750_1999_Tot,P_2000_2999_15_19_yrs,P_2000_2999_20_24_yrs,P_2000_2999_25_34_yrs,P_2000_2999_35_44_yrs,P_2000_2999_45_54_yrs,P_2000_2999_55_64_yrs,P_2000_2999_65_74_yrs,P_2000_2999_75_84_yrs,P_2000_2999_85ov,P_2000_2999_Tot,P_3000_more_15_19_yrs,P_3000_more_20_24_yrs,P_3000_more_25_34_yrs,P_3000_more_35_44_yrs,P_3000_more_45_54_yrs,P_3000_more_55_64_yrs,P_3000_more_65_74_yrs,P_3000_more_75_84_yrs,P_3000_more_85ov,P_3000_more_Tot,P_PI_NS_15_19_yrs,P_PI_NS_ns_20_24_yrs,P_PI_NS_ns_25_34_yrs,P_PI_NS_ns_35_44_yrs,P_PI_NS_ns_45_54_yrs,P_PI_NS_ns_55_64_yrs,P_PI_NS_ns_65_74_yrs,P_PI_NS_ns_75_84_yrs,P_PI_NS_ns_85_yrs_ovr,P_PI_NS_ns_Tot,P_Tot_15_19_yrs,P_Tot_20_24_yrs,P_Tot_25_34_yrs,P_Tot_35_44_yrs,P_Tot_45_54_yrs,P_Tot_55_64_yrs,P_Tot_65_74_yrs,P_Tot_75_84_yrs,P_Tot_85ov,P_Tot_Tot
5000,10,97,341,136,103,91,73,11,3,865,4,46,290,113,69,48,58,8,4,637,3,20,250,117,74,74,32,5,3,573,0,6,136,108,80,63,30,9,4,441,4,11,181,189,135,101,54,20,8,696,3,7,64,92,92,109,76,22,3,463,104,389,540,259,215,162,142,62,18,1900,1011,3714,3936,1731,1347,1228,941,347,129,14375
5005,0,0,0,0,0,0,0,0,0,0,0,0,0,0,0,0,0,0,0,0,0,0,0,0,0,0,0,0,0,0,0,0,0,0,0,0,0,0,0,0,0,0,0,0,0,0,0,0,0,0,0,0,0,0,0,0,0,0,0,0,0,0,0,0,0,0,0,0,0,0,0,0,0,0,0,0,0,0,0,0
5006,4,28,144,55,52,52,75,39,9,453,0,11,116,39,61,54,39,16,7,339,0,8,103,46,61,52,41,21,9,347,0,3,82,46,56,37,29,16,8,283,0,5,109,66,89,66,57,16,7,421,3,3,28,73,143,146,96,33,22,554,48,95,127,55,109,79,111,64,74,763,574,988,1264,644,782,762,814,391,247,6476
5007,3,58,195,124,95,76,22,4,3,577,0,25,164,96,56,48,5,0,0,401,0,11,171,84,74,39,4,3,0,372,0,3,89,62,51,37,3,0,0,246,0,0,77,82,65,26,5,0,0,251,0,0,27,34,24,15,3,3,0,104,15,39,107,76,79,56,33,56,108,560,298,740,1603,952,903,787,426,315,282,6302
5008,0,45,288,198,197,144,29,7,11,917,0,18,187,128,124,101,16,0,3,581,0,8,159,143,115,78,14,0,3,517,0,4,72,89,91,40,5,0,0,306,0,4,57,109,86,53,3,0,0,310,0,0,23,35,18,9,4,0,3,94,76,72,154,140,134,105,74,71,41,869,758,1096,2283,1812,1836,1580,1006,748,399,11518
5009,0,20,90,97,99,72,21,10,3,407,0,13,54,55,59,24,8,0,0,215,0,5,44,61,56,25,3,0,0,193,0,0,25,23,37,24,0,0,0,113,0,0,19,47,43,15,6,0,0,134,0,0,13,8,15,3,3,0,0,38,19,22,42,40,46,43,24,30,16,276,296,365,689,677,770,613,370,279,136,4196
5010,0,14,89,99,77,36,8,4,3,325,0,4,53,49,41,14,0,0,0,164,0,3,31,33,31,19,3,0,0,122,0,0,13,34,15,6,3,0,0,75,0,3,13,29,18,8,0,0,0,71,0,0,0,8,5,0,0,0,0,21,27,22,43,42,50,40,52,45,69,400,370,438,858,828,739,635,431,305,194,4790
5011,0,63,279,175,222,142,37,6,3,934,3,27,188,173,131,93,15,3,0,636,3,9,162,126,120,89,14,0,0,524,0,0,66,118,93,41,5,0,0,326,0,3,73,102,97,58,7,3,0,348,0,3,11,28,37,17,0,0,0,103,49,59,106,108,102,76,52,41,37,630,673,885,1996,1624,1660,1345,785,447,305,9707
5012,3,29,197,164,123,62,18,10,3,594,0,15,100,92,56,29,3,0,0,298,0,3,84,87,49,25,3,0,0,244,0,3,33,38,34,17,0,0,0,125,0,3,21,34,29,13,0,0,0,97,0,0,8,20,11,7,4,0,0,46,66,70,106,101,109,88,71,47,23,668,751,954,1836,1568,1396,1126,676,435,198,8938
5013,0,33,169,164,145,109,26,3,0,650,0,14,78,100,80,51,12,0,0,333,0,4,74,70,59,39,6,0,4,258,0,3,34,31,38,25,3,0,0,138,0,0,24,31,45,18,0,0,0,125,0,3,8,12,3,3,3,0,3,31,66,54,110,79,83,115,86,40,31,664,638,682,1397,1280,1496,1320,818,420,310,8356
5014,0,32,235,184,198,164,34,14,6,868,4,16,177,132,126,78,11,5,0,555,0,3,114,131,97,70,19,0,0,428,0,0,65,84,87,56,3,0,0,293,0,3,37,72,88,46,0,3,0,255,0,3,9,20,21,15,9,10,0,91,66,44,113,100,109,94,95,83,47,740,629,708,1718,1507,1697,1590,1063,718,367,9994
5015,0,31,138,110,129,79,19,3,3,508,0,11,87,66,63,59,14,0,0,318,0,5,65,71,66,44,7,0,0,260,0,3,38,46,48,21,3,0,0,163,0,3,27,53,52,36,6,0,0,183,0,3,7,11,17,12,0,0,0,60,24,30,62,38,58,52,54,27,13,355,307,352,879,788,924,820,527,222,81,4899
5016,3,24,179,130,167,131,36,6,9,678,0,13,117,116,120,79,15,5,0,469,0,9,89,100,122,67,12,0,0,393,0,3,64,65,92,63,9,0,0,297,0,0,46,99,98,64,6,0,0,320,0,0,7,32,49,30,8,0,3,133,36,20,53,52,65,66,62,80,144,580,513,440,1151,1102,1363,1194,782,492,424,7461
5017,0,21,65,76,71,51,9,0,0,290,0,6,48,58,52,39,8,0,0,208,0,3,28,29,29,15,0,0,0,101,0,0,13,19,28,12,0,0,0,79,0,3,11,27,23,24,0,0,0,92,0,0,3,4,9,4,3,0,0,26,28,15,36,48,49,64,52,31,7,336,319,278,609,642,711,681,534,297,78,4148
5018,0,20,85,76,128,129,48,3,4,484,0,3,47,65,78,78,18,3,0,301,0,0,44,46,68,68,13,0,0,246,0,0,19,35,51,57,6,0,0,175,0,0,15,49,72,66,9,0,0,219,0,0,4,15,23,27,7,4,0,82,24,17,26,28,27,45,55,37,25,279,319,338,543,582,795,1119,750,293,121,4861
5019,0,33,130,136,145,144,60,5,8,654,0,11,107,117,113,86,21,0,0,454,0,3,78,112,111,93,17,0,0,419,0,0,52,84,97,72,10,0,0,315,0,0,35,115,117,76,13,5,4,362,0,0,6,41,59,29,10,0,0,152,30,29,66,69,117,83,96,67,48,619,464,451,1031,1228,1394,1399,1014,495,297,7780
5020,0,5,39,52,34,40,43,8,0,216,0,3,25,28,35,40,19,0,0,162,0,3,27,32,37,38,11,0,0,148,0,0,22,20,29,16,5,0,0,91,0,3,11,36,51,39,12,3,0,152,0,0,0,18,17,24,7,3,0,74,16,13,8,29,23,29,32,13,8,177,145,159,276,362,402,504,464,210,97,2621
5021,0,16,66,49,69,97,77,23,10,411,0,10,45,44,70,65,39,14,5,311,0,0,44,47,43,56,34,11,3,238,0,0,24,55,44,48,24,7,3,204,0,0,19,56,78,68,27,9,0,255,0,3,11,23,44,59,34,7,3,186,14,5,19,23,36,36,64,48,22,275,285,289,485,536,697,927,1052,602,264,5140
5022,3,63,231,209,258,201,109,33,13,1127,0,26,161,152,178,168,73,19,4,778,0,5,124,164,221,142,52,10,5,726,0,3,78,148,155,138,35,10,0,568,0,13,96,255,313,180,52,12,0,910,3,8,44,185,206,113,57,15,3,630,64,68,117,123,144,125,123,98,103,960,932,901,1632,1978,2424,2248,1700,942,529,13275
5023,0,73,343,238,250,175,44,20,12,1166,0,20,251,162,176,88,27,3,3,734,3,15,169,143,130,78,15,0,3,556,0,6,90,87,66,40,3,8,0,305,0,3,84,95,75,46,5,0,0,316,0,0,16,19,30,21,7,3,0,99,93,75,124,136,140,121,111,118,58,969,955,1029,2544,2065,2230,1861,1419,1236,659,13996
5024,3,60,207,186,219,170,107,52,10,1011,0,12,166,144,190,129,58,12,10,722,0,10,114,153,166,104,50,9,8,602,0,7,60,121,133,94,14,3,0,426,0,0,65,174,176,112,28,8,10,574,0,3,21,75,108,56,33,16,7,308,62,39,79,76,114,69,78,79,51,644,828,806,1471,1692,2041,1655,1585,1166,512,11751
5025,0,26,145,114,146,98,47,22,7,611,0,9,114,89,110,70,21,3,0,431,0,7,77,107,90,36,16,0,0,327,0,0,56,56,61,28,7,0,0,211,0,0,51,104,92,49,11,0,0,303,0,0,13,20,29,24,5,0,0,92,28,27,47,38,49,43,52,42,30,347,480,494,1033,1005,1176,934,899,651,259,6938
5031,0,50,259,151,133,98,24,4,3,733,3,22,156,132,94,50,16,3,3,478,0,10,131,123,103,61,6,4,0,430,0,0,49,93,91,51,11,0,0,297,0,3,90,127,94,55,7,0,0,384,0,0,18,44,38,30,0,3,0,134,44,49,107,78,93,73,58,46,21,560,508,986,1932,1406,1360,1058,664,525,182,8619
5032,0,57,250,195,200,151,58,28,18,954,0,20,180,152,140,82,19,14,4,607,0,7,124,148,151,96,25,9,9,569,0,5,63,82,110,68,13,0,4,349,0,3,79,143,132,77,21,5,3,464,0,0,22,68,66,45,10,9,4,229,35,38,108,80,83,65,67,64,46,595,666,929,2041,1661,1712,1420,1062,809,451,10749
5033,4,46,212,120,110,86,23,6,4,610,0,11,133,105,97,54,4,0,0,416,0,9,117,74,70,25,6,0,0,298,0,0,39,56,34,22,3,0,0,156,0,3,55,73,45,18,7,3,3,203,0,3,12,11,15,14,0,3,0,61,28,48,120,64,68,58,63,66,99,611,408,753,1650,1154,1018,812,605,471,323,7198
5034,0,22,188,117,113,127,81,16,15,689,0,26,153,118,98,109,38,16,8,555,0,9,108,136,120,94,30,7,7,510,0,0,64,127,84,84,12,0,3,381,0,0,90,190,180,157,43,8,4,675,0,0,27,136,168,113,51,11,0,508,30,33,78,72,76,77,68,69,103,608,576,735,1483,1367,1299,1281,899,450,348,8435
5035,0,34,157,109,82,68,26,9,8,493,0,17,105,76,78,51,23,4,0,346,0,3,63,72,49,51,7,3,3,251,0,3,36,56,43,35,7,0,0,184,0,0,54,88,76,51,13,3,0,281,0,0,9,48,29,14,3,5,0,112,11,29,86,47,58,55,37,29,27,372,283,470,1111,887,742,672,495,321,202,5169
5037,3,47,220,171,144,110,39,11,22,768,0,22,154,121,115,73,19,3,0,519,0,5,124,129,98,64,8,5,0,436,0,0,70,76,56,47,8,0,6,264,0,3,69,131,97,45,15,3,0,357,0,0,17,48,25,15,4,3,3,120,27,47,111,70,74,51,60,97,192,739,577,974,1873,1405,1231,1066,824,679,562,9175
5038,0,88,423,282,235,202,54,15,11,1318,0,20,271,200,165,108,25,17,6,800,0,4,184,185,117,81,23,7,3,608,0,3,124,114,106,53,5,0,5,408,0,0,98,130,112,70,16,10,5,437,0,0,18,40,24,11,7,0,5,109,25,62,158,104,85,86,87,77,56,743,719,1235,3028,2147,1832,1635,1159,801,448,13003
5039,3,30,168,140,122,102,29,7,13,623,0,10,126,114,92,61,14,4,0,417,0,0,104,123,59,60,5,0,0,361,0,0,62,90,61,36,11,0,0,265,0,0,81,120,74,44,3,5,0,320,0,0,13,34,35,16,0,3,0,94,16,35,92,63,58,91,47,47,30,479,429,680,1479,1259,1077,1077,582,448,281,7312
5040,0,0,29,32,38,28,16,4,3,152,0,4,26,16,23,18,19,0,0,103,0,0,20,13,28,23,5,3,0,99,0,0,17,22,24,18,3,7,0,84,0,0,12,27,33,17,11,0,0,102,0,0,3,12,20,17,8,0,0,54,11,9,6,3,11,25,15,14,4,98,290,115,208,264,318,364,336,189,65,2143
5041,5,26,199,191,193,179,84,29,24,930,0,14,142,154,168,113,46,14,3,652,0,4,121,188,183,137,25,3,9,675,0,0,73,129,140,127,13,5,3,489,0,3,94,230,286,150,15,11,6,793,0,0,30,149,121,76,17,0,0,396,36,30,72,88,71,79,71,67,114,634,870,775,1489,1849,1904,1646,1165,630,565,10893
5042,0,45,188,171,132,115,53,24,10,742,0,11,152,117,89,60,17,7,3,449,0,3,112,93,76,47,19,11,0,360,0,0,52,63,55,36,3,4,3,221,0,3,60,75,56,51,12,3,0,258,0,0,9,26,23,13,6,4,3,86,25,47,102,54,59,69,71,89,43,549,680,1058,1895,1365,1144,1042,894,774,358,9219
5043,0,97,431,247,212,205,96,36,18,1342,3,39,292,193,137,104,25,7,4,798,0,10,214,197,109,85,21,0,7,646,0,6,88,109,85,56,8,0,0,345,0,3,107,158,110,65,10,0,0,445,3,3,17,37,35,26,8,6,6,141,79,73,197,127,122,114,143,157,188,1198,1074,1549,3072,2344,2088,2075,1776,1355,840,16176
5044,3,54,159,147,144,134,104,32,32,805,0,14,123,101,121,116,53,13,11,555,0,13,100,135,158,117,39,12,9,581,0,0,53,120,115,93,21,13,8,418,0,3,65,144,182,114,24,11,8,553,0,0,25,71,123,71,34,8,11,348,28,30,69,72,73,77,76,105,165,700,677,660,1133,1264,1479,1394,1201,790,631,9230
5045,3,76,324,212,216,250,119,36,13,1247,0,27,244,162,162,173,85,16,11,878,0,13,194,183,178,188,52,23,10,831,0,3,95,146,126,129,37,15,7,552,0,0,139,211,238,175,62,14,4,846,0,3,40,128,167,153,70,18,3,587,49,70,191,151,136,194,146,134,161,1234,701,1005,2231,1988,2037,2314,1798,957,591,13617
5046,0,50,182,123,115,118,33,16,17,657,0,23,108,104,89,79,23,4,3,433,0,7,101,97,72,51,6,3,4,349,0,0,45,65,68,58,13,3,0,249,0,0,59,95,87,57,3,0,0,308,4,0,12,23,18,20,3,0,4,85,30,55,71,65,65,48,74,54,58,522,478,786,1329,1104,1033,1107,924,588,512,7856
5047,3,32,168,129,120,90,36,14,4,594,0,12,113,85,77,43,21,6,0,359,0,6,100,100,60,49,3,0,0,332,0,3,43,58,37,27,4,0,0,184,0,3,45,70,48,24,8,0,0,197,0,0,6,25,5,19,5,3,0,69,41,45,106,52,66,62,59,53,30,515,470,605,1355,1092,984,926,814,493,204,6943
5048,0,27,200,186,212,213,114,35,17,1009,0,19,154,131,164,153,56,24,14,726,0,3,109,165,176,123,35,7,11,632,0,0,64,119,126,107,22,4,11,457,0,0,71,175,171,140,36,9,7,609,0,0,24,93,112,79,26,14,6,356,49,31,78,94,102,136,155,154,175,960,734,729,1478,1683,1881,2040,1676,1094,762,12074
5049,0,33,170,161,167,172,79,34,16,830,0,7,113,133,118,104,54,9,5,533,0,3,82,114,136,124,18,3,0,481,0,0,62,98,101,75,21,0,0,357,0,0,36,121,150,97,31,9,0,447,0,0,17,59,75,68,27,6,3,250,45,24,56,46,71,99,78,27,14,464,528,509,1065,1265,1365,1464,1204,535,209,8142
5050,0,28,68,68,77,89,55,26,18,423,0,4,43,63,71,49,36,9,0,276,0,0,39,55,69,46,26,7,6,249,0,0,20,60,61,44,25,3,0,218,0,0,20,65,84,67,29,3,0,261,0,0,4,20,41,41,14,5,0,124,20,23,26,29,50,34,38,35,25,287,378,337,492,639,749,711,736,467,225,4740
5051,0,30,192,207,252,205,127,24,6,1060,0,18,125,204,190,148,67,21,0,776,0,6,115,199,241,173,47,8,0,787,0,0,62,176,170,142,34,5,0,583,0,5,84,266,263,172,29,8,0,821,0,0,20,118,129,78,18,3,0,357,43,25,62,64,78,70,81,51,23,503,931,762,1252,1997,2099,1864,1514,626,231,11278
5052,0,21,51,82,91,89,61,18,9,421,0,3,68,75,103,61,47,15,9,380,0,3,54,95,99,80,30,7,6,384,0,0,25,63,90,66,18,11,3,280,0,0,27,111,124,84,24,3,0,373,0,0,13,56,80,58,15,4,4,230,24,11,13,28,46,25,35,39,44,265,420,341,481,794,957,806,797,462,232,5297
5061,0,32,144,85,97,121,69,23,12,589,0,24,118,84,91,76,66,18,7,475,0,8,93,101,106,133,44,11,4,502,0,3,50,99,96,94,36,9,3,393,0,8,79,132,188,160,79,14,5,660,0,6,38,216,300,208,106,18,3,898,41,38,53,73,69,91,74,35,17,488,637,683,1122,1202,1383,1314,1062,481,247,8129
5062,0,67,188,166,176,169,136,41,24,972,5,19,143,129,155,168,79,23,10,739,0,10,107,153,195,170,69,23,15,736,0,3,81,138,172,123,52,6,5,574,0,0,98,247,355,222,79,21,6,1028,0,0,33,200,294,239,86,23,18,894,42,57,66,78,94,93,107,67,76,680,1051,936,1440,1771,2149,2054,1629,758,506,12310
5063,0,58,218,124,142,123,101,26,25,826,0,15,202,124,142,102,68,8,6,670,0,9,158,177,143,114,46,5,5,656,0,0,98,109,114,87,26,14,8,449,0,3,131,226,234,137,42,11,7,786,0,0,59,174,189,114,29,19,5,592,46,43,97,114,101,117,96,44,77,730,688,809,1741,1697,1662,1458,1154,633,493,10334
5064,0,28,87,96,97,84,121,32,43,590,0,13,78,66,94,111,53,39,27,474,0,5,56,91,124,118,47,21,11,475,0,3,35,63,93,96,36,15,10,341,0,0,36,142,178,148,63,23,11,588,3,4,28,161,230,163,80,31,34,734,40,22,30,40,55,58,55,71,121,498,801,490,721,1086,1318,1278,1152,772,657,8267
5065,0,30,122,133,116,99,94,29,30,652,0,16,82,88,91,81,76,26,22,487,0,3,81,102,112,112,56,25,23,513,0,0,47,76,90,77,48,20,15,378,0,0,51,144,173,120,68,25,12,589,0,5,17,115,232,163,83,27,21,671,30,16,48,51,49,78,92,67,99,540,632,557,965,1269,1367,1246,1191,669,515,8410
5066,7,34,101,108,163,145,106,45,22,724,0,14,88,98,121,108,93,39,10,566,0,8,82,127,160,115,81,34,8,616,0,3,29,101,126,109,62,31,6,462,0,0,54,178,259,190,93,37,14,830,0,0,32,175,314,231,109,37,19,915,54,32,26,68,68,82,66,51,23,465,900,676,806,1381,1787,1605,1342,725,311,9535
5067,0,45,221,126,128,141,72,28,6,761,0,25,184,104,92,94,51,21,3,576,0,13,130,118,87,85,54,9,3,496,0,4,97,84,89,82,37,5,0,403,0,4,132,172,142,119,64,19,0,644,3,0,40,155,170,130,65,21,3,588,35,51,174,86,93,95,82,70,46,725,587,736,1794,1379,1239,1294,1052,538,200,8819
5068,3,30,192,135,128,141,111,54,28,826,0,19,144,113,128,101,64,22,18,602,0,3,94,114,128,122,42,20,20,544,0,3,49,93,119,86,34,12,11,405,0,3,76,148,189,147,44,24,14,643,0,0,25,160,227,143,65,37,14,673,40,41,57,58,74,73,77,71,92,580,863,865,1332,1458,1607,1477,1247,893,606,10355
5069,0,25,140,93,90,89,61,19,9,529,0,19,111,79,102,79,32,4,0,426,0,3,77,101,96,97,22,6,0,413,0,0,50,69,81,57,22,11,0,293,0,3,75,129,169,119,31,10,3,534,0,4,42,146,200,114,40,15,3,553,21,45,65,53,80,71,37,33,14,408,468,631,1170,1044,1235,1057,737,427,201,6971
5070,0,62,305,185,182,148,63,24,27,1001,0,27,188,165,128,105,56,15,3,690,0,5,149,152,144,94,27,9,6,585,0,4,86,130,110,81,16,4,3,428,0,0,92,170,145,112,13,3,3,550,0,4,24,91,90,68,18,9,9,307,33,37,105,85,82,67,80,122,149,756,677,1075,2217,1821,1714,1505,1279,1153,783,12217
5072,0,42,180,167,186,147,102,37,23,880,3,17,159,129,138,121,60,16,6,641,0,7,126,151,137,105,47,13,9,595,0,3,76,118,136,88,35,6,0,462,0,3,74,166,173,115,42,10,9,586,0,0,22,88,121,76,50,19,7,385,34,28,74,61,94,77,66,84,53,566,863,790,1531,1634,1726,1487,1272,840,459,10596
5073,3,48,256,231,257,180,79,36,9,1094,0,23,173,177,181,105,43,9,3,720,0,14,151,143,176,109,31,10,8,636,0,3,76,101,122,73,24,8,0,407,0,8,59,198,199,110,29,5,9,604,0,0,10,68,81,46,20,9,0,233,41,36,68,69,81,71,90,122,89,675,946,978,1869,1968,2150,1577,1458,1262,488,12704
5074,0,39,248,211,203,137,55,25,7,928,0,12,161,130,126,64,27,6,0,532,0,0,109,132,102,60,14,5,3,424,0,0,50,89,73,48,9,10,3,283,0,0,48,111,88,41,8,6,3,305,0,0,11,37,34,14,8,3,0,115,70,41,85,87,96,68,78,103,66,684,711,788,1733,1707,1716,1310,1222,1106,518,10814
5075,0,36,167,164,178,169,62,20,10,801,0,8,124,105,108,80,27,12,3,470,0,3,82,118,92,70,18,5,0,398,0,3,50,86,70,53,14,3,0,282,0,3,39,96,109,54,9,3,0,315,0,0,13,32,29,14,8,3,4,101,37,41,62,40,71,57,72,73,103,556,593,680,1303,1320,1343,1272,1226,811,351,8901
5076,0,54,143,114,183,140,61,14,3,721,0,9,109,95,149,98,24,7,0,504,0,3,68,120,123,104,24,7,0,450,0,3,53,94,95,65,29,3,0,344,0,0,48,91,128,92,21,3,0,386,0,0,5,26,47,39,10,3,0,133,18,15,20,40,43,36,42,28,12,262,630,621,938,1141,1432,1311,1001,505,102,7681
5081,0,38,146,89,103,91,87,33,18,600,0,16,109,82,86,85,59,21,14,468,0,11,82,103,94,116,32,25,5,468,0,3,69,75,89,71,41,7,4,352,0,3,80,146,173,118,64,19,7,610,0,5,25,121,206,155,67,34,23,641,40,40,86,80,72,78,61,52,33,554,591,649,1131,1066,1220,1265,974,624,352,7870
5082,3,73,296,224,210,179,79,16,8,1093,4,26,205,150,176,144,40,8,3,751,0,17,189,177,193,147,38,3,0,763,0,4,104,134,138,123,24,5,4,534,0,0,113,257,232,153,27,4,0,797,0,0,37,119,150,98,27,6,0,447,49,67,153,106,147,123,83,54,40,819,796,1237,2358,2011,2086,1888,1075,628,338,12425
5083,0,26,199,126,102,86,29,9,9,587,0,20,127,90,75,70,11,3,0,396,0,7,98,86,100,63,7,0,0,361,0,3,71,79,62,48,9,0,0,273,0,3,46,99,104,71,13,0,3,334,0,0,16,43,34,18,3,0,0,126,19,21,60,48,47,48,29,19,36,322,372,529,1275,1068,961,914,540,305,223,6187
5084,0,38,164,121,84,53,24,5,0,481,0,11,109,72,62,38,3,0,4,295,0,5,60,50,49,31,7,3,0,207,0,0,34,38,35,19,3,0,0,122,0,0,28,40,30,6,0,0,0,103,0,0,11,16,8,10,4,0,0,54,62,64,151,146,116,93,58,52,21,762,596,857,1848,1467,1238,1024,631,381,218,8259
5085,3,69,506,346,219,167,42,13,9,1372,0,24,363,245,154,98,25,0,4,912,0,17,289,248,139,72,9,0,0,774,0,3,182,175,93,61,9,3,3,529,0,0,136,183,111,55,8,0,0,492,0,0,37,76,52,15,3,0,3,191,82,181,508,402,259,149,120,106,81,1896,1029,1409,4240,3180,2157,1737,1231,761,509,16259
5086,0,55,358,284,262,164,44,14,3,1186,0,16,245,201,161,102,22,4,3,763,0,3,188,196,124,87,18,0,4,621,0,0,99,111,95,59,15,0,0,388,0,0,95,140,118,55,4,4,3,416,3,4,22,49,34,21,14,3,0,143,55,35,156,135,109,112,113,84,43,834,894,1026,2791,2373,2017,1755,1314,732,352,13258
5087,0,40,273,203,151,93,34,14,3,824,0,8,246,146,94,53,14,0,0,562,0,3,152,137,90,60,14,0,0,465,0,0,82,100,52,41,11,4,0,289,0,0,69,109,52,52,3,0,0,293,0,0,14,26,33,15,10,5,0,97,38,32,98,93,73,72,78,93,76,669,537,773,2259,1665,1290,1132,887,677,292,9508
5088,0,7,77,63,46,47,9,3,0,258,0,3,51,36,19,18,0,0,0,131,0,0,24,29,13,9,3,0,0,86,0,0,22,17,15,12,0,0,0,66,0,0,12,12,8,3,0,0,0,37,0,0,0,3,8,0,0,0,0,9,8,8,30,26,24,24,18,24,9,175,151,211,545,474,422,387,293,199,52,2727
5089,0,24,116,104,129,116,59,13,3,565,0,6,92,68,83,75,31,4,0,360,0,0,65,68,90,70,18,0,0,311,0,0,29,71,70,58,24,3,0,247,0,0,40,85,113,67,13,4,0,326,0,0,7,25,42,15,10,3,0,113,25,21,34,37,29,31,23,20,11,225,438,356,741,818,1019,872,803,277,64,5402
5090,0,30,148,131,116,96,51,14,16,596,0,9,81,91,71,67,22,11,3,349,0,0,69,61,61,32,13,0,0,247,0,5,31,51,46,35,4,0,0,171,0,0,28,41,47,28,10,0,0,146,0,0,3,5,14,5,0,0,3,35,22,22,37,32,52,33,73,87,122,480,400,355,913,870,906,873,985,800,668,6771
5091,0,29,130,113,145,96,65,15,3,590,0,18,102,99,92,63,25,8,0,403,0,3,73,108,103,51,20,3,3,357,0,0,52,59,65,44,13,3,0,240,0,0,25,72,81,57,9,3,0,252,0,0,4,26,28,12,3,5,0,79,35,17,48,59,57,41,78,41,13,381,496,379,872,997,1055,867,991,463,111,6234
5092,0,81,338,346,324,250,80,21,11,1446,0,32,239,224,182,150,44,4,4,874,0,6,160,185,150,122,24,7,0,652,0,3,50,117,91,73,14,0,0,346,0,6,63,135,105,97,18,0,0,424,0,0,13,17,30,20,4,0,3,84,57,46,142,110,103,94,98,98,47,788,1002,1104,2506,2405,2171,2208,1823,956,301,14481
5093,0,38,175,168,147,110,40,12,3,699,0,6,101,108,94,56,23,3,0,388,0,3,67,96,73,39,12,3,0,282,0,3,19,62,40,32,0,0,0,155,0,4,31,51,39,25,5,0,0,150,0,0,0,6,11,3,3,0,0,23,30,21,51,49,40,50,91,57,32,427,562,520,1204,1226,1127,922,1210,519,157,7443
5094,0,4,10,20,11,3,0,0,0,53,0,0,4,3,0,5,3,0,0,21,0,0,4,5,3,0,0,0,0,15,0,0,0,3,3,3,0,0,0,9,0,0,3,3,0,0,0,0,0,7,3,0,0,0,0,0,0,0,0,3,8,4,8,3,7,10,8,0,0,55,64,67,127,115,119,88,122,52,15,762
5095,3,123,518,373,316,184,40,4,0,1568,0,76,296,269,192,114,26,0,0,973,0,22,287,286,189,124,14,3,0,924,0,5,154,172,131,77,8,0,0,541,0,3,120,263,187,90,14,0,0,670,0,4,33,72,85,36,11,3,0,246,85,86,289,155,156,104,87,50,31,1042,1238,1826,3957,3116,2548,1955,1183,582,218,16635
5096,3,55,279,233,210,182,50,7,0,1012,0,24,142,157,147,70,25,0,0,563,0,13,96,126,110,62,11,6,0,426,0,3,38,55,75,34,10,0,0,225,0,4,36,76,100,52,7,3,0,276,0,0,3,17,33,12,6,3,0,78,56,48,115,90,107,96,71,68,17,663,856,908,1842,1753,1849,1648,1136,647,192,10832
5097,0,57,274,236,240,197,83,16,6,1109,0,30,210,169,202,148,40,3,3,797,0,14,132,144,146,120,20,4,0,578,0,3,61,84,100,71,6,0,0,328,0,6,39,109,97,73,14,0,3,345,0,0,11,11,37,25,5,6,4,97,53,26,64,74,81,97,82,57,54,587,786,760,1734,1727,1770,1810,1474,785,410,11266
5098,0,37,183,242,181,134,39,10,5,829,0,5,117,148,109,83,21,7,0,487,0,7,85,109,89,59,6,0,0,356,0,3,44,88,49,33,8,0,0,237,0,4,23,82,57,28,5,0,3,204,0,0,3,20,17,8,0,0,0,47,47,38,78,86,68,83,110,67,41,629,674,682,1510,1742,1503,1300,1595,732,345,10095
5106,0,0,0,0,0,0,0,0,0,4,0,0,0,0,0,0,0,0,0,0,0,0,0,0,0,0,0,0,0,0,0,0,0,0,0,0,0,0,0,0,0,0,0,0,0,0,0,0,0,0,0,0,0,0,0,0,0,0,0,0,0,0,0,0,0,5,12,10,22,52,11,34,55,4,0,10,23,25,50,201
5107,3,47,312,276,283,167,34,9,3,1126,0,21,190,158,144,77,18,0,0,611,0,9,90,114,73,48,6,3,0,336,0,0,49,57,51,32,3,3,0,193,0,3,29,42,45,24,4,0,0,158,4,0,14,8,6,10,3,3,0,51,102,51,141,106,134,103,90,69,23,820,1129,1166,2588,2240,2272,1913,1370,696,212,13579
5108,3,143,696,564,611,465,74,22,4,2587,0,54,335,331,284,201,42,3,4,1255,0,16,171,172,213,135,21,3,3,735,0,6,81,112,109,75,15,0,0,397,0,3,53,84,98,66,11,3,0,315,0,4,22,29,24,22,6,3,0,112,207,196,443,337,350,286,247,202,114,2382,2669,3033,6282,5190,5400,4578,2890,1592,531,32164
5109,8,82,363,333,372,264,79,31,6,1534,0,24,175,212,203,157,23,3,3,799,0,14,127,161,149,139,16,0,3,606,0,4,60,85,110,69,12,0,0,345,0,3,37,88,100,75,9,3,0,309,3,0,8,19,32,19,9,3,0,91,96,71,183,130,132,158,134,113,58,1088,1321,1341,2734,2604,2782,2614,2025,1173,411,17010
5110,0,30,187,174,139,75,18,3,0,620,0,16,107,86,72,50,6,0,0,341,0,11,66,45,48,24,0,0,0,189,0,0,25,44,25,21,0,0,0,110,0,3,22,29,24,19,0,0,0,92,0,3,3,10,5,7,0,0,0,25,61,55,93,101,93,78,57,59,29,618,524,617,1420,1237,1104,949,613,353,106,6925
5111,11,41,24,3,0,0,0,0,0,77,0,25,15,0,0,0,0,0,0,46,0,4,0,4,3,0,0,0,0,14,0,0,0,3,3,0,0,0,0,4,0,0,0,0,0,0,0,0,0,3,0,0,0,0,0,0,0,0,0,0,5,16,6,3,0,0,0,0,0,35,42,131,70,15,11,3,3,0,0,272
5112,0,49,238,206,251,208,46,20,10,1031,3,16,134,110,126,85,17,6,4,499,0,9,58,81,83,82,8,3,0,316,0,4,26,54,66,29,3,0,0,185,0,0,17,43,65,40,4,0,0,171,6,4,16,18,20,12,9,3,0,81,157,132,217,217,253,193,170,176,84,1593,1305,1343,2496,2299,2628,2234,1566,1210,551,15643
5113,0,40,203,151,161,114,34,12,5,715,0,23,84,50,84,44,13,3,0,298,0,7,36,28,37,25,3,0,0,130,0,3,21,15,15,19,3,0,0,77,0,4,7,9,15,8,0,0,0,49,3,0,13,13,13,6,13,0,3,71,167,165,306,219,241,199,176,160,51,1692,1205,1458,2838,2033,2261,1996,1418,1034,367,14612
5114,10,176,714,549,578,392,57,11,10,2486,0,74,428,355,340,187,33,0,0,1415,0,25,274,223,253,139,22,5,0,940,0,6,114,160,194,85,9,0,0,567,0,3,80,145,176,109,10,3,0,530,0,3,16,33,63,32,0,10,0,166,193,170,364,243,262,206,165,110,88,1802,2411,2696,5454,4212,4451,3355,1888,870,355,25693
5115,5,88,327,151,126,68,7,3,0,777,0,26,183,89,64,41,9,0,3,420,0,12,104,78,46,30,5,0,0,274,0,3,51,39,32,7,4,0,0,133,0,0,25,23,24,20,0,0,0,91,0,7,8,6,4,9,3,0,0,29,60,60,151,89,73,68,49,13,5,566,640,987,2226,1240,1032,788,437,166,35,7544
5116,3,51,185,127,165,112,30,12,12,690,0,19,107,100,89,87,15,7,0,417,0,4,78,66,74,52,6,0,0,284,0,6,35,68,51,38,9,0,0,199,0,0,33,72,61,31,6,0,0,202,0,0,12,12,10,9,0,4,5,55,48,34,76,67,58,70,77,76,61,550,646,612,1240,1055,1127,1081,898,656,238,7545
5117,0,15,34,75,74,39,10,0,0,248,0,0,30,56,49,24,4,0,0,171,0,0,20,31,41,19,0,0,0,106,0,0,20,31,27,12,0,0,0,88,0,0,10,47,34,3,3,0,0,96,0,0,3,7,7,0,0,0,0,19,15,6,19,25,21,16,20,8,4,127,226,173,284,450,492,270,206,96,24,2226
5118,3,91,249,275,333,278,86,21,12,1340,0,24,188,184,254,153,34,11,0,862,0,7,129,172,222,143,33,3,4,712,0,5,75,131,161,108,13,0,0,500,0,3,72,157,211,134,13,0,0,592,4,0,25,31,48,45,13,8,0,179,103,68,104,134,200,174,132,124,60,1099,1242,1157,1943,2187,2826,2503,1747,1045,461,15105
5120,0,14,36,34,31,23,0,3,0,140,0,4,14,21,8,15,3,0,0,67,0,0,12,17,11,11,0,0,0,50,0,0,7,10,8,7,0,0,0,38,0,0,4,16,8,4,0,0,0,32,0,0,0,7,7,0,0,0,0,16,6,8,23,24,23,30,12,14,0,146,90,123,241,285,273,288,166,86,16,1569
5121,0,15,30,16,26,25,3,5,0,117,0,6,19,11,17,10,0,0,0,63,0,5,8,9,14,12,3,0,0,45,0,0,0,6,9,0,0,0,0,20,0,0,0,9,7,3,0,0,0,24,0,0,0,3,0,0,0,0,0,9,6,4,10,8,11,11,13,13,0,80,76,144,204,151,207,238,208,153,26,1403
5125,3,102,321,324,420,286,83,14,0,1558,0,44,196,265,288,180,42,3,0,1022,0,8,182,249,270,136,29,3,0,873,0,3,109,188,213,117,17,0,0,653,0,3,93,265,347,183,22,3,0,908,0,0,16,69,117,72,11,3,3,287,62,48,83,97,134,102,102,99,81,816,1427,1198,1997,2586,3187,2459,1639,818,218,15524
5126,0,31,161,137,137,105,45,17,0,631,0,17,104,103,99,71,20,5,0,416,0,6,81,86,86,63,12,0,0,337,0,3,57,64,65,32,11,0,0,234,0,3,35,85,71,24,12,0,0,225,0,0,4,13,14,15,4,0,0,53,21,17,32,58,40,37,42,20,9,269,415,437,933,1013,952,923,768,302,68,5802
5127,3,36,146,125,156,154,48,3,0,668,3,19,110,110,123,94,22,0,0,479,0,4,78,85,98,96,7,0,0,375,0,3,41,50,82,66,9,0,0,249,0,3,24,74,112,74,7,0,0,294,0,0,3,11,25,24,4,0,0,75,28,22,28,28,50,36,41,18,8,253,570,509,867,913,1258,1227,757,277,96,6475
5131,0,7,11,13,27,17,8,0,0,81,0,3,8,11,20,14,3,0,0,50,0,0,0,12,13,17,3,0,0,50,0,0,0,13,13,10,0,0,0,33,0,0,4,11,20,10,0,0,0,37,0,0,3,6,6,5,0,0,0,19,12,5,3,9,7,18,14,3,0,68,66,66,57,108,183,178,125,48,4,825
5132,0,0,3,5,12,7,8,0,0,31,0,3,8,4,6,5,0,0,0,23,0,0,0,12,0,3,3,0,0,18,0,0,0,3,0,0,0,0,0,10,0,0,0,3,8,3,0,0,0,24,0,0,0,4,5,3,3,0,0,13,4,0,0,3,0,3,6,3,0,18,22,18,24,57,71,55,75,15,3,344
5133,0,3,3,3,5,3,0,4,0,25,0,0,0,0,3,3,3,0,0,15,0,0,0,9,7,0,0,0,0,15,0,0,4,6,0,9,0,0,0,22,0,0,0,7,6,5,0,0,0,19,0,0,0,0,5,3,0,0,0,14,0,3,4,6,6,0,9,0,0,29,32,27,23,43,68,61,57,15,6,321
5134,0,0,0,8,6,9,3,0,0,27,0,0,3,7,4,3,3,0,0,27,0,0,0,0,6,3,0,0,0,15,0,0,0,6,0,3,0,0,0,8,0,0,0,3,15,3,0,0,0,22,0,0,0,0,4,3,0,0,0,15,5,0,0,4,5,4,6,0,0,29,34,14,19,58,67,73,51,28,5,352
5136,0,0,8,6,8,12,3,0,0,37,0,0,0,3,8,3,3,0,0,22,0,0,0,3,13,4,3,0,0,19,0,0,0,7,7,3,0,0,0,19,0,0,3,8,17,3,0,0,0,24,0,0,0,0,7,0,0,0,0,12,5,0,8,3,8,3,5,0,0,31,39,23,50,59,109,70,55,15,4,418
5137,0,0,6,7,10,11,8,0,0,45,0,0,9,5,7,6,0,0,0,29,0,0,4,5,4,10,0,0,0,26,0,0,0,3,0,3,3,0,0,10,0,0,4,5,9,13,5,0,0,32,0,0,0,6,7,6,4,0,0,24,11,6,3,3,9,11,8,0,0,36,43,41,47,54,81,107,75,18,12,480
5138,0,0,3,6,4,4,3,0,0,26,0,0,0,0,3,3,0,0,0,8,0,0,0,4,0,6,0,0,0,11,0,0,0,4,13,5,0,0,0,25,0,0,0,7,4,3,0,0,0,20,0,0,0,0,6,0,0,0,0,4,0,0,0,0,0,3,3,0,0,8,17,13,19,33,54,49,29,12,3,241
5139,0,3,0,4,4,6,0,0,0,15,0,0,3,0,3,0,3,0,0,8,0,0,0,0,7,4,0,0,0,14,0,0,0,0,8,4,0,0,0,13,0,0,0,0,3,4,0,0,0,12,0,0,0,0,3,0,0,0,0,3,0,0,0,0,0,3,0,7,0,17,14,6,24,20,41,43,27,14,3,189
5140,0,0,8,5,8,6,5,0,0,33,0,0,6,7,7,3,0,0,0,31,0,0,8,13,6,3,3,0,0,30,0,0,3,12,11,4,0,0,0,27,0,0,5,6,3,3,5,0,0,24,0,0,0,6,9,3,0,0,0,15,3,0,3,0,3,0,0,0,0,10,38,12,39,76,66,44,45,3,0,328
5141,0,0,9,10,7,17,8,0,0,52,0,0,6,11,5,10,4,0,0,35,0,0,0,11,8,9,0,0,0,25,0,0,5,7,8,12,3,0,0,26,0,0,0,13,17,11,4,0,0,42,0,0,0,8,11,4,0,0,0,20,10,3,3,6,10,0,7,0,0,37,51,32,54,90,101,122,72,14,6,547
5142,0,3,6,6,8,14,4,0,0,45,0,0,4,5,6,3,3,0,0,27,0,0,5,6,4,3,0,0,0,20,0,0,4,4,3,6,0,0,0,16,0,0,5,9,9,6,0,0,0,28,0,0,0,3,6,7,4,0,0,18,0,0,9,0,4,4,0,9,3,23,21,33,58,64,76,96,50,41,25,462
5144,0,3,3,6,11,6,3,0,0,27,0,0,3,5,3,7,4,0,0,26,0,0,0,3,3,7,0,0,0,15,0,0,0,0,8,6,3,0,0,16,0,0,0,9,8,3,0,0,0,20,0,0,0,6,6,12,0,0,0,26,0,0,0,3,8,7,3,0,0,24,27,31,23,43,74,100,59,20,4,365
5150,0,0,0,3,0,0,0,0,0,5,0,0,0,0,3,0,0,0,0,4,0,0,0,0,0,0,0,0,0,0,0,0,0,0,0,0,0,0,0,0,0,0,0,0,0,0,0,0,0,0,0,0,0,0,0,3,0,0,0,4,0,0,0,0,0,7,5,0,0,11,0,3,4,7,8,11,8,5,0,49
5151,0,0,4,3,11,9,6,4,0,36,0,3,3,3,4,0,0,0,0,21,0,0,3,5,5,3,3,0,0,18,0,0,3,0,5,3,0,0,0,12,0,0,0,9,8,5,0,0,0,28,0,0,0,5,11,3,4,0,0,18,4,0,3,3,3,0,3,0,0,19,33,19,32,32,72,57,38,12,8,296
5152,0,13,40,62,83,77,60,16,0,353,0,6,48,50,78,67,47,10,6,313,0,0,44,75,93,76,36,3,0,324,0,0,22,73,89,64,34,3,4,293,0,0,36,111,139,82,24,6,3,403,0,0,16,104,119,83,47,8,4,377,22,9,21,42,46,49,41,25,8,262,355,255,389,790,974,880,809,311,118,4880
5153,0,15,66,77,117,148,52,17,0,503,3,3,53,77,96,82,29,3,3,341,0,5,34,60,96,76,17,4,0,293,0,0,36,37,67,55,10,0,0,208,0,0,18,63,110,81,14,0,3,296,0,0,11,54,84,63,24,5,0,242,50,15,36,35,70,78,57,21,14,370,486,323,517,748,1142,1105,669,197,85,5266
5154,0,9,20,34,54,51,50,11,0,226,0,5,13,36,40,53,28,4,0,180,0,0,13,47,52,44,19,3,0,179,0,0,7,32,48,36,9,3,0,127,0,0,10,61,59,68,18,3,0,212,0,0,6,48,61,50,22,3,0,192,13,3,8,25,20,33,23,18,15,161,232,139,156,435,512,552,468,135,54,2668
5155,0,7,60,69,73,61,20,0,0,307,0,3,39,53,56,46,26,3,0,228,0,0,43,48,48,43,11,0,0,200,0,3,20,55,40,28,6,0,0,151,0,0,22,68,67,47,11,0,0,216,0,0,7,25,29,19,3,3,0,85,12,8,19,25,23,35,21,4,4,144,215,153,394,605,574,561,349,120,42,3015
5156,0,4,6,10,14,22,6,0,0,63,0,0,8,10,12,21,3,0,0,58,0,0,7,15,15,13,5,0,0,63,0,0,3,11,10,14,3,0,0,37,0,0,6,23,11,17,0,0,0,64,0,0,0,3,5,5,3,0,0,22,4,0,3,0,8,9,7,4,0,37,63,54,71,126,144,170,108,28,9,771
5157,0,14,23,37,70,72,30,6,0,248,0,0,18,39,45,28,8,0,0,144,0,0,7,37,44,41,11,0,0,134,0,0,8,20,21,26,13,0,0,93,0,0,6,21,44,31,8,0,0,116,0,0,0,16,35,23,5,3,0,87,27,9,7,24,21,36,38,6,5,178,202,159,155,335,512,544,411,99,23,2432
5158,3,99,497,519,562,422,117,14,7,2236,0,38,328,372,382,289,54,6,3,1476,0,11,273,313,312,257,37,3,0,1214,0,3,128,209,200,159,20,4,3,722,0,3,108,260,273,181,18,3,0,839,0,8,24,60,62,52,7,3,0,210,71,67,124,103,144,161,102,55,29,862,1598,1469,3122,3503,3568,3648,2043,759,308,20027
5159,4,136,570,539,651,559,238,40,11,2759,0,54,336,494,435,365,108,14,0,1801,0,10,270,405,445,326,56,6,3,1525,0,0,128,268,302,232,39,3,3,979,0,7,142,321,413,264,48,4,6,1210,0,0,32,95,133,103,20,5,3,396,96,68,139,178,202,181,158,110,56,1182,2239,1930,3644,4262,4720,4792,3393,1435,693,27099
5160,0,0,0,0,0,0,0,0,0,0,0,0,0,0,0,0,0,0,0,0,0,0,0,0,0,0,0,0,0,3,0,0,0,0,0,0,0,0,0,0,0,0,0,0,0,0,0,0,0,0,0,0,0,0,0,0,0,0,0,0,0,0,0,0,0,0,0,0,0,3,3,0,0,3,6,3,9,0,0,24
5161,0,33,237,180,190,140,47,13,0,831,0,10,167,117,122,86,11,0,3,522,0,3,105,93,71,59,9,0,0,333,0,0,26,45,43,39,0,0,0,160,0,4,33,39,34,27,9,0,0,141,0,0,6,10,12,3,4,3,3,32,32,17,67,57,47,36,43,39,46,396,569,597,1547,1295,1233,1243,1079,536,274,8371
5162,3,137,633,576,609,448,137,24,7,2575,0,38,381,399,368,224,62,6,0,1476,0,19,217,268,290,177,33,3,0,1017,0,8,98,164,165,101,19,0,0,556,0,5,89,155,163,88,14,3,0,513,0,6,11,32,34,24,12,3,3,119,137,126,246,229,252,243,283,205,192,1910,2161,2183,4560,4294,4566,4193,3686,1754,687,28069
5163,0,43,245,209,208,186,52,10,13,963,0,15,114,127,130,99,16,4,0,499,0,3,55,100,78,70,4,0,0,311,0,0,23,55,54,38,6,0,0,177,0,0,23,41,59,39,10,0,0,177,0,0,4,3,16,26,6,0,0,60,63,59,83,100,116,131,118,76,68,800,852,893,1816,1764,1874,1937,1525,590,301,11543
5164,0,17,59,60,63,23,12,3,3,241,0,9,31,25,26,14,5,0,0,102,0,0,23,20,19,13,0,0,0,71,0,0,7,11,8,3,0,0,0,30,0,0,6,13,5,4,4,0,0,32,3,3,3,0,10,3,3,0,0,25,44,35,58,69,57,70,82,65,19,503,344,329,664,651,623,595,634,324,141,4311
5165,5,28,77,61,70,55,19,6,0,325,0,12,50,36,37,23,3,0,0,170,0,0,24,34,45,20,0,0,0,130,0,0,20,11,31,14,3,0,0,81,0,0,15,15,24,13,3,0,0,71,4,0,5,9,13,9,3,0,0,37,35,40,70,72,71,66,70,78,71,574,300,416,700,620,696,617,531,400,198,4463
5166,0,13,23,19,27,36,9,0,0,128,0,0,13,11,13,15,0,0,0,59,0,3,11,7,8,5,5,0,0,43,0,0,0,3,3,3,0,0,0,15,0,0,0,5,7,3,0,0,0,14,0,0,0,0,3,4,0,0,0,11,11,5,20,14,17,20,26,20,3,126,94,124,236,211,245,261,279,113,18,1580
5167,0,22,78,109,105,86,14,3,3,419,0,6,58,67,79,52,7,3,0,271,0,6,39,54,58,45,4,0,0,203,0,0,15,44,34,43,0,0,0,135,0,0,16,50,39,34,4,0,0,142,0,0,0,16,4,5,3,4,0,36,18,15,43,75,48,54,65,71,72,461,328,305,628,790,802,791,622,333,152,4746
5168,0,18,116,83,78,71,23,3,4,391,0,12,61,39,61,35,3,0,0,213,0,3,37,48,25,28,0,0,0,144,0,3,22,24,30,11,3,0,0,89,0,0,14,32,24,17,3,0,0,96,0,0,7,8,6,3,3,0,0,28,21,29,61,50,43,43,60,20,8,329,287,371,805,709,715,713,549,208,58,4420
5169,3,83,383,280,312,195,45,12,5,1325,0,22,217,224,191,105,14,3,0,779,0,7,134,168,118,93,21,3,3,541,0,7,67,117,95,61,7,0,0,355,0,3,77,95,101,55,5,0,0,335,0,0,13,25,36,22,3,3,3,104,86,65,162,138,148,119,104,76,36,936,1026,1126,2519,2297,2111,1829,1398,730,358,13400
5170,0,0,19,24,23,20,4,4,3,95,0,0,15,9,8,13,0,3,0,53,0,0,3,16,10,8,0,0,0,37,0,0,3,9,3,8,3,0,0,21,0,0,3,9,6,6,0,3,0,30,0,0,0,0,0,3,0,0,0,10,10,3,10,3,13,15,4,15,0,73,70,49,132,151,192,183,96,67,19,966
5171,0,11,53,102,116,94,38,16,6,449,0,9,45,64,93,56,20,3,0,287,0,0,28,61,76,54,16,11,0,247,0,0,18,45,55,29,12,0,0,154,0,0,10,61,68,42,6,3,0,192,0,0,0,25,23,14,13,0,3,88,32,13,18,47,38,65,61,52,63,389,371,252,393,728,905,840,787,426,216,4916
5172,0,9,29,56,69,64,17,11,4,266,0,6,21,58,54,43,14,3,0,209,0,0,16,47,41,39,13,4,0,160,0,0,5,22,43,31,14,0,3,117,0,0,16,31,57,28,3,0,0,139,0,0,8,11,18,21,6,3,0,72,34,11,28,29,48,39,28,20,9,239,281,184,266,526,629,620,426,219,56,3222
5173,3,39,214,208,199,129,50,12,4,855,0,11,119,130,115,56,17,4,0,454,0,6,83,119,94,50,11,3,0,362,0,0,48,65,53,35,10,0,0,217,0,0,37,58,60,29,11,3,0,196,3,0,13,31,20,19,10,5,3,103,119,55,141,137,150,129,118,74,51,974,818,674,1637,1712,1682,1392,1150,554,207,9829
5174,0,8,44,51,56,32,9,5,0,207,0,3,30,29,34,23,0,0,0,114,0,0,23,23,28,19,3,0,0,94,0,0,6,10,15,10,3,0,0,42,0,0,6,19,22,7,8,0,0,57,0,0,3,3,0,4,0,0,0,12,26,15,36,31,34,37,21,7,0,210,197,155,378,375,479,392,281,83,21,2353
5201,0,4,29,28,45,36,7,0,0,152,0,3,23,15,19,27,12,0,0,102,0,0,16,16,22,19,3,0,0,75,0,0,8,9,15,19,0,0,0,53,0,3,17,16,32,22,4,0,0,88,0,0,3,5,5,14,0,3,0,29,24,10,13,20,24,22,11,4,3,137,137,107,215,233,332,322,183,56,18,1595
5202,0,3,10,14,18,13,3,0,0,59,0,0,4,6,12,15,0,0,0,41,0,0,5,5,5,9,0,0,0,32,0,0,0,5,5,4,0,0,0,11,0,0,3,4,6,4,0,0,0,25,0,0,0,0,7,3,0,0,0,6,0,7,10,0,12,12,10,3,3,58,50,39,104,101,145,136,81,32,18,705
5203,0,0,5,12,19,23,4,0,0,70,0,0,8,12,11,3,7,3,0,42,0,0,3,8,6,6,0,0,0,28,0,0,4,3,3,0,0,0,0,7,0,0,0,4,8,5,0,0,0,17,0,0,0,0,0,6,3,0,0,16,8,3,3,3,14,24,25,17,29,130,63,45,83,109,170,241,202,112,61,1084
5204,0,4,18,20,28,54,32,10,0,171,0,0,16,16,9,22,22,4,3,86,0,0,6,9,12,26,6,0,0,59,0,0,4,4,9,10,0,0,0,32,0,0,0,8,8,21,4,0,0,48,0,0,0,3,3,9,9,0,0,29,12,3,8,18,24,46,57,26,9,212,97,78,161,229,332,639,652,249,61,2486
5210,0,4,12,25,27,25,9,3,0,102,0,0,11,26,17,21,7,0,0,77,0,0,8,18,17,16,0,0,0,60,0,0,7,17,3,3,0,0,0,36,0,0,3,10,17,9,0,0,0,39,0,0,0,3,7,0,0,3,0,13,15,5,3,25,17,27,16,0,3,110,121,79,157,238,252,267,187,43,13,1357
5211,3,17,119,118,159,180,145,58,36,834,0,3,54,67,87,87,52,13,8,374,0,3,27,52,66,73,32,9,3,269,0,0,26,50,52,59,27,5,4,220,0,0,25,53,64,55,17,11,0,233,0,0,10,21,24,35,31,5,6,133,70,33,52,95,107,150,224,215,218,1170,666,487,1031,1306,1595,2280,3259,1835,798,13262
5212,0,5,10,20,15,28,14,15,3,104,0,0,5,12,13,10,8,3,0,51,0,0,4,7,14,11,7,5,0,44,0,0,3,9,3,9,11,0,0,30,0,0,3,4,9,11,8,0,0,32,0,0,0,0,3,0,3,0,0,17,10,4,18,17,9,23,33,51,62,219,73,57,131,171,200,319,439,317,130,1842
5213,0,0,6,11,17,14,3,3,0,60,0,0,8,8,10,13,6,0,0,43,0,0,10,13,13,9,7,0,0,52,0,0,3,14,3,8,0,0,0,24,0,0,3,14,16,5,3,0,0,40,0,0,3,0,3,8,0,0,0,13,6,4,5,15,3,4,8,9,0,57,59,46,91,150,165,204,166,76,20,964
5214,0,3,55,67,79,106,59,17,12,406,0,4,23,49,53,52,34,8,0,215,0,0,15,22,38,47,13,6,0,140,0,3,10,21,28,25,13,0,0,100,0,0,10,22,39,31,10,4,0,122,0,0,3,5,9,21,4,10,3,54,34,28,48,48,70,95,175,153,143,796,298,265,514,667,940,1397,1849,1050,390,7383
5220,0,0,0,3,0,0,3,0,0,12,0,0,0,0,3,0,0,0,0,7,0,0,0,0,0,0,0,0,0,4,0,0,0,0,0,0,0,0,0,0,0,0,0,0,0,0,0,0,0,0,0,0,0,0,0,0,0,0,0,3,0,0,6,0,8,0,0,0,3,18,5,7,29,14,24,17,19,4,9,122
5221,0,0,0,7,0,3,3,4,0,19,0,0,0,3,4,3,0,0,0,7,0,0,0,0,0,0,0,0,0,0,0,0,0,0,0,0,0,0,0,0,0,0,0,0,0,0,0,0,0,3,0,0,0,0,0,0,0,0,0,0,3,0,6,0,0,7,9,3,0,41,10,6,19,18,40,55,74,16,3,241
5222,0,0,3,0,5,11,8,0,0,33,0,0,0,3,3,3,3,0,0,14,0,0,0,5,4,3,0,0,0,18,0,0,3,3,0,3,0,3,0,13,0,0,0,0,3,4,0,0,0,7,0,0,0,0,0,0,0,0,0,0,8,7,5,6,15,5,15,13,7,71,19,12,58,57,92,115,133,51,13,547
5223,0,15,44,45,51,50,23,0,4,229,0,11,16,27,32,22,7,0,0,119,3,0,15,26,13,27,5,0,0,91,0,0,0,15,15,17,4,0,0,55,0,0,3,19,19,12,0,4,0,58,0,0,0,6,11,9,4,0,0,33,21,16,38,28,56,76,47,32,18,334,187,133,338,386,538,667,468,208,100,3018
5231,3,3,11,20,26,13,4,4,0,90,0,0,9,13,29,6,6,4,0,64,0,0,9,10,25,14,0,0,0,61,0,0,5,9,16,9,0,0,0,44,0,0,3,24,21,13,3,0,0,58,0,0,0,3,6,9,0,0,0,26,13,8,4,8,11,17,8,7,0,72,97,65,99,134,228,216,122,51,9,1028
5232,0,0,0,6,13,9,0,0,0,26,0,0,0,4,6,14,4,0,0,27,0,0,0,0,12,14,0,0,0,21,0,0,0,0,12,6,3,0,0,18,0,0,0,3,9,12,0,0,0,24,0,0,0,0,6,0,0,0,0,10,5,3,0,0,4,4,3,3,0,21,34,42,21,31,91,81,45,16,4,363
5233,0,3,22,12,33,23,7,0,0,104,0,0,11,19,18,10,5,0,0,62,0,0,7,9,27,11,8,0,0,58,0,0,8,4,19,14,0,0,0,42,0,0,7,14,19,10,0,0,3,60,0,3,0,4,10,4,0,3,0,26,19,7,7,11,16,10,11,8,11,94,101,84,131,156,257,233,168,70,47,1244
5234,0,3,6,15,27,13,8,0,0,71,0,0,3,19,21,15,4,0,0,66,0,3,5,15,15,16,3,0,0,61,0,0,6,7,13,4,0,0,0,32,0,0,9,17,13,3,0,0,0,40,0,0,3,4,9,9,0,0,0,22,18,5,6,12,22,8,9,7,0,81,110,68,88,160,240,190,121,49,15,1046
5235,0,3,25,47,37,40,25,0,3,184,0,0,9,35,31,27,8,3,0,112,0,0,12,16,23,19,7,0,0,67,0,0,3,12,17,10,6,0,0,51,0,0,5,20,19,11,8,0,0,60,0,0,0,7,12,8,4,0,0,35,14,4,12,17,34,46,25,15,11,179,134,96,150,318,399,450,355,129,35,2055
5236,0,0,0,9,4,7,0,0,0,19,0,0,0,3,6,0,0,0,0,11,0,0,0,3,3,3,0,0,0,11,0,0,0,0,3,0,0,0,0,3,0,0,0,3,0,0,0,0,0,10,0,0,0,0,3,0,0,0,0,4,4,3,0,0,9,9,8,0,0,36,22,16,15,33,73,44,37,9,3,256
5237,0,3,0,3,8,3,0,0,0,16,0,0,0,0,3,3,0,0,0,13,0,0,3,0,9,0,0,0,0,15,0,0,0,0,0,0,0,0,0,3,0,0,0,0,0,0,0,0,0,3,0,0,0,0,0,0,0,0,0,0,0,0,8,7,9,3,0,0,0,31,13,21,28,44,70,50,44,7,5,284
5238,3,5,30,45,53,51,24,6,3,215,0,5,23,13,28,33,16,3,0,122,0,0,9,20,25,15,6,0,0,74,0,0,11,7,7,11,3,0,0,34,0,0,8,12,15,13,9,0,0,60,0,0,0,3,6,6,3,0,0,27,37,19,24,20,37,80,72,44,30,358,206,152,310,356,548,727,744,361,133,3523
5240,0,0,6,11,17,5,4,0,0,44,0,0,8,6,7,11,0,0,0,30,0,0,0,5,3,3,0,0,0,11,0,0,0,4,3,3,0,0,0,12,0,0,0,7,9,9,0,0,0,22,0,0,0,3,4,0,0,0,0,5,0,0,3,0,4,4,0,0,3,19,30,15,49,58,82,90,48,22,4,407
5241,0,11,38,31,51,37,8,5,0,184,0,0,25,29,25,22,5,3,0,109,0,0,16,26,19,17,4,0,0,87,0,0,10,20,19,20,0,0,0,68,0,0,7,13,20,10,0,0,0,59,0,0,0,11,7,5,3,0,0,32,14,8,17,17,27,14,15,11,10,130,146,139,284,279,390,331,236,150,70,2033
5242,0,4,11,20,21,21,15,3,0,104,0,0,15,20,27,18,7,0,0,88,0,0,11,8,27,20,0,0,0,70,0,0,12,11,17,15,6,0,0,56,0,0,9,23,24,12,0,0,0,71,0,0,0,13,20,16,6,0,0,52,11,4,3,14,14,19,12,11,0,92,118,88,152,187,252,234,197,85,34,1346
5243,0,4,20,7,19,9,3,3,0,71,0,0,4,10,6,13,3,0,0,37,0,0,3,3,10,12,3,0,0,37,0,0,3,4,7,9,4,0,0,25,0,0,3,13,15,11,0,0,0,42,0,0,0,4,14,11,4,0,0,41,10,0,0,7,11,13,9,10,0,56,55,48,74,84,144,146,116,46,7,711
5244,3,23,66,63,78,65,14,9,0,321,0,16,47,58,69,33,7,0,0,230,0,0,21,39,55,47,13,0,0,177,0,0,14,42,38,18,9,0,0,120,0,0,20,33,44,19,3,0,0,122,0,0,0,8,14,26,12,0,0,60,35,51,46,31,38,44,40,21,17,315,297,270,383,538,645,617,459,189,102,3498
5245,0,6,22,28,37,41,22,7,0,170,0,0,27,32,40,36,15,4,0,160,0,0,15,25,44,34,15,3,3,135,0,0,11,29,31,18,6,4,0,101,0,0,13,21,41,32,7,6,0,127,0,0,12,22,24,21,0,0,5,89,22,14,17,25,25,36,40,37,58,270,190,119,210,329,405,477,401,261,187,2583
5250,0,17,45,68,74,50,37,9,0,305,0,0,26,32,51,30,14,0,0,157,0,3,29,57,51,35,6,0,0,180,0,0,17,29,43,23,3,3,0,122,0,0,15,51,56,33,7,0,0,159,0,0,10,22,28,14,3,0,0,72,21,13,16,17,24,23,22,9,3,138,258,184,308,504,543,454,349,101,29,2727
5251,0,63,270,249,212,159,84,19,4,1064,0,23,175,152,174,96,34,13,4,668,0,11,121,151,138,93,17,3,0,537,0,5,60,124,114,53,11,0,0,373,0,4,59,139,130,73,14,3,5,429,0,3,24,52,78,35,15,7,3,227,78,48,120,108,100,103,98,91,42,794,986,916,1874,1959,1868,1653,1360,710,319,11652
5252,0,28,120,130,157,94,19,3,0,543,0,21,102,96,81,52,9,3,0,365,0,5,73,87,76,39,5,0,0,287,0,0,31,43,62,29,8,0,0,173,0,0,27,62,53,27,4,0,0,180,0,0,4,16,18,12,3,0,0,54,47,14,49,62,47,57,32,19,6,341,464,375,872,967,990,734,475,147,34,5056
5253,0,74,261,216,255,191,57,29,8,1099,0,25,105,100,127,113,39,4,3,515,0,15,53,72,89,83,17,5,0,341,0,9,27,54,66,60,8,0,0,231,0,0,28,48,64,36,9,5,0,187,3,3,6,20,19,20,9,7,0,88,134,135,289,248,216,175,221,119,54,1593,1137,1308,2446,2047,2399,2208,2055,1207,483,15298
5254,0,9,30,32,36,30,9,0,0,150,0,0,27,24,24,24,3,0,0,100,0,0,16,16,13,21,6,0,0,76,0,0,5,12,11,6,6,0,0,43,0,0,6,8,14,8,3,0,0,31,0,0,3,5,3,4,0,0,0,15,29,9,14,30,38,35,15,12,0,185,175,125,246,280,405,368,245,101,24,1965
5255,0,32,106,123,164,138,55,14,0,640,0,13,63,97,111,74,26,10,0,402,0,3,38,65,81,68,17,7,0,290,0,3,19,44,63,27,7,0,0,158,0,0,30,59,78,60,13,5,0,248,0,0,11,10,24,22,13,3,0,89,66,25,62,76,92,88,93,79,71,656,585,426,842,1054,1300,1306,1215,587,224,7538
5256,0,9,10,17,24,19,5,0,0,82,0,0,5,11,10,9,3,0,0,42,0,0,0,3,5,3,0,0,0,15,0,0,3,3,8,12,0,0,0,23,0,0,0,0,4,3,3,0,0,15,0,0,0,0,3,0,3,0,0,6,8,7,16,10,12,15,30,16,3,111,55,59,115,119,184,259,269,90,20,1175
5259,0,3,15,10,14,8,6,3,0,65,0,0,8,3,8,7,4,0,0,29,0,0,7,0,3,9,0,0,0,18,0,0,0,3,0,7,0,0,0,11,0,0,4,5,5,4,3,0,0,23,0,0,0,8,3,7,3,0,0,13,9,4,13,11,21,18,38,7,0,117,66,45,114,107,187,167,173,53,8,921
5260,0,7,11,23,12,22,7,3,0,92,0,3,7,6,11,9,3,0,0,43,0,0,5,5,8,3,0,0,0,21,0,0,3,7,8,4,0,0,0,22,0,0,0,0,3,3,0,0,0,8,0,0,0,0,0,11,6,0,0,17,15,5,18,17,9,13,24,10,6,117,100,99,138,181,250,273,264,138,37,1479
5261,0,0,3,5,3,0,3,3,0,22,0,0,3,3,5,0,0,0,0,18,0,0,0,0,3,0,0,0,0,5,0,0,0,0,0,3,0,0,0,3,0,0,0,0,0,4,0,0,0,3,0,0,0,0,0,3,0,0,0,3,3,0,0,4,3,0,0,0,0,17,27,11,29,47,62,59,34,15,3,289
5262,0,0,6,9,7,11,0,0,0,37,0,0,5,3,3,7,0,0,0,11,0,0,3,0,9,0,0,0,0,17,0,0,0,0,3,0,0,0,0,8,0,0,0,0,0,3,0,0,0,8,0,0,0,0,0,3,0,0,0,5,0,0,4,0,5,4,4,4,0,31,21,11,52,41,68,75,36,14,0,326
5263,0,0,3,3,4,4,0,0,0,14,0,0,0,0,3,0,3,0,0,10,0,0,3,0,0,4,3,0,0,12,0,0,0,0,3,3,0,0,0,10,0,0,0,3,0,0,0,0,0,3,0,0,0,0,0,3,0,0,0,4,0,0,0,0,5,0,0,0,0,15,5,4,13,22,30,22,19,7,0,122
5264,0,4,5,13,18,16,8,0,0,56,0,0,7,3,3,10,4,3,0,35,0,0,6,3,5,9,3,0,0,27,0,0,3,0,4,4,3,0,0,12,0,0,0,4,5,3,0,0,0,18,0,0,3,0,3,4,0,0,0,12,8,3,12,11,15,14,24,19,7,111,43,58,121,104,155,218,199,108,45,1051
5265,0,0,3,6,8,7,3,0,0,23,0,0,0,4,5,0,0,0,0,12,0,0,0,3,0,4,0,0,0,4,0,0,0,0,3,0,0,0,0,3,0,0,0,0,4,3,0,0,0,6,0,0,0,0,0,3,0,0,0,4,5,0,3,7,10,9,0,5,0,39,22,9,54,52,64,63,42,23,3,338
5266,3,3,6,15,15,10,3,0,0,54,0,3,3,5,3,7,0,0,0,29,0,0,0,3,0,3,7,0,0,15,0,0,0,5,0,3,0,0,0,11,0,0,0,0,10,0,0,0,0,10,0,0,0,0,4,0,0,0,3,9,4,6,6,8,3,0,4,4,7,43,34,30,79,85,69,61,68,45,18,481
5267,0,7,34,37,29,36,14,3,0,168,0,0,15,12,11,16,3,0,0,63,0,0,10,11,13,18,0,0,0,53,0,0,0,3,13,5,0,0,0,31,0,0,0,9,16,6,0,0,0,30,0,0,0,5,3,0,6,0,0,22,16,8,24,13,15,35,25,9,3,153,116,79,199,275,237,293,204,83,53,1538
5268,0,9,56,41,50,50,16,5,3,232,0,10,26,25,36,26,9,0,0,124,0,3,17,22,27,24,3,0,0,90,0,0,5,10,14,3,6,0,0,40,0,0,6,14,16,7,4,3,0,46,0,0,4,9,10,8,0,3,0,38,24,19,42,32,66,29,38,42,62,353,232,199,444,405,538,402,337,230,142,2920
5269,0,0,0,3,3,4,0,0,0,14,0,0,0,0,3,0,0,0,0,4,0,0,0,0,0,0,0,0,0,3,0,0,0,0,0,0,0,0,0,5,0,0,0,0,0,0,0,0,0,0,0,0,0,0,0,0,0,0,0,0,0,0,0,0,8,8,9,0,0,20,15,13,16,30,45,45,28,12,0,212
5270,0,3,10,3,14,16,7,0,0,52,0,0,3,3,12,4,5,0,0,26,0,0,3,6,3,3,0,0,0,17,0,0,3,0,8,6,3,0,0,17,0,0,0,0,3,5,0,0,0,15,0,0,0,0,0,0,0,0,0,0,3,5,0,5,6,8,9,0,0,37,41,25,59,66,119,87,70,17,7,491
5271,3,41,106,132,132,114,40,8,8,585,0,7,66,67,88,57,31,3,3,332,0,0,43,43,59,39,21,3,0,199,0,3,19,21,36,19,5,0,0,107,0,0,12,32,27,38,11,4,3,124,0,3,8,19,26,16,18,10,0,99,38,26,50,51,56,72,55,49,54,452,399,392,884,984,986,927,765,437,206,5984
5272,0,0,8,8,25,24,3,0,3,72,0,6,3,11,13,14,3,0,0,50,0,0,3,5,0,5,0,0,0,20,0,0,0,0,8,0,3,0,0,14,0,0,5,5,11,4,3,0,0,24,0,0,0,5,9,0,0,0,0,17,5,0,3,8,9,6,10,0,3,48,54,31,69,87,137,141,85,31,22,648
5273,0,0,3,0,0,0,0,0,0,5,0,0,0,4,0,0,0,0,0,11,0,0,0,0,0,0,0,0,0,5,0,0,0,0,0,0,0,0,0,3,0,0,0,0,0,0,0,0,0,0,0,0,0,3,0,0,0,0,0,3,0,0,0,3,3,4,0,0,0,13,3,4,18,14,20,19,11,0,0,85
5275,0,9,23,16,26,34,11,13,3,138,0,11,11,4,15,26,10,3,0,83,0,0,12,17,12,22,5,0,0,69,0,0,8,7,13,17,5,0,0,49,0,3,10,13,14,18,8,3,0,65,0,0,4,4,11,13,9,0,0,42,11,9,22,19,21,21,31,39,30,186,110,105,237,241,277,396,371,231,70,2037
5276,0,4,14,16,28,26,8,8,0,108,0,0,8,14,9,6,6,3,0,51,0,0,6,7,12,3,4,0,0,33,0,0,5,8,4,7,4,0,0,27,0,0,7,9,9,10,3,3,0,33,0,0,0,0,0,6,4,0,0,15,4,5,3,5,24,21,21,13,3,109,39,53,103,120,176,208,186,99,40,1027
5277,3,6,44,54,50,39,19,0,0,211,0,10,15,26,37,26,14,3,0,135,0,0,11,26,25,7,3,3,0,81,0,0,3,17,19,7,4,0,0,55,0,0,10,3,6,19,6,0,0,40,0,0,0,5,13,12,3,5,3,34,7,13,16,30,26,27,40,18,9,181,147,133,268,374,427,414,356,152,75,2352
5278,0,0,3,3,18,5,0,0,0,34,0,0,7,3,10,5,0,0,0,24,0,0,0,0,3,3,0,0,0,9,0,0,0,0,3,3,3,0,0,6,0,0,0,0,6,3,0,0,0,15,0,0,0,0,0,4,0,0,0,3,0,0,3,4,15,4,4,3,0,30,30,27,41,60,97,82,60,25,0,422
5279,0,5,3,7,10,9,4,0,0,38,0,0,3,0,3,0,0,0,0,7,0,0,3,3,3,6,5,0,0,17,0,0,0,0,3,0,0,0,0,3,0,0,4,4,0,0,0,0,0,8,0,0,0,0,0,4,0,0,0,4,6,0,0,7,4,16,8,3,3,43,33,11,39,68,67,102,72,31,4,426
5280,0,26,55,92,93,71,30,12,5,380,0,9,42,48,67,53,24,0,0,238,0,0,33,43,61,69,9,0,3,211,0,0,18,40,48,42,13,7,0,160,0,0,27,42,51,56,16,4,4,198,0,0,12,11,20,19,15,4,3,89,50,33,53,51,103,98,102,81,79,636,429,342,628,784,1076,1180,938,492,241,6107
5290,4,118,373,393,425,333,116,42,14,1814,3,43,240,221,259,209,51,9,0,1030,0,22,143,172,201,146,23,11,0,724,0,3,78,112,148,75,17,3,3,438,0,0,79,125,143,99,22,17,8,490,0,5,20,39,52,43,25,9,6,201,133,87,190,192,233,216,285,235,135,1714,1609,1476,3096,2967,3360,3202,2552,1555,692,20495
5291,3,16,102,137,189,157,44,17,3,666,0,11,55,91,134,85,18,6,3,397,0,7,52,105,87,52,13,4,7,324,0,3,27,55,59,62,15,0,0,215,0,0,31,66,97,49,23,7,3,270,0,3,6,29,36,48,17,0,0,152,71,57,172,188,201,149,126,55,30,1050,597,374,882,1226,1570,1349,916,334,121,7364
5301,0,0,7,11,11,8,0,0,0,34,0,0,0,3,4,5,0,0,0,12,0,0,0,4,8,6,0,0,0,11,0,0,5,3,0,0,0,0,0,10,0,0,0,3,9,0,3,0,0,14,0,0,0,0,0,0,0,0,0,3,6,0,4,3,4,10,6,5,0,42,29,12,50,61,83,122,67,29,0,455
5302,0,0,8,16,17,16,9,0,0,67,0,0,15,5,7,3,4,0,0,37,0,0,5,3,5,7,3,0,0,21,0,0,3,4,3,6,0,0,0,18,0,0,0,3,8,3,3,0,0,19,0,0,0,4,4,3,0,0,0,12,6,0,14,7,9,8,18,14,10,84,40,14,86,104,115,116,123,78,29,708
5303,0,0,3,3,3,4,3,0,0,18,0,0,7,0,3,0,0,0,0,5,0,0,0,3,0,0,0,0,0,7,0,0,0,0,0,0,0,0,0,3,0,0,0,0,0,0,0,0,0,0,0,0,0,0,0,0,0,0,0,0,0,0,0,8,0,5,0,0,0,17,12,8,28,34,33,21,17,10,3,167
5304,0,5,6,10,5,18,5,0,0,49,0,3,4,4,11,13,3,0,0,40,0,0,5,11,14,4,0,0,0,36,0,0,0,3,5,0,3,0,0,13,0,0,0,3,5,0,0,3,0,17,3,0,0,3,0,0,0,0,0,10,8,4,5,4,8,6,3,7,0,57,31,38,93,84,115,116,85,44,29,645
5306,0,0,0,0,4,0,0,0,0,6,0,0,0,0,0,0,0,0,0,0,0,0,0,3,0,0,0,0,0,5,0,0,0,0,0,0,0,0,0,0,0,0,0,0,0,0,0,0,0,0,0,0,0,0,0,0,0,0,0,0,0,0,0,0,0,0,0,0,0,0,4,3,3,6,12,13,13,0,0,57
5307,0,0,3,3,12,3,3,0,0,24,0,3,5,0,0,0,0,0,0,9,0,0,3,0,0,0,0,0,0,6,0,0,0,0,0,3,0,0,0,3,0,0,0,3,0,0,3,0,0,10,0,0,0,3,3,0,0,0,0,9,3,3,0,3,3,7,11,7,3,43,28,21,36,51,73,85,80,60,39,476
5308,0,0,0,4,0,0,0,0,0,9,0,0,0,0,3,0,0,0,0,4,0,0,0,0,0,0,0,0,0,0,0,0,0,0,0,0,0,0,0,0,0,0,0,0,0,0,0,0,0,0,0,0,0,0,0,0,0,0,0,0,0,0,0,0,0,3,0,0,0,4,7,3,13,26,30,21,17,4,0,112
5309,0,0,0,0,0,3,0,0,0,7,0,0,0,0,3,0,0,0,0,4,0,0,0,0,0,0,0,0,0,4,0,0,0,0,0,0,0,0,0,3,0,0,0,0,0,0,0,0,0,0,0,0,0,0,0,0,0,0,0,0,0,0,0,3,0,4,3,0,0,18,12,3,14,19,26,24,29,7,0,133
5310,0,0,0,0,3,0,0,0,0,4,0,0,0,0,0,0,0,0,0,0,0,0,0,0,0,0,0,0,0,0,0,0,0,0,0,0,0,0,0,0,0,0,0,0,0,0,0,0,0,4,0,0,0,0,0,0,0,0,0,0,0,3,0,0,3,0,0,0,0,4,3,5,3,7,11,10,11,4,0,54
5311,0,0,3,9,16,5,0,0,0,33,0,0,3,3,8,0,0,0,0,12,0,0,0,0,0,5,0,0,0,3,0,0,0,0,3,4,0,0,0,10,0,0,0,0,0,0,0,0,0,0,0,0,0,0,3,0,0,0,0,10,4,0,0,0,11,3,0,3,0,26,35,25,34,33,86,71,41,15,0,346
5320,0,0,3,15,9,9,0,0,0,43,0,0,3,0,6,3,0,0,0,16,0,0,3,4,3,0,0,0,0,11,0,0,0,0,0,0,0,0,0,7,0,0,0,0,0,0,5,0,0,7,0,0,0,0,3,0,0,0,0,3,0,0,4,0,4,11,15,0,3,39,20,9,49,57,96,142,129,61,10,577
5321,0,0,0,3,4,9,4,0,0,22,0,0,0,0,3,3,0,0,0,5,0,0,0,0,5,7,0,0,0,8,0,0,0,3,0,4,0,0,0,4,0,0,0,0,0,0,0,0,0,3,0,0,0,0,0,3,0,0,0,3,5,17,64,81,36,20,11,3,0,237,14,26,82,104,88,107,72,22,3,518
5322,0,0,9,16,23,20,4,0,0,70,0,0,12,9,10,5,5,0,0,38,0,0,3,3,10,4,0,0,0,24,0,0,3,5,4,4,0,0,0,14,0,0,0,3,3,3,3,0,0,13,0,0,0,0,0,3,0,0,0,6,4,3,3,7,23,15,23,6,3,89,65,36,97,101,157,154,166,57,10,846
5330,0,6,38,33,42,42,19,3,0,193,0,4,15,28,39,21,7,3,0,115,0,3,11,14,26,11,3,0,0,66,0,0,9,9,13,18,0,3,0,57,0,0,5,12,7,16,9,0,0,52,0,0,4,4,5,5,0,0,0,21,22,8,11,27,37,43,59,33,40,284,193,142,284,361,448,513,454,236,141,2777
5331,0,0,3,5,5,3,3,0,0,17,0,0,0,3,7,3,0,0,0,15,0,0,0,0,0,0,0,0,0,4,0,0,0,3,0,0,0,0,0,3,0,0,0,3,0,0,0,0,0,4,0,0,0,0,0,0,0,0,0,0,3,0,3,8,3,9,4,3,0,29,16,11,14,43,38,54,48,27,5,260
5332,0,0,6,4,4,10,3,0,0,31,0,0,0,0,0,0,0,0,0,5,0,0,0,4,3,3,0,0,0,10,0,0,0,0,0,0,0,0,0,3,0,0,0,0,0,4,0,0,0,4,0,0,0,0,0,0,0,0,3,5,0,0,3,3,4,8,5,6,0,36,11,9,27,48,63,80,56,22,5,325
5333,0,24,74,85,89,99,34,7,4,417,0,9,45,52,59,53,18,5,0,233,0,3,36,36,55,26,3,0,0,157,0,0,13,23,26,23,4,0,3,94,0,3,9,18,30,20,3,0,3,85,0,0,6,9,14,11,10,6,0,58,40,14,22,41,59,60,65,35,65,411,368,276,547,644,813,793,729,398,215,4772
5340,0,3,14,22,32,22,8,0,0,108,0,3,8,8,17,17,3,3,0,59,0,0,4,6,11,4,0,0,0,27,0,0,10,9,7,8,0,0,0,29,0,0,0,0,4,8,0,0,0,19,0,0,3,0,3,11,3,0,0,24,3,8,19,20,12,25,17,7,3,125,54,66,187,155,200,224,190,71,16,1182
5341,3,24,93,89,86,98,49,8,4,460,0,13,50,44,55,46,12,3,3,227,0,4,26,37,41,49,8,3,0,168,0,0,11,24,26,31,3,0,0,102,0,0,21,27,30,22,8,0,0,115,0,3,4,19,19,24,19,7,6,92,64,36,79,82,68,97,110,87,66,699,481,435,869,869,1012,1064,872,508,248,6353
5342,0,3,10,10,21,23,3,0,0,82,0,7,3,15,24,13,0,0,0,58,0,0,5,11,9,11,0,0,0,37,0,0,0,0,4,3,0,0,0,14,0,0,4,3,9,7,0,0,0,25,0,0,0,0,4,3,0,0,0,6,6,0,3,10,11,14,3,6,3,58,86,44,81,137,188,212,129,43,12,936
5343,3,37,64,40,59,54,19,7,4,292,0,3,42,45,45,31,10,0,3,171,0,0,30,25,19,26,9,0,0,114,0,0,24,21,22,15,3,0,0,77,0,3,18,22,19,20,3,0,0,79,4,0,3,18,11,13,3,0,0,52,37,28,55,45,41,72,55,32,24,382,279,262,575,527,604,694,542,320,155,3960
5344,0,0,8,14,21,17,3,0,0,76,0,0,8,11,16,3,3,0,0,38,0,0,3,6,9,3,4,0,0,27,0,0,0,3,0,4,0,0,0,9,0,0,0,3,7,3,0,0,0,16,0,0,0,0,0,4,0,0,0,4,9,0,3,17,15,22,11,3,4,81,67,31,76,127,178,144,110,43,11,797
5345,0,10,30,36,64,42,13,8,3,211,0,7,19,25,21,27,3,0,0,116,0,0,15,14,31,20,10,0,0,84,0,0,4,7,15,9,4,0,0,43,0,0,4,10,15,18,6,0,0,59,0,0,3,3,3,12,3,0,0,25,26,11,21,27,45,58,42,31,10,262,205,166,320,347,471,544,455,317,147,2974
5346,0,3,3,4,5,9,0,0,0,20,0,0,3,3,8,10,0,0,0,17,0,0,0,3,3,4,3,0,0,9,0,0,0,0,0,0,0,0,0,3,0,0,0,0,3,0,0,0,0,5,0,0,0,0,0,0,0,0,0,0,9,0,3,0,9,3,5,0,3,32,30,12,29,42,53,74,42,12,14,307
5350,0,3,0,7,8,7,0,0,0,34,0,0,0,8,9,9,0,0,0,25,0,0,7,8,7,4,0,0,0,24,0,0,0,0,5,5,7,0,0,18,0,0,0,4,4,4,0,0,0,22,0,0,0,4,4,0,0,0,0,8,0,0,0,6,9,10,7,3,0,35,34,18,23,61,91,82,37,10,0,365
5351,0,22,83,83,109,94,19,12,0,423,0,11,55,84,68,55,15,0,0,291,0,3,46,66,69,44,12,0,0,233,0,3,25,55,46,43,0,0,0,163,0,0,18,61,79,51,3,0,0,209,0,0,6,9,22,16,5,0,4,58,62,25,34,44,71,56,31,33,10,368,405,307,567,774,920,820,559,251,85,4681
5352,3,23,77,85,85,89,31,10,3,402,0,6,40,50,65,55,28,0,4,244,0,0,38,39,58,61,7,3,0,212,0,3,25,46,38,32,8,0,0,157,0,4,13,53,72,29,13,0,3,181,3,0,6,21,41,27,12,3,0,118,31,20,18,37,50,74,33,33,43,351,306,218,459,611,724,813,600,369,238,4343
5353,0,10,48,59,82,61,17,8,0,290,0,0,29,44,57,31,13,3,0,176,0,0,17,25,34,23,5,4,0,112,0,0,6,15,19,19,4,0,0,69,0,0,5,35,38,29,5,0,0,112,0,0,0,21,22,13,8,0,0,65,19,10,25,23,34,48,34,26,5,227,235,159,336,460,605,601,448,206,59,3105
5354,0,0,3,3,6,4,4,0,0,21,0,0,3,0,4,0,0,0,0,6,0,0,0,0,3,0,0,0,0,4,0,0,0,0,0,3,0,0,0,3,0,0,0,0,0,0,0,0,0,0,0,0,0,0,0,0,4,0,0,4,3,0,3,3,3,8,6,3,0,34,22,13,29,30,62,67,69,30,5,336
5355,7,19,131,108,140,122,49,13,0,599,0,10,84,100,88,80,21,8,0,399,0,4,65,72,60,57,11,4,4,274,0,0,26,36,37,34,7,0,0,147,0,0,31,63,53,34,10,0,0,197,0,0,0,8,21,13,12,4,4,54,41,11,45,51,43,49,66,22,19,344,462,302,868,924,918,1018,908,496,233,6132
5356,0,3,11,9,12,12,7,0,0,59,0,8,10,12,5,8,0,0,0,38,0,0,0,4,9,3,0,0,0,20,0,0,0,3,9,6,0,0,0,19,0,0,3,0,4,3,0,0,0,9,0,0,0,0,0,0,0,0,0,7,3,0,3,9,7,17,7,3,0,58,53,37,89,107,144,136,70,27,5,669
5357,0,0,4,3,7,7,0,0,0,24,0,0,0,3,3,0,0,0,0,10,0,0,0,0,0,0,0,0,0,0,0,0,0,0,3,3,0,0,0,6,0,0,3,0,0,0,0,0,0,6,0,0,0,0,0,0,0,0,0,0,0,0,3,3,7,4,17,9,3,46,13,13,34,37,67,72,77,29,9,361
5360,0,0,19,20,28,22,3,0,0,100,0,3,13,16,12,3,4,0,0,59,0,0,8,11,14,15,3,0,0,59,0,0,9,8,3,10,3,0,0,31,0,0,7,4,12,14,0,0,0,35,0,0,0,5,4,0,0,0,0,13,4,3,9,3,8,18,8,0,0,60,72,57,128,147,163,183,80,41,14,877
5371,3,8,5,30,38,24,4,0,0,112,0,4,11,18,16,15,3,0,0,70,0,0,9,17,17,11,0,0,0,56,0,0,3,11,7,8,0,0,0,31,0,0,7,12,18,0,0,0,0,35,0,0,0,3,11,3,0,0,0,11,5,3,4,9,10,11,3,5,0,47,112,72,127,187,216,161,84,24,9,991
5372,0,7,56,47,41,32,9,0,0,185,0,0,29,20,20,16,3,0,0,93,0,3,24,32,17,9,0,0,0,86,0,0,11,15,10,12,0,0,0,47,0,0,11,12,19,8,8,0,0,51,0,0,0,0,4,0,0,0,0,9,25,12,16,12,16,23,12,3,3,120,146,130,308,295,294,270,147,55,44,1694
5373,0,8,40,45,56,55,21,6,0,232,0,3,25,25,42,42,11,0,0,149,0,0,17,26,26,18,12,3,0,99,0,0,10,18,10,17,3,0,0,55,0,0,7,25,27,13,3,0,0,78,0,0,0,3,8,6,0,0,0,21,18,4,19,12,30,32,46,9,4,172,216,150,327,363,509,540,440,200,55,2803
5374,0,5,10,11,20,23,9,3,0,90,0,0,9,17,17,16,3,0,0,56,0,4,3,16,14,17,0,0,0,47,0,0,0,6,4,6,3,0,0,26,0,0,0,0,5,6,0,3,0,16,0,0,0,0,3,4,0,0,0,5,20,3,3,11,12,21,10,17,3,95,93,60,106,166,211,268,182,99,38,1225
5381,0,0,3,3,7,3,3,0,0,19,0,0,3,0,0,3,3,0,0,10,0,0,0,0,0,0,0,0,0,4,0,0,0,0,0,0,0,0,0,3,0,0,0,0,0,0,0,0,0,7,0,0,0,0,0,0,0,0,0,0,3,0,3,3,3,13,8,4,0,38,23,18,26,40,50,81,64,29,3,326
5400,0,3,9,14,16,14,0,0,0,67,3,0,7,5,9,10,0,0,0,35,0,0,8,8,7,8,0,4,0,30,0,0,0,11,3,8,0,0,0,22,0,0,3,3,5,3,0,0,0,15,0,0,0,0,3,3,7,0,0,11,3,6,9,3,10,9,8,0,0,41,55,113,110,104,135,115,48,11,6,705
5401,0,0,12,8,20,20,6,0,0,63,0,3,3,6,6,3,0,0,0,28,0,0,3,5,3,8,3,0,0,22,0,0,3,3,3,5,0,0,0,19,0,0,0,3,0,4,0,0,0,8,0,0,0,0,0,0,0,0,0,7,3,5,9,6,5,12,18,14,20,97,45,35,89,82,118,145,90,47,34,681
5410,0,0,0,7,0,3,0,0,0,17,0,0,0,5,4,0,0,0,0,12,0,0,0,0,8,3,0,0,0,12,0,0,0,0,0,3,0,0,0,8,0,0,0,0,0,0,0,0,0,3,0,0,0,0,0,0,0,0,0,4,3,0,6,3,8,4,4,0,0,29,31,14,24,35,59,48,37,17,9,264
5411,0,0,3,0,3,3,0,0,0,17,0,0,3,0,0,6,0,0,0,19,0,0,0,0,3,4,0,3,3,9,0,0,3,0,0,0,0,0,0,3,0,0,0,0,0,0,0,0,0,0,0,0,0,0,0,0,0,0,0,6,3,3,3,3,0,8,0,0,0,25,19,14,37,31,39,43,31,25,6,246
5412,0,3,6,16,23,15,8,8,0,71,0,0,3,5,18,22,5,4,0,57,0,0,3,3,14,8,3,0,0,31,0,0,3,5,4,4,0,0,0,18,0,0,3,0,12,10,0,0,0,24,0,0,0,0,0,3,5,0,0,12,8,0,6,3,8,18,17,12,11,85,72,23,87,97,172,216,210,87,61,1031
5413,0,3,6,10,9,11,5,0,0,50,0,0,9,0,10,3,0,0,0,29,0,0,0,7,5,3,0,0,0,21,0,0,0,0,6,4,0,0,0,11,0,0,0,0,0,3,0,0,0,3,0,0,0,0,7,0,0,0,0,9,3,3,10,3,13,17,6,3,0,69,39,31,79,65,130,155,104,58,18,688
5414,0,0,0,0,3,0,6,0,0,6,0,0,0,0,3,0,0,0,0,5,0,0,0,0,3,0,0,0,0,4,0,0,0,0,0,3,0,0,0,3,0,0,0,0,0,0,0,0,0,0,0,0,0,0,0,3,0,0,0,5,0,0,3,0,0,8,5,0,0,17,9,5,20,9,21,27,25,4,3,125
5415,0,0,7,0,3,4,3,0,0,17,0,0,0,0,3,0,0,0,0,6,0,0,0,0,8,0,0,0,0,9,0,0,4,0,3,0,0,0,0,3,0,0,0,0,0,3,0,3,0,3,0,0,0,0,0,0,0,0,0,7,0,0,3,0,0,5,0,0,0,6,8,9,29,11,34,47,44,11,0,187
5416,0,0,0,0,3,3,0,0,0,7,0,0,3,3,0,0,0,0,0,11,0,0,4,3,0,3,0,0,0,6,0,0,0,0,0,0,0,0,0,0,0,0,0,0,0,8,0,0,0,6,0,0,0,0,0,0,0,0,0,0,3,0,0,3,3,8,3,4,0,25,12,13,21,32,36,54,20,11,0,192
5417,0,3,13,14,23,18,6,5,0,76,0,0,10,7,14,13,4,0,0,46,0,0,4,6,9,12,3,0,0,43,0,0,5,8,6,9,3,0,0,29,0,0,0,0,8,8,0,0,0,23,0,0,0,4,4,4,0,3,0,14,11,4,12,13,31,17,28,10,3,131,61,49,120,152,212,257,234,110,33,1219
5418,0,0,0,0,3,0,0,0,0,4,0,0,3,0,0,3,0,0,0,3,0,0,0,0,0,0,0,0,0,0,0,0,0,0,0,0,0,0,0,0,0,0,0,0,0,0,0,0,0,3,0,0,0,0,0,0,0,0,0,3,0,0,0,0,0,3,0,0,0,3,6,7,12,7,19,18,22,3,0,95
5419,0,0,4,0,8,5,0,0,0,15,0,0,3,4,0,0,0,0,0,5,0,0,0,3,0,0,0,0,0,9,0,0,0,0,3,0,0,0,0,3,0,0,0,0,0,0,0,0,0,3,0,0,0,3,0,3,0,0,0,5,0,0,0,0,0,0,0,4,3,12,11,7,25,19,28,43,23,26,4,186
5420,0,3,0,0,3,0,0,0,0,7,0,0,4,0,0,5,0,0,0,9,0,0,0,0,0,0,0,0,0,0,0,0,0,0,0,0,0,0,0,0,0,0,0,0,0,0,0,0,0,0,0,0,0,3,0,0,0,0,0,3,0,0,0,0,3,0,4,0,0,9,3,4,9,12,22,13,15,0,0,71
5421,0,0,0,0,0,0,0,0,0,4,0,0,0,0,0,0,0,0,0,3,0,0,0,0,0,0,0,0,0,0,0,0,0,0,0,0,0,0,0,0,0,0,0,0,0,0,0,0,0,0,0,0,0,0,0,0,0,0,0,0,3,0,0,3,0,0,0,4,0,23,9,3,9,25,30,23,12,5,3,121
5422,0,3,6,3,14,18,6,5,0,57,0,3,3,4,10,12,0,0,0,27,0,0,7,4,10,8,0,0,0,31,0,0,3,0,3,4,0,0,0,17,0,0,0,4,4,12,0,0,0,15,0,0,0,0,0,5,3,0,0,9,16,3,10,13,16,35,26,24,13,166,96,62,142,141,194,353,247,154,56,1433
5431,0,0,9,14,13,19,5,3,0,66,0,3,9,3,11,11,3,0,0,40,0,0,3,3,5,4,3,0,0,22,0,0,4,0,3,3,6,0,0,18,0,0,0,6,3,3,0,0,0,20,0,0,0,0,0,0,0,0,0,4,10,0,8,7,10,10,12,12,10,79,42,27,72,80,125,176,120,73,45,760
5432,0,0,0,0,3,6,4,0,0,14,0,0,0,0,0,7,0,0,0,11,0,0,0,0,0,4,0,0,0,9,0,0,0,3,3,0,0,0,0,6,0,0,0,0,3,0,0,0,0,8,0,0,0,0,3,0,0,0,0,0,0,0,0,0,3,0,0,0,0,5,6,7,14,6,19,28,33,8,4,120
5433,0,6,11,9,16,17,14,0,0,65,0,4,8,4,15,12,0,0,0,49,0,0,13,10,22,11,0,0,0,51,0,0,4,9,6,7,0,0,0,30,0,0,9,11,13,5,0,0,0,36,0,0,3,5,4,7,0,0,0,22,7,6,4,9,12,26,14,17,12,114,69,46,110,116,202,217,195,97,34,1081
5434,0,0,0,3,14,6,9,0,0,38,0,3,10,4,0,3,4,0,0,24,0,0,3,3,4,0,3,0,0,14,0,0,0,3,3,3,0,0,0,8,0,0,0,3,0,3,0,0,0,8,0,0,0,0,4,0,0,0,0,5,12,4,8,14,3,21,11,0,0,81,24,27,40,52,51,99,70,17,11,384
5440,0,0,5,4,0,9,0,0,0,19,0,0,5,0,3,0,0,0,0,10,0,0,3,3,7,7,0,0,0,20,0,0,3,7,3,4,0,0,0,12,0,0,9,3,0,0,0,0,0,10,0,0,0,0,0,3,0,0,3,10,3,0,3,0,3,11,0,0,3,28,8,15,35,38,36,51,24,11,7,223
5451,0,0,6,11,16,18,8,3,0,57,0,0,3,4,5,5,8,0,0,28,0,0,3,0,9,6,0,0,0,20,0,0,0,4,6,8,3,0,0,21,0,0,3,3,3,4,0,0,0,16,0,0,4,0,0,0,0,0,0,9,3,0,9,4,11,26,18,4,3,77,29,20,73,59,118,152,96,39,12,599
5452,0,0,7,7,7,4,3,0,0,32,0,0,3,3,0,3,0,0,0,16,0,0,0,3,6,8,0,0,0,20,0,0,0,0,3,3,3,0,0,9,0,0,0,3,0,10,0,0,0,11,0,0,0,0,0,0,0,0,0,3,3,0,3,5,5,3,3,0,0,23,21,17,34,57,62,84,53,18,3,349
5453,0,17,74,56,83,66,38,9,7,354,0,8,58,36,45,34,18,0,0,204,0,3,24,53,38,33,23,4,0,177,0,0,14,34,38,17,11,0,0,114,0,3,26,39,49,25,11,0,3,149,0,0,3,20,23,25,9,4,0,84,27,8,42,44,41,66,44,24,16,306,242,199,554,552,650,733,601,301,159,3988
5454,0,0,9,4,5,5,0,0,4,30,0,0,4,4,9,7,0,0,0,23,0,0,0,3,0,0,0,0,0,7,0,0,0,0,0,4,3,0,0,8,0,0,0,0,0,0,0,0,0,0,0,0,0,0,0,0,0,0,0,3,8,3,0,3,9,3,8,5,0,30,20,14,37,43,48,63,64,15,8,314
5455,0,0,0,0,3,0,0,0,0,3,0,0,0,0,0,0,0,0,0,0,0,0,0,0,0,0,0,0,0,3,0,0,0,0,0,0,0,0,0,0,0,0,0,0,0,0,0,0,0,0,0,0,0,0,0,0,0,0,0,0,0,0,0,0,3,0,0,0,0,5,9,0,6,10,14,7,5,0,0,45
5460,0,5,3,8,7,7,3,3,0,40,0,0,4,12,3,4,3,0,0,21,0,0,3,9,8,11,0,0,0,31,0,0,0,0,7,4,0,0,0,10,0,0,0,4,3,3,0,0,0,19,0,0,0,0,7,0,0,0,0,10,10,0,3,7,7,4,9,3,3,52,71,36,63,89,121,108,92,32,7,611
5461,0,17,27,41,35,36,12,5,3,174,0,3,16,14,20,8,7,3,0,75,0,0,11,15,23,15,9,3,0,69,0,0,9,5,11,14,0,0,0,43,0,3,3,12,22,6,7,0,0,46,0,0,0,8,4,6,3,3,3,23,11,11,25,17,24,24,33,20,27,183,144,141,225,294,333,330,318,188,121,2091
5462,0,0,10,11,7,9,0,0,0,41,0,0,0,8,7,3,0,0,0,16,0,0,3,4,5,5,0,0,0,18,0,0,0,0,3,0,0,0,0,6,0,0,3,0,4,0,0,0,0,7,0,0,0,3,0,4,0,0,0,7,3,0,0,3,0,0,0,0,4,12,36,31,62,61,71,58,43,26,6,393
5464,0,3,11,14,13,11,0,0,0,47,0,0,4,6,6,4,0,0,0,23,0,0,3,5,0,10,0,0,0,23,0,0,3,3,3,3,3,0,0,10,0,0,3,0,0,3,3,0,0,8,0,0,0,0,4,0,3,0,0,10,7,0,9,3,10,5,0,0,0,41,37,26,71,66,95,111,62,23,7,500
5470,0,0,0,0,0,0,3,0,0,4,0,0,0,0,0,0,0,0,0,6,0,0,0,0,0,0,0,0,0,4,0,0,0,0,0,3,0,0,0,3,0,0,0,0,0,3,0,0,0,0,0,0,0,0,0,4,0,0,0,8,0,0,0,0,0,0,5,0,0,7,4,7,8,15,17,25,27,9,3,121
5471,0,0,0,0,0,0,0,0,0,0,0,0,0,0,3,0,0,0,0,4,0,0,0,0,0,0,0,0,0,0,0,0,0,0,0,0,0,0,0,0,0,0,0,0,0,0,0,0,0,0,0,0,0,0,0,3,0,0,0,4,0,0,0,0,3,0,0,0,0,7,6,3,3,9,14,15,7,3,4,72
5472,0,0,0,3,0,0,0,0,0,9,0,0,0,0,0,0,0,0,0,5,0,0,0,0,0,3,0,0,0,4,0,0,0,0,0,6,0,0,0,6,0,0,0,0,0,3,0,0,0,4,0,0,0,0,0,0,0,0,0,0,0,0,0,0,3,0,4,0,0,14,3,6,5,21,27,33,31,12,0,140
5473,0,3,3,10,3,7,3,0,0,32,0,4,7,3,8,11,0,0,0,29,0,0,0,4,0,3,0,0,0,12,0,0,3,3,0,3,0,0,0,12,0,0,0,3,7,7,0,0,0,12,0,0,0,0,0,0,0,0,0,0,4,5,9,0,9,7,21,5,0,61,41,34,68,61,104,123,129,48,9,618
5480,0,0,10,15,11,8,7,0,0,59,0,0,7,6,4,8,0,0,0,27,0,0,6,8,3,4,0,0,0,21,0,0,5,6,4,3,0,0,0,21,0,0,0,3,7,3,5,0,0,16,0,0,0,0,0,0,0,0,0,3,3,3,6,6,3,8,4,8,0,41,31,36,80,77,91,132,120,65,24,651
5481,0,0,0,4,10,9,0,0,0,23,0,0,0,3,3,5,0,0,0,15,0,0,0,7,3,3,0,0,0,13,0,0,0,0,5,3,0,0,0,10,0,0,0,0,5,0,0,0,0,11,0,0,0,0,0,6,0,0,0,5,3,0,0,0,6,12,5,3,3,37,35,14,24,41,81,136,87,42,16,487
5482,0,0,3,5,13,7,3,4,0,39,0,0,0,0,10,3,3,0,0,17,0,0,4,6,6,0,0,0,0,14,0,0,0,3,0,0,0,0,0,7,0,0,0,3,7,0,0,0,0,12,0,0,3,0,0,3,0,0,0,3,0,0,3,0,8,3,11,0,5,39,26,18,37,47,82,85,62,50,39,440
5483,0,0,0,4,5,9,5,0,0,22,0,3,6,3,0,0,0,0,0,17,0,0,3,0,0,4,0,0,0,9,0,0,0,0,0,4,0,0,0,11,0,0,3,5,4,0,0,0,0,7,0,0,0,0,0,0,0,0,0,4,3,0,3,5,3,3,6,3,0,31,18,15,26,41,43,52,49,23,10,281
5485,0,0,4,4,6,6,0,0,0,22,0,0,4,5,4,9,0,0,0,28,0,0,5,4,5,10,3,0,0,27,0,0,0,0,5,3,3,0,0,8,0,0,0,6,4,5,0,0,0,16,0,0,0,0,4,0,3,0,0,8,5,3,0,11,8,4,11,9,3,54,35,22,45,61,84,101,92,43,13,490
5490,0,0,3,3,3,4,0,0,0,11,0,0,0,0,0,0,0,0,0,9,0,0,0,0,0,4,0,0,0,4,0,0,0,0,0,0,0,0,0,0,0,0,0,0,0,3,0,0,0,6,0,0,0,0,0,0,0,0,0,0,4,5,0,0,9,4,0,3,0,24,9,10,17,13,29,32,13,10,5,150
5491,0,17,25,15,22,26,9,6,0,122,0,3,17,16,15,18,4,3,0,78,0,3,8,17,21,17,3,0,0,73,0,0,8,6,17,14,0,0,0,42,0,0,7,18,19,9,3,0,0,59,0,0,3,4,5,8,3,3,0,34,13,4,14,5,23,19,11,11,24,122,85,90,163,191,245,272,215,131,94,1489
5493,0,0,0,0,0,0,0,0,0,0,0,0,0,0,0,0,0,0,0,6,0,0,0,0,0,0,0,0,0,0,0,0,0,0,0,0,0,0,0,0,0,0,0,0,0,0,0,0,0,0,0,0,0,0,0,0,3,0,0,3,0,0,3,0,3,3,3,0,0,13,12,0,10,10,11,22,13,3,0,76
5495,0,4,6,4,7,7,7,0,0,30,0,0,0,3,8,8,4,0,0,21,0,0,0,9,9,3,3,0,0,19,0,0,3,0,5,0,0,0,0,8,0,0,0,0,10,5,0,0,0,13,0,0,0,0,3,0,3,0,0,7,3,5,3,9,8,8,22,8,0,61,32,24,31,49,88,132,128,47,5,539
5501,0,31,93,111,166,106,26,3,4,545,0,18,62,64,104,54,14,0,0,302,0,3,37,66,76,45,10,0,0,237,0,0,22,36,52,22,7,0,0,135,0,6,23,41,53,27,6,0,0,162,0,0,3,14,14,22,0,3,0,54,49,32,60,80,93,97,65,26,13,524,475,411,735,978,1322,1005,650,215,69,5873
5502,0,3,24,27,30,34,6,0,0,119,0,4,15,15,18,15,3,4,0,77,0,0,13,17,16,15,3,0,0,67,0,0,3,0,5,4,4,3,0,23,0,0,6,10,5,16,0,0,0,39,0,0,4,3,9,3,0,0,0,19,10,10,9,15,15,18,11,7,4,93,100,85,166,192,244,229,165,61,25,1269
5510,0,0,0,0,4,3,0,0,0,8,0,0,0,0,3,0,3,0,0,5,0,0,0,0,0,0,0,0,0,3,0,0,0,0,0,0,0,0,0,0,0,0,0,0,0,0,0,0,0,0,0,0,0,0,0,0,0,0,0,0,0,0,0,3,0,0,3,0,0,8,3,3,14,11,16,20,23,0,0,92
5520,0,0,3,5,7,6,5,0,0,33,0,0,3,3,7,0,3,0,0,17,0,0,9,0,3,0,0,3,0,15,0,0,0,0,0,3,0,0,0,7,0,0,3,3,3,4,0,0,0,10,0,0,0,0,0,0,3,0,0,4,3,0,5,0,8,8,9,3,0,32,33,16,67,41,82,103,71,40,17,485
5521,0,0,0,0,5,0,0,0,0,3,0,0,0,0,0,0,0,0,0,3,0,0,0,0,0,0,0,0,0,3,0,0,0,0,0,3,0,0,0,3,0,0,0,0,0,4,0,0,0,3,0,0,0,0,0,0,0,0,0,0,0,0,0,0,3,0,0,3,0,5,12,0,5,17,24,20,23,12,3,120
5522,0,3,5,3,14,16,14,6,3,69,0,3,9,8,11,10,3,0,0,47,0,0,3,6,15,11,0,0,0,39,0,0,7,4,13,8,7,3,0,31,0,0,3,8,10,8,3,0,0,36,0,0,0,0,0,6,4,3,0,12,10,0,10,3,23,18,28,29,24,143,50,23,81,100,173,269,311,174,86,1267
5523,0,7,20,20,23,23,7,3,3,106,0,10,30,11,19,22,3,0,0,95,0,0,10,6,23,15,0,0,0,62,0,0,4,9,20,10,0,0,0,47,0,3,11,17,10,14,4,0,0,56,0,0,0,9,3,7,3,0,0,30,15,0,7,12,20,30,26,27,15,143,95,91,166,178,278,302,254,135,65,1562
5540,0,62,141,155,170,159,59,19,3,761,0,43,143,129,127,106,15,4,0,564,0,20,94,110,173,97,13,3,0,509,0,7,53,67,100,65,7,0,0,300,0,3,51,67,122,65,11,3,0,317,0,0,22,29,36,34,8,0,0,135,116,58,118,127,169,161,161,123,66,1104,1049,858,1598,1709,2158,2026,1743,1055,430,12621
5550,0,3,10,10,7,5,0,0,0,41,0,4,0,4,15,9,3,0,0,31,0,0,5,3,9,14,3,0,0,33,0,0,3,0,3,3,0,0,0,8,0,0,3,3,0,0,0,0,0,8,0,0,0,0,3,0,0,0,0,3,4,0,10,6,8,16,6,0,4,49,48,50,110,109,133,137,87,37,10,732
5552,0,0,3,4,4,8,3,0,0,23,0,0,0,3,4,3,0,0,0,12,0,0,3,3,9,0,0,0,0,13,0,0,0,6,0,4,3,0,0,13,0,0,0,3,0,0,0,0,0,4,0,0,0,0,4,0,0,0,0,6,0,0,11,7,3,4,11,3,0,37,22,4,52,53,61,47,54,14,7,310
5554,0,8,67,54,80,55,15,9,3,301,0,11,37,33,35,27,16,3,3,161,0,0,37,24,42,20,8,0,0,128,0,0,17,26,36,17,3,3,3,104,0,0,15,31,28,32,7,3,0,121,0,0,4,15,5,8,0,0,0,35,38,29,44,46,67,68,90,48,51,479,347,266,542,556,734,683,615,371,156,4271
5555,0,0,3,4,3,5,3,0,0,27,0,0,3,0,4,3,0,0,0,17,0,3,3,3,4,0,0,0,0,14,0,0,0,3,4,5,0,0,0,11,0,0,0,0,8,3,0,0,0,11,0,0,0,0,0,0,0,0,0,3,4,0,0,3,9,7,11,3,3,43,13,22,36,43,79,103,98,33,9,438
5556,0,11,32,32,42,48,28,4,0,196,0,9,25,18,20,34,15,3,0,125,0,0,17,10,21,19,7,0,0,86,0,0,10,12,18,10,0,0,0,54,0,0,12,18,24,13,6,0,0,70,0,0,8,11,7,10,13,0,0,45,16,12,31,13,44,52,74,67,64,374,178,142,352,341,527,715,730,370,115,3475
5558,0,5,27,34,57,62,41,12,0,241,0,0,24,23,35,31,12,5,0,130,0,0,15,24,34,27,10,4,0,114,0,0,9,17,16,12,3,5,0,65,0,0,14,15,25,23,6,5,3,84,0,0,0,4,10,13,7,3,0,33,18,11,29,23,41,91,96,44,26,375,213,164,371,367,618,828,951,474,174,4160
5560,0,0,11,3,3,7,0,0,0,20,0,0,0,3,0,0,0,0,0,6,0,0,0,5,7,0,3,0,0,12,0,0,0,3,5,0,0,0,0,6,0,0,0,5,3,3,3,0,0,14,0,0,0,0,0,0,3,0,0,4,0,0,0,3,6,9,4,3,3,35,19,13,37,61,65,61,77,25,13,374
5570,0,0,3,9,4,12,8,3,0,38,0,0,3,0,4,9,0,0,0,22,0,0,0,0,0,5,0,0,0,5,0,0,0,0,0,0,0,0,0,4,0,0,0,0,3,0,0,0,0,4,0,0,0,0,3,4,0,4,0,7,0,0,3,7,3,21,19,7,3,59,15,9,36,37,58,140,145,40,13,498
5571,0,7,19,7,15,22,11,9,0,93,0,3,9,6,15,24,7,0,0,62,0,0,4,9,8,21,7,3,0,59,0,0,9,8,8,19,0,0,0,43,0,0,3,5,18,4,0,0,0,27,0,0,0,3,4,7,0,0,0,15,8,4,8,4,10,25,24,14,21,122,70,50,139,134,174,377,363,219,94,1625
5572,0,0,0,0,7,5,0,0,0,13,0,0,3,0,3,0,0,0,0,6,0,0,3,0,0,0,0,0,0,3,0,0,0,0,0,3,0,0,0,3,0,0,0,0,0,0,0,0,0,0,0,0,0,3,0,0,0,0,0,3,0,0,0,3,0,0,3,0,0,8,7,3,11,19,23,28,18,4,4,119
5573,0,4,16,27,28,29,14,4,3,126,0,0,14,7,20,16,6,0,0,68,0,0,5,18,12,13,7,4,0,60,0,0,3,5,3,15,6,0,0,39,0,0,0,9,13,4,9,0,0,39,0,0,0,0,13,4,3,0,0,20,15,4,4,5,19,17,38,14,10,129,88,75,154,174,306,297,315,182,89,1686
5575,0,0,20,23,26,38,22,5,3,143,0,7,12,14,13,29,7,0,0,85,0,3,4,16,9,14,3,4,0,50,0,0,7,9,12,10,3,0,0,47,0,0,6,9,10,8,0,0,0,32,0,0,4,3,9,3,0,0,0,16,13,0,9,22,21,39,37,29,32,205,108,62,154,218,297,449,418,195,95,2000
5576,0,4,14,9,11,11,8,0,0,60,0,0,7,7,9,4,4,0,0,37,0,0,3,7,9,11,3,0,0,24,0,0,0,4,3,0,0,0,0,6,0,0,0,6,6,5,0,0,0,23,0,0,4,7,3,0,3,0,0,15,4,4,0,8,10,4,7,10,0,53,50,45,83,98,144,196,183,75,26,899
5577,0,3,5,4,5,14,0,4,0,41,0,0,0,3,7,3,0,0,0,12,0,0,0,3,7,0,0,0,0,12,0,0,0,0,0,3,0,0,0,8,0,0,0,3,3,0,0,0,0,11,0,0,0,0,0,0,0,0,0,3,0,0,4,0,10,6,5,4,3,27,33,21,42,43,89,110,75,45,13,455
5580,0,0,4,0,7,4,0,0,0,20,0,0,3,0,0,6,0,0,0,13,0,0,3,0,3,5,0,0,0,12,0,0,0,0,0,3,0,0,0,4,0,0,0,0,5,0,0,0,0,12,0,0,0,0,3,0,0,0,0,8,0,0,3,0,0,0,6,3,0,15,19,7,34,26,43,61,58,30,12,291
5581,0,0,7,3,3,8,4,0,0,27,0,0,0,0,0,3,3,0,0,9,0,0,0,0,5,3,5,4,0,21,0,0,0,0,0,0,3,0,0,5,0,0,0,3,4,9,0,0,0,17,0,0,0,0,0,0,0,0,0,3,0,0,0,0,0,3,4,15,0,28,11,14,31,26,57,109,151,82,25,507
5582,0,0,0,3,11,14,3,0,0,33,0,0,0,0,3,4,3,3,0,22,0,0,0,7,0,6,3,0,3,20,0,0,0,0,3,0,0,0,0,5,0,0,0,0,3,3,3,0,0,17,0,0,0,0,0,0,0,0,0,9,4,0,3,8,4,10,13,7,3,51,37,12,32,34,79,133,143,65,54,587
5583,0,0,8,6,7,8,7,0,0,34,0,0,0,0,4,3,4,3,0,15,0,0,4,6,5,0,0,0,0,19,0,0,3,0,3,3,3,0,0,14,0,0,0,3,3,3,0,0,0,11,0,0,0,3,0,0,3,0,0,9,3,3,4,4,8,14,14,7,9,60,26,17,42,62,87,149,187,94,31,691
5600,0,31,71,73,95,76,23,3,3,363,0,22,74,59,80,56,17,0,0,309,0,6,57,73,99,58,11,3,0,301,0,0,53,64,76,49,12,0,0,256,0,9,52,90,107,45,0,0,0,306,0,0,10,60,45,23,9,3,0,148,30,22,32,27,64,71,61,66,47,426,383,323,634,802,999,909,606,368,184,5206
5601,0,0,3,3,10,4,3,0,0,29,0,0,0,4,9,4,0,0,0,16,0,0,0,4,8,3,0,0,0,18,0,0,0,3,9,8,0,0,0,17,0,0,0,5,6,3,0,0,0,19,0,0,0,4,0,0,0,0,0,7,3,0,7,4,10,11,4,3,0,41,26,4,13,56,90,87,82,23,0,395
5602,0,3,9,6,18,16,5,0,3,59,0,0,3,11,9,10,0,0,0,39,0,0,3,4,14,8,0,0,0,34,0,3,0,7,7,5,3,0,0,26,0,0,8,8,15,11,3,0,0,39,0,0,0,6,9,4,0,0,0,13,10,6,14,8,25,20,33,8,21,148,58,57,110,139,200,208,232,63,46,1111
5603,0,0,3,4,3,4,7,0,0,28,0,0,6,5,3,5,0,0,0,23,0,0,0,0,3,0,0,0,0,3,0,0,3,3,0,3,0,0,0,13,0,0,5,0,7,3,0,0,0,19,0,0,0,0,3,3,0,0,0,13,0,0,6,5,9,5,4,0,0,23,22,14,47,45,72,72,53,9,8,351
5604,0,0,0,0,8,5,3,0,0,15,0,0,0,0,0,4,0,0,0,5,0,0,0,0,5,0,0,0,0,8,0,0,0,0,0,0,0,0,0,4,0,0,0,0,0,0,0,0,0,3,0,0,0,0,0,0,6,0,0,4,4,0,3,0,0,0,0,0,0,9,7,6,17,7,34,47,38,14,4,178
5605,0,0,18,16,21,24,21,7,0,114,0,7,17,7,18,18,0,3,0,67,0,0,10,8,10,8,7,0,0,49,0,0,3,11,10,10,0,0,0,35,0,0,4,8,4,7,3,0,0,26,0,0,3,0,4,7,4,3,0,21,7,4,13,5,18,29,29,16,37,164,73,59,119,149,211,280,288,181,89,1451
5606,5,86,199,190,202,165,60,25,8,930,0,18,152,130,140,101,29,6,4,578,0,7,119,120,98,103,20,10,0,478,0,3,53,65,95,58,11,4,0,297,0,3,52,84,94,82,15,6,3,338,0,4,22,42,52,38,11,5,3,171,93,83,149,128,162,179,152,131,64,1142,844,778,1778,1612,1839,1882,1446,837,390,11394
5607,0,13,58,74,90,75,30,8,0,350,0,3,40,44,58,41,21,3,0,201,0,0,20,42,45,36,13,3,0,155,0,0,8,28,25,30,4,3,0,101,0,0,13,42,43,18,12,0,0,128,0,0,3,18,17,10,3,0,0,56,52,20,108,109,102,70,59,28,6,557,271,154,508,682,790,790,540,174,39,3951
5608,3,47,131,103,165,98,28,12,0,587,0,35,93,76,108,67,8,0,0,384,0,19,130,96,113,74,4,0,0,443,0,14,85,87,90,55,5,0,0,331,0,7,82,101,96,42,4,0,0,339,3,5,12,37,24,15,3,3,0,102,106,98,190,124,195,165,151,125,46,1204,827,850,1768,1466,1925,1571,1277,793,230,10696
5609,0,13,37,25,15,11,3,3,0,104,0,15,30,11,19,8,0,0,0,87,0,4,35,27,26,10,0,0,0,103,0,4,23,40,27,8,0,0,0,98,0,3,39,38,27,11,0,0,0,115,0,0,9,15,9,5,0,0,0,34,11,7,21,14,10,3,4,9,0,88,119,130,349,274,230,149,118,83,12,1466
5630,0,0,0,0,0,0,0,0,0,8,0,0,0,0,3,0,0,0,0,3,0,0,0,0,0,0,0,0,0,3,0,0,0,0,0,0,0,0,0,3,0,0,0,0,3,0,0,0,0,4,0,0,0,0,0,3,0,0,0,3,0,3,3,0,3,9,0,0,0,15,10,3,16,17,24,17,11,0,3,108
5631,0,11,15,9,21,17,12,8,3,89,0,3,13,11,14,3,3,0,0,50,0,0,8,8,8,3,3,0,0,32,0,0,0,9,9,3,3,0,0,21,0,0,3,10,10,0,0,3,0,28,0,0,0,0,9,4,0,0,0,17,4,7,3,7,15,15,8,14,15,87,52,50,116,120,144,123,98,73,44,815
5632,0,0,4,3,14,3,0,0,0,20,0,0,0,0,4,3,0,0,0,13,0,0,0,0,0,0,0,0,0,7,0,0,3,3,0,0,0,0,0,11,0,0,4,3,4,0,0,0,0,17,0,0,0,5,0,0,0,0,0,12,0,0,0,3,3,3,3,0,3,18,18,11,30,26,57,25,14,5,7,180
5633,0,0,3,8,3,6,0,0,0,23,0,0,0,3,4,0,0,0,0,6,0,0,0,0,5,3,0,0,0,15,0,0,0,0,0,4,0,0,0,4,0,0,0,0,0,7,0,0,0,8,0,0,0,0,4,0,0,0,0,8,0,3,8,0,4,3,3,0,0,22,21,13,37,30,52,66,22,13,3,253
5640,0,4,23,15,27,14,3,0,3,85,0,3,4,9,8,8,3,0,0,36,0,0,10,12,12,5,0,0,0,38,0,0,5,3,7,5,0,0,0,22,0,0,3,3,5,4,3,0,0,21,0,0,0,0,4,6,0,0,0,14,6,3,8,4,13,14,3,16,17,77,51,44,111,96,126,157,115,82,52,831
5641,0,4,18,9,19,13,3,0,0,78,0,4,7,11,8,4,6,0,0,45,0,0,8,8,7,5,0,0,0,38,0,0,3,7,8,4,3,0,0,23,0,0,5,3,10,3,0,0,0,19,0,0,0,0,3,15,0,3,0,24,0,3,11,8,8,15,10,6,3,74,39,40,126,110,126,135,104,77,32,782
5642,0,0,4,6,10,0,4,0,0,21,0,0,0,3,5,3,0,0,0,11,0,0,0,0,3,3,0,0,0,7,0,0,0,0,3,3,0,0,0,3,0,0,0,3,4,0,0,0,0,10,0,0,0,0,0,0,0,0,0,0,4,0,0,10,3,3,0,0,0,25,16,11,25,31,37,44,12,7,3,186
5650,0,0,5,0,0,0,4,0,0,8,0,0,0,0,0,0,0,0,0,5,0,0,3,9,0,7,0,0,0,18,0,0,0,0,0,0,0,0,0,3,0,0,0,0,0,0,0,0,0,0,0,0,0,4,0,4,0,0,0,8,0,0,0,4,3,0,0,0,0,14,8,7,22,25,19,31,14,3,6,133
5651,0,0,0,0,3,0,0,0,0,5,0,0,0,0,3,0,0,0,0,7,0,0,0,0,0,0,0,0,0,4,0,0,0,0,0,0,0,0,0,3,0,0,0,3,4,0,0,0,0,9,0,0,0,0,0,0,0,0,0,3,0,0,0,0,0,0,0,0,0,0,4,3,4,17,17,13,3,4,0,63
5652,0,3,6,12,14,6,0,3,0,48,0,4,8,9,5,9,3,0,0,33,0,0,5,6,6,3,0,0,0,26,0,0,6,4,6,12,0,0,0,23,0,0,0,6,3,0,0,0,0,11,0,0,0,0,0,0,0,0,0,6,0,0,7,5,9,10,5,3,4,48,31,40,79,86,85,105,66,40,32,553
5653,0,0,3,0,0,3,0,0,0,6,0,0,0,0,0,0,3,0,0,6,0,0,0,0,0,0,4,0,0,9,0,0,0,0,0,0,0,0,0,0,0,0,0,3,0,0,0,0,0,3,0,0,0,0,3,0,0,0,0,7,0,0,0,0,0,0,0,0,0,5,0,5,7,6,11,12,5,0,3,57
5654,0,0,3,6,9,6,3,0,0,29,0,0,0,0,3,0,0,0,0,12,0,0,0,0,6,0,0,0,0,7,0,0,0,3,3,0,0,0,0,8,0,0,0,0,0,0,0,0,0,0,0,0,0,0,0,0,0,0,0,0,0,0,0,0,6,5,7,3,0,19,9,0,20,35,35,36,44,14,3,194
5655,0,0,3,3,0,0,0,0,0,6,0,0,0,0,3,0,0,0,0,3,0,0,0,0,0,0,0,0,0,0,0,0,0,0,0,0,0,0,0,0,0,0,0,0,0,0,0,0,0,0,0,0,0,0,0,0,0,0,0,0,0,0,3,0,0,0,0,0,0,4,0,5,16,11,12,14,8,0,0,74
5660,0,0,0,0,0,0,0,0,0,0,0,0,0,0,0,0,0,0,0,3,0,0,0,0,0,0,0,0,0,0,0,0,0,0,0,0,0,0,0,0,0,0,0,0,0,3,0,0,0,3,0,0,0,0,3,0,0,0,0,3,0,0,0,0,0,0,0,0,0,3,3,3,3,4,9,4,3,0,0,33
5661,0,4,6,3,3,0,0,0,0,17,0,0,0,3,0,0,0,0,0,13,0,0,0,4,0,0,0,0,0,7,0,0,0,0,0,0,0,0,0,6,0,0,0,0,0,0,0,0,0,0,0,0,0,0,0,0,3,0,0,4,0,0,0,0,0,0,0,0,0,3,0,8,20,20,15,23,17,3,0,114
5670,0,0,8,5,14,5,0,0,0,36,0,0,0,4,9,3,3,0,0,19,0,0,0,3,0,3,0,0,0,10,0,0,3,0,0,0,0,0,0,5,0,0,3,3,4,7,0,0,0,18,0,0,0,0,3,4,0,0,0,7,0,0,3,0,6,5,3,3,3,33,8,18,51,51,65,100,59,22,16,386
5671,0,0,3,3,3,0,0,0,0,7,0,0,0,0,3,0,0,0,0,7,0,0,3,0,3,0,0,0,0,12,0,0,0,0,0,0,3,0,0,7,0,0,0,0,0,0,0,0,0,3,0,0,0,0,0,3,0,0,0,3,0,0,3,0,0,0,0,0,0,3,3,8,19,12,33,30,18,7,0,134
5680,0,3,20,30,34,30,7,3,0,137,0,3,21,19,23,15,3,0,3,87,0,0,8,16,18,22,3,0,0,67,0,0,8,10,13,12,0,0,0,40,0,0,7,16,16,6,0,3,0,50,0,0,0,8,3,14,6,0,0,35,12,11,23,19,40,66,31,12,19,233,90,84,178,238,310,413,254,110,60,1728
5690,3,18,51,55,65,46,21,3,0,267,0,22,47,42,34,26,14,0,0,190,0,9,38,27,42,40,11,0,0,168,0,0,22,10,28,19,0,0,0,81,0,0,17,23,22,17,0,0,0,76,0,0,3,13,9,5,3,0,0,36,58,37,86,91,86,75,50,31,30,553,231,219,473,472,495,479,340,123,64,2899
5700,3,51,134,108,136,131,55,11,7,623,0,39,118,71,115,84,17,0,3,453,0,13,88,74,113,86,25,5,0,395,0,7,43,64,83,58,8,0,3,271,0,3,51,100,96,66,7,0,0,326,0,3,12,25,32,21,13,3,0,99,93,74,184,134,178,210,189,114,65,1242,619,690,1395,1181,1567,1500,1249,590,220,9001
5701,0,0,0,0,3,0,0,0,0,3,0,0,0,0,0,0,0,0,0,0,0,0,0,0,0,0,0,0,0,0,0,0,0,0,0,0,0,0,0,0,0,0,0,0,0,0,0,0,0,0,0,0,0,0,0,0,0,0,0,0,0,0,0,0,0,0,0,0,0,0,0,0,0,0,3,0,3,0,0,9
5710,0,13,47,38,34,47,8,0,0,186,0,6,34,16,24,37,4,0,0,125,0,4,19,20,29,26,6,0,0,99,0,0,14,12,6,11,0,0,0,51,0,0,28,24,33,15,4,0,0,103,0,0,3,3,4,3,3,0,0,22,15,105,222,170,91,44,13,7,0,666,130,216,502,414,352,349,154,60,19,2193
5713,0,0,0,0,0,0,0,0,0,0,0,0,0,0,0,0,0,0,0,0,0,0,0,0,0,0,0,0,0,0,0,0,0,0,0,0,0,0,0,0,0,0,0,0,0,0,0,0,0,0,0,0,0,0,0,0,0,0,0,0,0,0,3,0,0,0,0,0,0,3,0,0,5,0,0,0,0,0,0,17
5715,0,0,0,0,0,0,0,0,0,3,0,0,0,0,0,0,0,0,0,4,0,0,0,0,0,0,0,0,0,0,0,0,0,0,0,4,0,0,0,4,0,0,0,0,0,0,0,0,0,0,0,0,0,0,0,0,0,0,0,0,0,0,0,0,4,3,0,0,0,6,0,3,6,3,6,6,0,0,0,25
5717,0,0,0,0,0,0,0,0,0,3,0,0,0,0,0,0,0,0,0,3,0,0,0,0,0,0,0,0,0,0,0,0,0,0,0,0,0,0,0,0,0,0,0,0,0,0,0,0,0,0,0,0,0,0,0,0,0,0,0,0,0,0,0,0,0,0,0,0,0,0,0,3,3,0,4,3,0,0,0,13
5719,0,0,0,0,0,3,0,0,0,7,0,0,0,0,0,0,0,0,0,5,0,0,0,0,0,3,0,0,0,3,0,0,0,0,0,0,0,0,0,0,0,0,0,0,0,0,0,0,0,0,0,0,0,0,0,0,0,0,0,0,0,0,0,0,3,0,0,3,0,5,0,0,6,9,6,5,5,3,0,42
5720,0,4,4,3,6,4,0,0,0,22,0,0,0,3,5,9,0,0,0,16,0,0,0,0,5,0,0,0,0,12,0,0,0,4,3,3,3,0,0,16,0,0,4,3,6,8,0,0,0,18,0,0,0,0,0,0,0,0,0,3,3,0,3,5,9,7,4,0,0,29,4,15,25,28,54,41,14,3,0,179
5722,0,0,3,4,0,9,3,0,0,14,0,0,0,3,5,0,0,0,0,12,0,0,0,3,3,3,0,0,0,6,0,0,3,3,3,5,0,0,0,15,0,0,0,4,9,3,0,0,0,16,0,0,0,3,0,0,0,0,0,3,0,0,0,0,4,9,10,3,0,35,14,5,29,29,58,51,53,30,6,273
5723,0,3,31,24,23,26,4,0,0,112,0,6,18,22,26,19,9,0,0,94,0,4,27,12,14,13,3,0,0,72,0,3,22,13,14,17,5,0,0,68,0,3,34,30,13,5,3,0,0,92,0,0,7,10,9,4,3,0,0,33,20,30,65,42,78,58,62,28,3,388,57,101,340,244,318,292,273,124,19,1771
5724,0,3,4,7,0,3,0,0,0,14,0,0,4,3,0,0,0,0,0,11,0,3,3,0,0,6,0,0,0,19,0,0,0,3,0,0,0,0,0,3,0,0,0,0,3,0,0,0,0,14,0,0,0,0,0,5,0,0,0,3,3,10,18,16,10,13,9,3,0,79,21,41,75,49,51,60,32,20,3,353
5725,3,19,52,26,38,20,0,0,0,158,3,24,60,32,36,17,4,0,0,183,3,17,79,50,45,23,3,0,0,211,3,25,85,69,49,40,0,0,0,273,0,29,215,165,126,72,3,0,0,612,0,0,47,73,71,22,0,0,0,215,26,33,96,68,55,31,4,0,0,312,154,264,882,659,530,325,38,5,3,2866
5730,0,0,0,0,0,5,0,0,0,4,0,0,0,0,0,0,0,0,0,3,0,0,0,0,0,0,0,0,0,0,0,0,0,0,0,0,0,0,0,0,0,0,0,0,0,0,0,0,0,0,0,0,0,0,0,0,0,0,0,0,0,3,0,0,0,4,0,0,0,8,5,3,9,10,7,30,14,5,0,84
5731,0,4,3,9,15,6,0,0,0,39,0,0,5,14,4,0,0,0,0,26,0,0,8,6,5,3,0,0,0,32,0,0,6,5,9,5,0,0,0,32,0,0,7,12,12,8,3,0,0,46,0,0,5,10,10,4,0,0,0,34,3,8,14,27,23,16,0,3,0,93,11,24,81,97,109,75,15,3,0,413
5732,0,0,5,0,4,0,0,0,0,15,0,0,0,3,3,5,0,0,0,9,0,0,3,0,3,3,0,0,0,5,0,0,0,3,0,3,0,0,0,11,0,0,5,3,3,0,0,0,0,15,0,0,0,3,0,0,0,0,0,3,0,3,7,4,11,7,0,0,0,38,6,7,40,47,41,33,15,0,3,185
5733,0,0,4,4,3,0,0,0,0,12,0,0,3,0,4,3,0,0,0,13,0,0,3,0,3,3,0,0,0,10,0,0,0,0,0,3,0,0,0,3,0,0,4,5,0,0,0,0,0,7,0,0,0,3,0,0,0,0,0,8,3,3,18,9,4,3,0,0,0,41,8,11,52,29,31,42,19,9,0,204
5734,0,0,8,0,0,0,0,0,0,7,0,0,0,0,0,0,0,0,0,0,0,0,0,0,0,0,0,0,0,3,0,0,0,0,0,0,0,0,0,0,0,0,0,0,0,0,0,0,0,0,0,0,0,0,0,0,0,0,0,0,7,0,8,3,5,10,4,0,0,40,15,13,25,16,32,24,8,4,0,134
5950,0,0,0,0,0,0,0,0,0,0,0,0,0,0,0,0,0,0,0,0,0,0,0,0,0,0,0,0,0,0,0,0,0,0,0,0,0,0,0,0,0,0,0,0,0,0,0,0,0,0,0,0,0,0,0,0,0,0,0,0,0,0,0,0,0,0,0,0,0,0,0,0,0,0,0,0,0,0,0,0
5960,0,0,0,0,0,0,0,0,0,0,0,0,0,0,0,0,0,0,0,0,0,0,0,0,0,0,0,0,0,0,0,0,0,0,0,0,0,0,0,0,0,0,0,0,0,0,0,0,0,0,0,0,0,0,0,0,0,0,0,0,0,0,0,0,0,0,0,0,0,0,0,0,0,0,0,0,0,0,0,5
