_CODE_2016,P_Y8b_15_19_yrs,P_Y8b_20_24_yrs,P_Y8b_25_34_yrs,P_Y8b_35_44_yrs,P_Y8b_45_54_yrs,P_Y8b_55_64_yrs,P_Y8b_65_74_yrs,P_Y8b_75_84_yrs,P_Y8b_85ov,P_Y8b_Tot,P_DNGTS_15_19,P_DNGTS_20_24,P_DNGTS_25_34,P_DNGTS_35_44,P_DNGTS_45_54,P_DNGTS_55_64,P_DNGTS_65_74,P_DNGTS_75_84,P_DNGTS_85_ov,P_DNGTS_Tot,P_Hghst_yr_schl_ns_15_19_yrs,P_Hghst_yr_schl_ns_20_24_yrs,P_Hghst_yr_schl_ns_25_34_yrs,P_Hghst_yr_schl_ns_35_44_yrs,P_Hghst_yr_schl_ns_45_54_yrs,P_Hghst_yr_schl_ns_55_64_yrs,P_Hghst_yr_schl_ns_65_74_yrs,P_Hghst_yr_schl_ns_75_84_yrs,P_Hghst_yr_schl_ns_85_yrs_ovr,P_Hghst_yr_schl_ns_Tot,P_Tot_15_19_yrs,P_Tot_20_24_yrs,P_Tot_25_34_yrs,P_Tot_35_44_yrs,P_Tot_45_54_yrs,P_Tot_55_64_yrs,P_Tot_65_74_yrs,P_Tot_75_84_yrs,P_Tot_85ov,P_Tot_Tot
5000,3,14,14,16,20,37,25,35,18,180,3,6,8,6,8,3,5,5,3,53,94,367,544,253,214,170,131,61,21,1854,852,3684,3927,1729,1345,1228,936,344,129,14186
5005,0,0,0,0,0,0,0,0,0,0,0,0,0,0,0,0,0,0,0,0,0,0,0,0,0,0,0,0,0,0,0,0,0,0,0,0,0,0,0,0
5006,0,3,0,0,0,4,16,24,11,73,0,0,0,0,0,3,3,4,3,15,38,95,126,58,109,89,105,67,70,752,471,986,1268,643,782,762,816,391,246,6361
5007,3,5,5,14,23,48,92,131,134,455,0,3,0,3,11,18,17,25,42,118,7,33,97,60,78,50,26,35,35,424,144,731,1597,952,900,784,426,315,282,6134
5008,0,3,29,45,74,130,238,317,190,1021,0,3,25,24,33,41,47,81,31,281,48,72,148,127,135,110,107,96,63,903,379,1083,2276,1803,1833,1580,1000,744,399,11102
5009,4,4,11,15,11,27,80,97,56,305,0,0,5,4,4,13,6,14,5,53,8,12,40,46,41,41,34,36,23,284,128,362,692,680,767,606,370,275,136,4023
5010,0,3,15,36,41,77,103,101,72,453,0,3,18,24,43,45,36,32,15,214,21,28,44,53,62,46,63,57,57,440,175,430,852,823,731,635,430,305,194,4575
5011,3,3,18,19,37,53,115,142,115,512,0,3,11,8,24,7,15,42,25,139,26,50,92,88,99,87,63,60,44,610,282,880,1990,1624,1651,1339,785,446,305,9299
5012,3,7,46,78,110,123,133,131,89,720,3,6,26,40,81,71,40,59,16,325,41,65,101,105,106,94,84,64,24,678,338,934,1826,1564,1394,1121,676,431,197,8483
5013,6,7,33,47,80,144,182,144,139,782,0,3,17,12,32,56,44,37,16,212,45,36,112,73,100,117,129,59,27,696,292,677,1392,1280,1491,1312,818,420,310,7990
5014,6,3,20,16,30,87,188,258,181,784,0,4,3,3,11,17,32,50,21,139,50,34,98,76,109,103,134,91,45,737,271,707,1714,1507,1695,1590,1062,714,368,9628
5015,0,0,8,10,18,36,68,61,36,228,0,0,0,4,5,3,7,12,3,37,14,33,56,34,62,55,64,28,10,354,139,348,879,788,924,820,525,222,81,4722
5016,5,0,4,8,16,36,88,109,135,407,0,0,3,5,0,3,0,4,5,18,16,12,40,48,60,59,63,62,83,442,213,436,1151,1102,1361,1195,782,492,424,7160
5017,0,7,16,10,18,45,93,95,31,312,0,0,0,4,3,0,3,3,0,17,16,14,35,63,52,71,67,34,11,364,137,276,609,642,715,680,534,297,78,3959
5018,0,3,0,3,4,31,71,52,26,194,0,0,0,0,0,0,0,7,0,6,5,18,22,26,22,52,57,51,24,274,133,338,543,582,793,1114,748,293,123,4669
5019,3,3,14,18,19,49,112,115,100,430,3,0,0,3,3,5,3,6,9,31,21,26,60,64,109,95,109,80,55,615,206,450,1031,1228,1392,1399,1014,495,297,7511
5020,0,0,0,0,0,4,21,31,25,91,0,0,0,0,0,3,3,3,0,9,17,14,6,21,29,22,28,22,13,162,70,156,276,362,402,504,467,210,97,2542
5021,0,0,5,0,3,22,90,121,73,316,0,0,3,4,3,0,9,8,3,25,5,12,25,16,29,44,74,61,17,280,114,286,486,541,695,920,1052,601,264,4958
5022,3,6,8,10,16,31,131,169,153,524,0,0,3,9,9,9,5,24,4,63,32,54,110,107,133,140,115,91,49,834,374,886,1632,1978,2420,2244,1692,934,529,12698
5023,3,4,28,29,64,116,297,456,265,1267,0,3,11,15,30,34,56,90,46,296,54,62,112,145,136,150,163,168,137,1121,430,1024,2539,2066,2224,1855,1411,1236,659,13439
5024,0,0,8,13,12,54,211,294,158,756,0,3,0,4,5,14,20,35,19,95,30,36,76,78,100,78,91,117,55,660,347,807,1472,1688,2036,1655,1580,1166,512,11263
5025,0,0,5,3,25,51,192,215,103,599,0,0,5,7,9,7,11,29,8,76,14,17,42,28,44,35,54,55,30,318,198,486,1031,1005,1178,934,900,651,259,6641
5031,3,8,6,15,17,36,142,251,87,555,4,3,15,17,8,8,27,57,21,162,28,40,90,83,81,75,65,57,25,541,257,986,1929,1401,1354,1058,657,524,182,8352
5032,0,5,22,20,30,52,147,228,112,606,0,3,4,9,14,9,8,40,23,112,18,43,95,76,81,78,71,66,84,615,285,926,2038,1664,1711,1420,1064,802,451,10361
5033,0,4,3,11,22,39,123,161,101,477,0,0,8,10,18,18,13,32,10,110,18,49,118,75,69,65,74,79,109,646,214,742,1652,1148,1020,809,605,469,323,6980
5034,0,0,3,3,3,18,57,95,87,265,0,0,6,3,5,6,8,16,8,46,21,28,73,63,62,67,60,47,48,461,268,731,1488,1367,1299,1281,899,450,341,8122
5035,0,3,0,0,10,19,49,60,52,189,0,0,3,0,3,3,6,7,6,28,10,25,77,39,52,47,38,31,37,357,148,467,1106,887,736,672,490,321,202,5030
5037,0,0,13,14,18,49,121,133,102,447,0,0,3,3,7,3,7,11,11,54,17,37,105,72,71,58,75,113,217,781,260,971,1868,1404,1227,1057,823,674,562,8849
5038,3,4,13,16,36,77,124,180,121,568,0,3,14,10,16,12,14,18,14,111,16,55,157,96,80,104,98,95,68,761,334,1227,3022,2144,1823,1635,1153,801,446,12586
5039,3,3,6,15,21,57,68,100,79,361,0,0,3,3,7,9,7,18,3,55,16,30,88,61,58,82,38,58,42,477,219,675,1480,1259,1076,1073,578,448,285,7087
5040,0,0,7,0,3,9,24,15,9,77,0,0,0,0,0,0,0,0,0,3,0,4,6,11,9,26,15,12,9,89,67,115,208,264,321,364,334,189,65,1919
5041,3,4,5,6,12,26,85,114,115,361,0,0,8,0,6,3,10,11,8,44,20,31,54,92,63,75,73,75,105,579,359,775,1489,1849,1904,1648,1161,634,565,10373
5042,0,0,12,22,19,44,108,159,96,467,0,0,6,8,9,14,15,27,7,83,20,42,95,48,58,74,82,103,55,573,397,1057,1895,1355,1144,1045,897,774,356,8922
5043,5,12,27,29,75,108,223,318,273,1069,0,6,14,31,33,30,25,22,11,164,39,81,179,124,143,134,157,158,121,1123,466,1537,3069,2339,2084,2061,1773,1357,833,15521
5044,0,0,9,3,12,21,60,101,146,359,0,3,8,0,4,3,0,7,4,30,11,23,54,66,65,71,74,88,100,561,235,658,1134,1261,1479,1393,1195,788,631,8775
5045,0,3,10,8,15,25,83,98,104,347,0,0,4,0,6,5,0,7,4,37,38,62,177,137,120,185,165,146,150,1183,326,1001,2231,1988,2037,2313,1795,957,591,13230
5046,3,3,5,6,19,29,81,86,124,362,0,4,7,3,8,14,5,0,9,49,17,51,71,65,60,52,81,74,63,522,218,778,1322,1104,1038,1102,924,582,512,7587
5047,0,7,13,10,25,44,77,109,56,338,0,4,14,12,7,7,6,6,4,64,25,36,98,51,70,58,65,56,36,505,219,599,1354,1085,985,926,815,493,204,6671
5048,0,3,18,17,45,52,74,109,110,424,0,0,8,15,39,44,15,6,5,129,20,28,83,93,90,155,155,171,143,933,293,722,1471,1683,1879,2035,1671,1094,762,11606
5049,3,0,4,4,7,19,49,59,35,195,0,0,0,0,0,3,10,4,4,22,29,20,43,41,62,116,73,39,26,446,213,505,1065,1265,1364,1464,1201,533,209,7820
5050,0,3,0,3,0,3,24,33,46,114,0,0,0,0,3,3,0,0,0,13,17,19,18,22,42,26,43,37,22,245,156,335,492,639,749,711,736,467,225,4509
5051,0,0,9,9,8,12,51,40,35,170,0,0,0,5,3,11,5,3,0,32,21,12,52,59,65,63,83,51,23,429,351,762,1252,1997,2099,1866,1514,626,231,10699
5052,0,0,0,0,3,3,7,19,26,65,0,0,0,0,0,0,0,0,0,3,13,13,10,27,44,25,36,52,53,281,163,337,478,794,957,806,797,462,232,5027
5061,6,3,7,8,10,11,56,97,66,256,0,0,0,0,5,3,5,18,4,45,23,27,37,56,58,76,70,37,18,398,238,680,1123,1203,1383,1314,1062,481,247,7722
5062,0,0,11,12,10,32,59,64,82,272,0,0,0,0,4,4,3,7,5,24,19,48,54,71,92,89,110,72,82,626,339,939,1443,1771,2149,2055,1628,758,506,11595
5063,0,0,3,3,4,25,72,115,82,319,0,0,0,9,8,3,12,13,11,56,32,38,85,104,94,100,87,71,101,701,275,803,1734,1697,1659,1456,1154,633,493,9909
5064,4,0,3,3,4,3,34,46,66,160,0,0,0,3,0,5,4,3,0,19,25,13,30,45,54,62,64,76,168,542,277,488,717,1086,1316,1278,1149,772,657,7735
5065,0,3,9,6,11,8,24,54,54,175,0,0,3,0,0,0,0,4,3,21,12,12,39,51,53,79,87,73,107,508,197,552,957,1272,1367,1246,1193,669,515,7978
5066,0,0,0,4,4,7,27,41,35,132,0,0,3,5,0,5,4,4,0,22,30,21,21,48,59,77,78,50,29,407,322,673,800,1381,1787,1608,1339,725,310,8944
5067,0,3,3,3,3,8,58,82,60,220,0,0,3,3,3,6,4,26,16,61,18,42,156,84,92,84,80,71,40,669,230,730,1788,1377,1239,1294,1052,538,200,8459
5068,7,0,3,7,6,14,64,151,88,338,0,0,3,3,0,6,7,15,13,51,17,37,52,52,72,68,90,74,82,541,290,858,1331,1453,1607,1480,1248,895,606,9772
5069,0,0,3,3,9,11,47,104,68,250,0,0,7,4,3,11,10,18,21,69,9,34,59,45,75,57,32,42,13,373,180,630,1168,1044,1238,1061,737,427,201,6680
5070,0,5,16,6,17,51,202,391,290,982,0,0,6,5,15,4,28,48,32,141,14,31,84,75,77,63,88,125,114,669,285,1064,2213,1819,1715,1505,1277,1153,784,11805
5072,3,4,7,3,11,33,116,195,119,502,0,0,11,3,7,7,13,25,17,82,12,28,69,55,87,69,75,92,51,535,344,788,1532,1634,1724,1483,1269,840,458,10068
5073,7,5,13,8,25,46,278,388,148,911,0,0,7,10,9,10,38,67,32,179,21,23,62,68,101,70,98,109,48,605,355,973,1864,1970,2153,1577,1458,1263,488,12096
5074,0,0,10,8,33,87,264,361,215,980,0,3,14,8,12,19,45,66,38,200,35,27,77,80,83,68,98,125,68,663,290,785,1735,1707,1717,1308,1220,1105,518,10381
5075,0,0,7,18,8,55,175,214,96,569,0,0,5,5,5,9,18,21,14,88,23,27,55,43,61,71,67,84,56,470,237,677,1301,1320,1347,1276,1224,811,351,8537
5076,0,0,4,6,3,33,133,138,24,347,0,0,3,0,0,6,14,21,10,55,4,13,17,33,32,35,50,47,14,249,225,616,937,1139,1426,1313,1001,505,102,7270
5081,4,3,9,3,13,21,36,74,62,217,0,3,6,4,7,8,5,3,3,34,21,36,75,66,64,74,68,63,37,505,224,643,1127,1069,1218,1265,968,624,352,7497
5082,3,5,20,12,20,43,119,206,144,568,6,9,23,20,20,23,19,39,15,165,34,59,136,102,125,127,87,68,46,774,363,1232,2351,2009,2083,1888,1077,628,338,11975
5083,3,4,13,14,10,31,59,90,70,293,0,4,11,4,10,12,7,7,14,73,8,18,55,41,39,41,34,26,36,302,158,524,1271,1067,958,914,540,305,221,5965
5084,11,35,78,102,82,98,117,125,94,747,9,38,101,157,117,84,44,34,10,597,41,68,150,150,120,114,86,70,30,808,277,825,1828,1461,1234,1027,634,381,216,7890
5085,12,26,57,68,79,109,181,192,153,878,4,13,67,57,81,51,50,24,17,365,50,180,484,397,251,151,142,118,113,1878,449,1389,4232,3176,2151,1729,1230,761,509,15624
5086,6,3,22,34,49,109,171,174,106,687,0,0,14,26,28,28,18,15,13,142,29,32,159,143,106,129,134,99,47,882,375,1018,2790,2375,2019,1751,1314,735,347,12710
5087,3,3,11,20,18,51,128,182,74,484,3,0,9,6,22,18,8,12,5,95,23,24,96,97,76,74,79,101,81,667,242,767,2258,1658,1288,1129,888,677,296,9211
5088,0,3,6,6,4,25,42,51,17,166,0,0,0,0,3,4,3,6,0,26,9,8,30,27,26,30,26,23,10,184,67,207,545,474,422,387,293,199,52,2636
5089,0,0,3,3,6,4,57,59,11,151,0,0,0,3,0,0,0,0,0,9,13,15,28,28,41,34,41,27,11,227,157,358,737,819,1019,871,804,277,64,5112
5090,0,3,7,10,16,29,108,185,226,588,0,0,0,3,3,3,5,7,6,33,15,18,27,27,54,27,66,92,83,410,165,355,914,869,906,871,982,800,668,6528
5091,0,3,3,5,4,10,65,57,27,173,0,0,0,0,0,4,0,3,0,13,21,5,37,51,47,38,65,42,12,325,204,376,872,997,1055,867,991,461,111,5938
5092,3,0,22,11,25,66,161,161,74,536,0,0,12,9,14,9,13,15,3,74,29,39,116,91,89,90,86,104,53,703,457,1097,2504,2403,2168,2205,1824,954,301,13917
5093,0,3,13,16,20,36,148,99,57,396,0,3,7,9,19,11,16,7,5,73,20,13,45,47,42,44,92,67,25,402,216,516,1204,1224,1127,921,1208,514,157,7089
5094,0,3,0,3,11,9,21,12,3,63,0,0,3,3,3,8,0,0,0,25,3,0,11,4,5,7,11,3,0,54,37,63,127,115,117,88,122,52,15,732
5095,5,15,49,41,62,109,146,161,66,659,3,8,25,48,60,47,38,33,7,270,57,79,254,171,166,102,99,80,63,1067,615,1810,3947,3112,2548,1950,1183,582,218,15970
5096,9,6,27,39,46,87,156,118,45,530,0,3,16,31,33,27,20,27,3,157,40,32,82,76,94,101,85,85,23,624,371,899,1840,1755,1846,1644,1136,647,192,10327
5097,3,3,5,15,13,45,171,151,157,569,0,0,0,0,3,0,8,0,16,30,18,22,49,60,72,89,77,87,71,544,316,759,1732,1727,1770,1810,1476,780,410,10783
5098,3,3,28,26,26,67,247,139,124,668,0,10,11,22,28,27,25,12,11,154,24,31,71,86,66,76,125,93,44,613,261,681,1505,1740,1503,1301,1594,732,343,9664
5106,0,0,0,0,0,0,3,4,6,14,0,0,0,0,0,0,0,0,0,0,0,0,0,0,0,0,7,10,21,46,8,34,55,4,0,10,23,25,50,202
5107,5,19,63,80,105,137,266,170,73,911,0,12,48,77,111,110,65,39,18,480,52,36,121,106,132,121,104,88,42,806,498,1159,2583,2236,2264,1912,1361,696,212,12913
5108,28,53,211,210,268,371,569,413,181,2301,6,33,126,207,246,206,122,111,28,1075,127,174,410,334,348,321,283,250,98,2340,1199,2972,6259,5178,5394,4566,2891,1587,531,30585
5109,12,13,67,79,84,133,301,242,99,1034,0,5,24,56,65,60,37,39,11,300,61,58,153,131,144,171,179,137,90,1126,597,1323,2725,2599,2778,2610,2027,1173,411,16251
5110,7,8,35,41,55,72,125,98,21,464,0,5,20,30,48,60,39,28,16,244,38,41,72,82,93,82,78,57,24,556,255,612,1415,1233,1100,948,613,353,106,6633
5111,0,0,0,0,0,0,0,0,0,0,0,0,0,0,0,0,0,0,0,0,5,18,9,3,0,0,0,0,0,38,42,131,70,15,11,3,3,0,0,272
5112,24,23,104,120,99,144,261,181,108,1072,3,12,51,108,84,59,39,28,6,388,91,110,196,200,263,220,195,273,164,1716,596,1306,2491,2300,2624,2231,1565,1210,551,14876
5113,20,24,78,94,122,179,251,190,93,1052,9,8,26,53,49,29,26,26,20,251,114,144,277,212,251,234,202,216,73,1723,626,1439,2826,2034,2253,1996,1416,1032,367,13987
5114,7,22,92,77,83,182,270,131,70,943,0,9,42,55,36,36,28,21,11,228,103,167,338,251,264,219,198,153,93,1789,1051,2665,5446,4206,4446,3345,1886,866,358,24275
5115,3,12,33,24,22,50,87,47,8,293,0,3,7,7,6,13,3,10,3,61,31,57,140,98,69,75,50,13,9,535,332,983,2219,1240,1028,788,432,166,35,7226
5116,4,6,3,12,11,45,121,121,73,391,0,0,3,0,3,0,3,9,4,22,29,23,69,56,61,67,73,83,57,520,264,606,1239,1055,1127,1081,897,656,238,7163
5117,3,5,0,4,8,13,29,19,8,82,0,0,0,0,0,0,3,0,3,5,6,9,19,19,13,11,13,12,7,114,93,173,284,450,492,270,206,94,24,2091
5118,4,0,10,25,40,86,224,227,136,754,0,4,4,4,0,5,8,10,3,33,60,53,106,125,205,214,167,137,82,1147,521,1151,1939,2187,2829,2494,1747,1045,460,14365
5120,0,4,10,14,32,35,48,37,8,183,0,3,4,7,11,19,12,15,4,73,6,6,17,29,28,28,9,11,3,141,45,124,235,285,273,288,166,86,16,1519
5121,0,0,3,3,3,27,47,27,3,123,0,0,0,0,3,12,7,6,0,28,4,9,4,7,11,16,20,22,6,91,32,144,199,153,204,241,208,153,26,1351
5125,0,3,11,13,19,35,113,84,32,308,0,0,0,3,4,6,5,3,0,28,30,41,69,91,119,105,114,107,84,776,576,1195,1992,2586,3181,2459,1638,818,218,14659
5126,3,0,6,6,8,23,50,35,20,142,0,0,0,0,3,3,0,0,0,11,12,10,25,52,32,36,45,32,4,256,177,437,929,1013,952,923,768,302,68,5555
5127,0,0,0,9,8,34,68,39,27,182,0,0,0,0,0,3,0,0,3,12,18,18,20,28,53,40,44,25,11,251,241,510,867,913,1258,1227,757,277,96,6140
5131,0,0,0,0,0,4,5,10,0,24,0,0,0,0,0,0,0,0,0,0,0,3,0,0,10,15,15,5,0,44,33,66,57,108,183,178,125,48,4,793
5132,0,0,0,0,0,0,3,4,0,10,0,0,0,0,0,0,0,0,0,0,3,3,0,0,3,5,7,3,0,27,16,18,24,57,71,55,75,15,3,329
5133,0,0,0,0,0,0,6,0,0,11,0,0,0,0,0,0,0,0,0,0,0,6,0,6,6,0,9,3,3,31,12,27,23,43,68,61,57,15,6,306
5134,0,0,0,0,0,0,4,3,3,8,0,0,0,0,0,0,0,0,0,0,3,0,0,8,4,7,8,0,0,28,15,14,19,58,67,73,51,28,5,336
5136,0,0,0,0,0,0,8,3,0,8,0,0,0,0,0,0,0,0,0,3,0,0,8,3,8,6,6,0,0,34,17,23,50,59,109,70,55,15,4,396
5137,0,0,3,0,0,3,5,5,0,19,0,0,0,0,0,0,0,0,0,0,5,6,0,3,4,5,0,0,0,27,17,41,47,54,81,107,75,18,12,461
5138,0,0,0,0,0,0,3,0,0,5,0,0,0,0,0,0,0,0,0,0,0,0,0,0,0,0,4,0,0,5,9,13,19,33,54,49,29,12,3,226
5139,0,0,0,0,0,0,3,0,0,3,0,0,0,0,0,0,0,0,0,0,0,0,3,0,0,5,0,0,0,15,3,6,24,20,41,43,27,14,3,180
5140,0,0,0,0,0,0,0,0,0,0,0,0,0,0,0,0,0,0,0,0,3,0,0,0,3,0,3,0,0,7,8,12,39,76,66,44,45,3,0,300
5141,0,0,0,0,0,0,5,0,0,13,0,0,0,0,0,0,3,0,0,3,3,3,3,6,4,3,7,0,0,26,21,32,54,90,101,122,72,14,6,516
5142,0,0,0,0,0,0,0,5,4,12,0,0,0,0,0,0,0,0,0,0,0,0,3,0,6,5,0,5,3,26,6,33,58,64,76,94,50,41,25,449
5144,0,0,0,0,0,3,0,7,0,10,0,0,0,0,0,0,0,0,0,0,0,0,0,3,4,10,3,0,0,20,15,31,23,43,74,100,59,20,4,354
5150,0,0,0,0,0,0,3,0,0,3,0,0,0,0,0,0,0,0,0,0,0,0,0,0,0,7,0,0,0,5,0,3,4,7,8,11,8,5,0,53
5151,0,0,0,0,0,3,3,0,3,6,0,0,0,0,0,0,0,0,0,0,0,0,0,3,3,0,3,0,0,17,10,19,32,32,72,57,38,12,8,274
5152,0,0,3,3,0,5,19,18,20,69,0,0,0,3,0,0,0,0,0,12,12,7,19,36,47,36,41,22,12,232,120,256,389,790,974,880,809,311,118,4642
5153,3,0,0,0,0,5,25,24,17,82,0,0,0,0,0,0,0,0,0,0,22,13,29,38,75,71,55,20,10,336,189,320,517,748,1142,1105,669,197,85,4971
5154,0,0,0,0,0,3,9,9,9,25,0,0,0,0,0,0,0,0,4,6,6,6,10,22,17,29,20,10,7,133,76,139,156,435,512,552,468,135,54,2522
5155,0,0,0,0,0,8,6,16,14,39,0,0,0,0,0,0,0,0,0,0,5,3,13,26,24,31,21,17,4,140,71,152,394,605,574,561,349,120,42,2868
5156,0,0,0,0,0,0,3,3,0,6,0,0,0,0,0,0,0,0,0,0,0,6,3,4,5,12,6,0,0,27,19,54,71,126,144,170,108,28,9,725
5157,0,0,0,0,4,3,23,16,4,49,0,0,0,0,0,0,0,0,0,3,10,9,5,14,24,31,35,0,6,145,89,154,155,335,512,544,411,99,23,2326
5158,4,3,15,11,15,61,129,99,68,405,0,0,3,0,8,3,12,9,4,38,37,53,93,94,143,170,106,87,64,843,652,1465,3113,3502,3571,3650,2039,756,305,19060
5159,5,4,16,13,23,70,177,167,141,622,0,0,7,3,0,6,8,3,6,36,47,62,118,154,172,187,168,131,85,1135,863,1925,3644,4257,4715,4784,3387,1431,693,25704
5160,0,0,0,0,0,0,4,0,0,4,0,0,0,0,0,0,0,0,0,0,0,0,0,0,0,0,0,0,0,3,0,0,0,3,6,3,9,0,0,22
5161,3,0,12,14,22,27,103,92,86,364,0,0,3,3,0,0,0,10,0,19,18,18,51,56,51,45,60,62,61,421,230,597,1546,1290,1233,1246,1079,536,274,8032
5162,7,14,26,30,57,151,383,277,173,1112,0,4,8,6,17,23,13,22,5,90,77,96,233,195,236,239,319,274,186,1860,870,2158,4553,4289,4551,4182,3681,1750,687,26730
5163,8,6,24,28,38,76,181,107,88,554,3,0,8,3,0,5,7,8,9,42,37,48,85,98,105,141,150,93,31,809,355,887,1816,1760,1871,1933,1517,590,301,11033
5164,5,8,7,9,10,33,83,60,31,247,0,0,4,5,3,3,4,4,0,20,34,33,46,78,69,81,100,70,24,543,143,326,660,654,621,599,634,324,141,4103
5165,0,0,4,8,10,20,45,47,35,162,0,0,0,4,3,3,0,0,0,10,27,40,54,68,68,66,76,84,78,562,139,410,699,619,696,614,531,400,198,4300
5166,0,0,9,7,7,20,34,16,3,91,0,0,0,0,0,0,0,0,0,0,3,5,22,10,12,14,29,12,0,123,40,118,236,211,240,261,274,113,18,1515
5167,0,0,9,5,12,11,45,34,17,138,0,0,0,0,3,3,4,0,0,8,13,12,43,70,48,51,64,64,74,446,141,305,627,790,802,786,622,333,152,4553
5168,0,5,7,14,14,28,76,27,18,182,0,3,0,0,0,3,5,0,0,11,6,28,55,41,42,35,62,25,3,312,109,367,801,704,707,712,549,213,58,4227
5169,4,9,10,10,18,54,122,88,62,376,0,3,3,5,3,5,7,0,0,28,53,50,146,131,124,125,103,128,79,936,434,1124,2519,2297,2111,1829,1398,730,355,12799
5170,0,0,0,0,4,3,6,4,3,20,0,0,0,0,0,0,0,0,0,5,5,3,6,3,6,19,4,15,0,66,31,53,132,151,192,183,96,67,19,919
5171,0,3,0,4,5,13,52,70,44,192,0,0,0,0,0,0,0,4,0,3,19,12,21,44,47,62,54,59,77,387,151,250,394,728,905,840,787,426,216,4693
5172,0,0,0,4,8,14,22,16,11,64,0,0,0,0,0,0,0,0,0,8,16,8,23,24,49,37,32,15,7,221,104,184,266,526,629,620,426,219,56,3042
5173,5,3,9,6,12,43,78,80,48,293,0,3,3,3,4,4,3,3,0,23,45,48,129,121,146,132,127,92,48,887,327,670,1634,1709,1682,1392,1148,557,207,9336
5174,0,0,4,3,10,9,33,9,9,69,0,0,0,0,0,3,0,0,0,8,7,10,36,32,29,38,28,13,0,190,77,154,378,375,480,392,281,83,18,2233
5201,0,3,0,3,3,6,20,11,8,46,0,0,0,0,0,0,0,0,0,0,11,13,13,23,19,18,6,3,0,106,62,107,215,233,332,322,183,56,18,1515
5202,0,0,0,5,3,7,11,15,4,40,0,0,0,0,0,0,0,0,0,0,0,7,7,0,12,6,6,3,3,45,16,39,104,101,145,136,81,32,18,672
5203,0,0,3,0,6,3,20,15,19,63,0,0,0,0,0,0,3,0,0,7,5,4,6,3,13,30,26,6,4,107,26,45,83,109,170,241,202,112,61,1047
5204,0,0,5,0,9,8,42,24,16,101,0,0,0,0,0,0,0,0,0,3,5,6,16,17,25,59,61,29,6,218,39,76,161,229,332,639,652,249,61,2428
5210,0,0,0,3,3,10,20,5,7,43,0,0,3,0,0,0,0,0,0,6,9,5,6,33,17,23,15,3,3,112,42,79,157,238,252,267,187,43,13,1281
5211,4,3,13,21,19,57,235,222,161,735,0,0,0,3,5,3,7,4,4,28,25,32,48,90,108,155,208,220,179,1068,245,482,1025,1303,1597,2278,3254,1838,795,12825
5212,0,0,0,0,0,6,21,26,15,78,0,0,0,0,0,0,0,0,0,3,3,4,10,19,10,28,33,45,53,212,28,57,131,171,200,319,439,317,130,1805
5213,0,0,0,0,0,0,8,12,3,21,0,0,0,0,0,0,0,0,0,0,3,4,4,14,5,8,8,6,3,54,20,46,91,150,165,204,166,76,20,925
5214,0,4,13,4,9,33,112,134,87,399,0,0,0,0,3,0,3,0,3,14,18,20,37,39,72,98,170,146,85,674,129,260,518,667,940,1396,1849,1052,390,7209
5220,0,0,0,0,0,0,0,0,3,7,0,0,0,0,0,0,0,0,0,0,0,0,3,0,0,0,0,0,0,7,0,7,29,14,24,17,19,4,9,120
5221,0,0,0,0,0,3,9,3,0,13,0,0,0,0,0,0,0,0,0,0,4,0,4,0,3,8,15,3,0,36,3,6,19,18,40,55,74,16,3,236
5222,0,0,0,0,3,3,9,7,0,22,0,0,0,0,0,0,0,0,0,0,3,3,5,6,13,4,12,12,3,64,7,12,58,57,92,115,133,51,13,532
5223,0,0,9,3,9,15,47,46,39,163,0,0,0,3,0,0,0,0,0,6,12,19,40,33,46,76,48,42,16,336,76,131,338,386,538,667,468,208,100,2910
5231,0,0,0,0,0,3,3,9,4,23,0,0,0,0,0,0,0,0,0,0,4,5,7,8,13,22,4,6,3,69,44,65,99,134,228,216,122,51,9,971
5232,0,0,0,0,0,3,0,6,0,8,0,0,0,0,0,0,0,0,0,0,4,3,0,3,4,4,4,0,0,21,16,42,21,31,91,81,45,16,4,347
5233,0,0,3,0,0,4,9,11,12,44,0,0,0,0,0,0,0,0,0,0,4,4,7,16,14,7,8,8,9,76,44,84,131,156,257,233,168,70,47,1185
5234,0,0,0,0,0,0,6,13,5,30,0,0,0,0,0,0,0,0,0,0,7,7,5,12,13,9,6,5,3,72,46,68,88,160,240,190,121,49,15,979
5235,0,0,0,0,3,6,34,23,7,74,0,0,0,0,0,0,0,0,0,0,8,4,14,14,28,50,36,18,16,191,55,96,150,318,399,450,355,129,35,1983
5236,0,0,3,0,0,0,3,4,3,12,0,0,0,0,0,0,0,0,0,0,0,3,0,0,9,11,3,0,0,30,12,16,15,33,73,44,37,9,3,244
5237,0,0,0,0,0,3,10,3,0,19,0,0,0,0,0,0,0,0,0,3,0,0,8,7,9,4,0,0,0,28,4,21,28,44,70,50,44,7,5,277
5238,0,0,3,3,24,40,121,88,41,319,0,0,0,0,0,0,0,4,0,6,15,13,34,23,53,89,76,61,37,392,84,144,310,356,545,724,744,357,133,3397
5240,0,0,3,0,0,0,0,3,0,9,0,0,0,0,0,0,0,0,0,0,0,0,3,0,3,4,3,0,3,18,11,15,49,58,82,90,48,22,4,388
5241,0,0,3,7,17,20,37,37,22,130,0,0,0,0,7,0,0,0,0,10,4,7,23,19,24,21,20,26,5,136,39,137,284,279,390,331,236,150,70,1935
5242,0,0,0,0,4,4,16,18,7,39,0,0,0,0,0,0,0,0,0,0,4,6,8,10,7,14,12,11,0,73,42,91,145,187,252,234,197,85,34,1270
5243,0,0,0,0,0,0,3,3,0,11,0,0,0,0,0,0,0,0,0,0,5,0,4,3,9,16,7,8,0,53,19,48,74,84,144,146,116,46,7,679
5244,3,0,0,3,5,11,29,45,31,135,0,0,0,3,0,0,0,0,0,4,15,41,38,28,45,47,39,29,21,305,116,270,383,538,645,617,454,189,102,3319
5245,0,0,0,4,0,13,23,34,58,133,0,0,0,0,0,3,0,0,0,8,9,9,11,22,26,36,38,42,35,223,70,122,210,329,405,478,401,261,187,2457
5250,3,0,0,3,3,5,20,12,11,53,0,0,0,0,0,0,0,0,0,0,8,9,18,22,19,26,29,6,0,137,100,184,308,504,543,454,349,101,29,2564
5251,0,3,9,15,16,49,104,111,99,412,0,0,3,9,9,3,3,8,0,27,37,42,120,117,111,102,109,103,53,800,399,910,1879,1959,1867,1653,1363,709,319,11051
5252,3,0,4,3,10,12,32,24,6,95,0,0,0,0,0,0,3,0,0,3,24,16,46,67,66,58,38,17,0,333,191,379,872,967,990,734,475,147,34,4784
5253,13,12,43,53,58,162,408,369,215,1330,4,9,17,22,15,11,12,8,0,106,66,139,287,234,232,172,225,149,80,1588,504,1296,2447,2045,2399,2210,2052,1207,483,14641
5254,4,3,0,0,8,7,47,30,5,110,0,0,0,0,0,0,0,0,0,5,13,12,10,32,39,34,11,18,3,165,67,119,242,280,405,364,245,101,24,1852
5255,0,3,3,6,7,35,110,97,68,335,0,0,3,6,0,0,0,3,0,18,33,19,57,72,83,89,102,84,64,598,241,421,842,1054,1297,1306,1215,587,224,7188
5256,0,0,3,0,3,12,17,17,7,57,0,0,0,0,3,0,0,0,0,5,8,3,14,14,10,22,34,17,7,122,27,59,115,119,184,259,269,90,20,1147
5259,0,0,3,5,4,4,25,14,0,51,0,0,0,0,0,0,0,0,0,0,6,0,9,12,18,26,35,10,3,123,26,45,114,107,180,167,173,53,8,885
5260,0,0,5,3,7,18,64,42,13,155,0,0,0,0,3,0,0,0,0,8,3,5,18,16,19,18,32,21,4,143,32,99,138,181,250,273,264,138,37,1411
5261,0,0,0,0,4,3,10,3,0,15,0,0,0,0,0,0,0,0,0,0,0,0,3,5,0,0,0,0,0,14,9,11,29,47,62,59,34,15,3,275
5262,0,0,0,0,0,0,0,3,0,8,0,0,0,0,0,0,0,0,0,3,0,0,4,0,6,3,4,3,0,23,4,11,52,41,69,75,36,14,0,312
5263,0,0,0,0,0,0,0,0,0,0,0,0,0,0,0,0,0,0,0,0,0,0,0,0,3,0,3,0,0,6,3,4,13,22,30,22,19,7,0,112
5264,0,0,0,0,5,15,40,35,20,124,0,0,0,0,0,0,0,0,0,3,3,7,8,11,12,17,28,15,7,109,19,54,121,104,155,218,199,108,45,1023
5265,0,0,0,0,6,0,6,7,0,21,0,0,0,0,0,0,0,0,0,0,0,0,5,7,8,5,3,3,3,38,7,9,54,52,64,63,42,23,3,330
5266,0,0,0,4,0,0,13,9,10,31,0,0,0,0,0,0,0,0,0,0,3,0,9,7,9,0,4,0,0,40,20,30,79,85,69,61,68,45,18,465
5267,0,0,5,3,0,11,31,25,9,95,0,0,0,0,0,0,0,0,0,3,8,13,20,16,15,33,33,7,12,151,52,79,199,275,237,293,204,83,53,1473
5268,3,5,8,18,18,23,50,50,27,211,0,8,6,11,15,5,3,0,0,55,12,22,42,29,70,28,39,33,62,339,100,199,444,400,538,402,337,227,142,2789
5269,0,0,0,0,0,3,9,7,0,18,0,0,0,0,0,0,0,0,0,0,0,0,0,0,9,5,3,3,0,27,8,13,16,30,45,45,28,12,0,198
5270,0,0,0,0,0,0,7,9,4,18,0,0,0,0,0,0,0,0,0,0,0,5,0,3,5,3,5,0,0,29,16,25,59,66,119,87,70,17,7,464
5271,3,9,22,18,20,35,110,88,56,358,0,10,32,53,37,19,8,3,0,157,18,21,67,58,65,79,57,53,60,481,155,390,882,984,986,927,765,435,206,5738
5272,0,0,0,0,0,4,12,12,9,36,0,0,0,0,0,0,0,0,0,0,4,0,3,8,9,4,8,3,3,44,13,31,69,87,137,141,85,31,22,617
5273,0,0,0,0,0,0,3,0,0,3,0,0,0,0,0,0,0,0,0,0,0,0,0,0,0,4,0,0,0,8,0,4,18,14,20,19,11,0,0,78
5275,0,0,4,0,10,22,52,51,27,159,0,0,0,0,0,0,3,0,0,7,7,5,13,23,19,21,36,36,19,177,36,105,237,241,277,396,371,231,70,1966
5276,0,0,0,0,0,3,18,14,9,47,0,0,0,0,0,0,0,0,0,3,0,5,3,5,21,19,19,13,6,100,10,53,103,123,176,208,186,99,40,1002
5277,0,0,3,13,12,31,72,47,30,210,0,0,0,0,0,4,0,0,0,5,4,14,14,30,27,32,39,17,8,181,60,135,268,374,427,410,355,152,75,2259
5278,0,0,0,0,0,8,16,13,0,32,0,0,0,0,0,0,0,0,0,0,0,0,0,3,11,8,0,0,0,29,16,27,41,60,97,82,60,25,0,408
5279,0,0,0,0,0,13,23,12,0,48,0,0,0,0,0,0,0,0,0,0,0,0,3,15,6,12,5,4,3,42,15,11,39,68,67,102,72,31,4,409
5280,4,3,14,7,19,66,135,142,83,470,0,0,0,0,3,0,3,4,3,14,18,31,52,45,91,95,109,74,85,593,176,338,626,784,1076,1180,938,492,241,5843
5290,12,20,62,67,82,168,417,457,272,1547,0,8,18,21,18,24,15,17,5,129,71,80,180,202,227,243,291,250,129,1673,662,1450,3087,2967,3355,3192,2547,1555,692,19513
5291,3,3,3,3,23,55,140,108,49,390,3,0,3,3,0,0,0,3,0,9,35,49,177,185,198,142,120,61,31,999,237,370,877,1226,1569,1349,916,334,121,7000
5301,0,0,0,0,0,8,15,7,0,30,0,0,0,0,0,0,0,0,0,0,3,0,5,3,4,13,4,7,0,39,6,12,50,61,83,122,67,31,0,439
5302,0,0,0,0,3,5,14,21,12,56,0,0,0,0,0,0,0,0,0,0,3,0,5,7,9,10,16,16,9,73,16,14,86,104,115,116,123,78,29,680
5303,0,0,0,3,0,3,3,0,0,11,0,0,0,0,0,0,0,0,0,3,0,0,0,7,0,3,0,0,0,7,6,8,28,34,33,21,17,10,3,159
5304,0,0,6,0,3,3,15,11,10,53,0,0,0,0,0,0,0,0,0,0,3,4,6,9,18,12,8,5,6,73,16,38,93,84,115,116,85,44,29,628
5306,0,0,0,0,0,0,3,0,0,6,0,0,0,0,0,0,0,0,0,0,0,0,0,0,0,0,0,0,0,0,5,3,3,6,12,13,13,0,0,61
5307,0,0,5,0,0,7,18,22,21,71,0,0,0,0,0,0,0,0,0,0,0,3,0,3,0,3,17,5,5,39,8,21,36,51,73,85,80,60,39,456
5308,0,0,0,0,0,0,5,0,0,10,0,0,0,0,0,0,0,0,0,0,0,0,0,0,0,3,0,0,0,5,3,3,13,26,30,21,17,4,0,111
5309,0,0,0,0,0,0,7,3,0,9,0,0,0,0,0,0,0,0,0,0,0,0,0,3,0,0,8,0,0,17,3,3,14,19,26,24,29,7,0,125
5310,0,0,0,0,0,0,4,0,0,4,0,0,0,0,0,0,0,0,0,0,0,3,0,0,3,0,0,0,0,6,0,5,3,7,11,10,11,4,0,54
5311,0,0,0,0,0,8,6,3,4,28,0,0,0,0,0,0,0,0,0,0,7,0,0,0,7,3,4,3,0,21,19,25,34,33,86,71,41,15,0,326
5320,0,0,0,0,0,4,25,12,0,45,0,0,0,0,0,0,3,0,0,3,4,0,0,3,5,17,13,4,4,45,6,9,49,57,96,142,129,61,10,571
5321,0,0,0,0,0,5,8,6,3,24,0,0,0,0,0,0,0,0,0,0,0,17,64,78,37,20,16,6,0,240,7,26,82,104,88,107,72,22,3,510
5322,0,0,3,0,5,3,24,24,0,66,0,0,0,0,0,0,0,0,0,5,3,3,3,14,15,10,19,5,0,75,26,36,97,101,157,154,166,57,10,808
5330,0,3,0,8,3,30,80,73,51,245,0,0,0,3,4,0,0,3,0,20,16,11,19,26,45,44,56,46,47,307,71,136,284,361,451,513,454,237,141,2654
5331,0,0,0,0,0,0,8,13,3,20,0,0,0,0,0,0,0,0,0,0,0,0,3,4,3,9,0,0,0,18,0,11,14,43,38,54,48,27,5,245
5332,0,0,0,0,0,3,4,8,3,14,0,0,0,0,0,0,0,0,0,0,3,0,3,3,5,12,7,7,0,35,5,9,27,48,63,80,56,22,5,320
5333,3,0,10,10,22,43,150,131,98,464,0,0,0,0,0,0,4,4,0,10,14,15,22,39,60,59,83,43,46,392,124,271,547,644,813,793,725,398,215,4531
5340,0,0,0,0,0,3,32,21,9,69,0,3,4,0,0,0,0,0,0,9,4,9,22,16,11,28,18,10,4,125,24,66,190,155,202,224,190,71,16,1144
5341,3,4,21,39,40,91,163,136,83,577,0,4,6,22,24,8,15,19,6,113,37,34,62,80,79,79,121,93,74,661,213,425,868,864,1012,1065,872,508,248,6070
5342,0,3,0,3,0,3,32,10,4,54,0,0,0,0,0,0,3,4,0,5,4,0,3,8,13,15,10,7,4,65,27,44,81,136,188,212,129,43,12,877
5343,0,0,11,8,14,53,103,84,43,326,0,0,4,3,3,5,7,6,0,26,20,19,40,36,56,74,67,62,58,440,112,262,570,527,604,694,542,320,155,3788
5344,0,0,0,3,9,12,32,15,4,76,0,0,3,0,0,0,0,0,0,6,6,0,3,14,15,14,11,9,3,67,27,34,76,127,178,144,110,43,11,750
5345,0,7,14,15,16,34,68,107,57,310,0,0,0,0,0,9,10,22,4,47,17,9,15,21,48,61,58,39,23,286,82,163,320,347,471,544,455,318,147,2850
5346,0,0,3,0,3,3,7,5,3,29,0,0,0,0,0,0,0,0,0,0,4,0,4,0,8,3,7,0,3,24,18,12,29,42,53,74,42,12,14,295
5350,0,0,0,0,0,0,0,3,0,3,0,0,0,0,0,0,0,0,0,0,0,0,0,8,3,8,7,5,3,25,11,18,23,61,91,82,37,10,0,340
5351,3,3,0,3,7,12,66,39,27,162,0,3,3,0,0,0,0,0,0,9,30,20,30,49,79,58,41,46,12,372,164,302,567,774,920,820,559,245,85,4430
5352,0,3,3,3,4,26,62,112,101,313,0,0,0,0,0,0,3,0,4,10,15,18,23,36,52,73,30,42,53,341,102,216,459,611,724,813,600,369,238,4137
5353,0,0,3,7,5,21,68,62,26,190,0,0,0,0,0,0,4,0,0,8,11,6,17,32,39,49,33,33,11,229,98,159,336,461,605,601,448,206,59,2960
5354,0,0,0,3,0,4,16,11,0,37,0,0,0,0,0,0,0,0,0,0,0,0,3,3,7,5,9,3,0,35,12,13,29,30,62,67,69,30,5,326
5355,3,3,0,8,12,33,132,161,106,469,0,0,0,0,3,0,4,0,0,9,18,7,35,63,43,52,70,40,33,362,179,301,869,924,919,1018,908,498,231,5841
5356,0,0,0,7,6,3,10,13,7,39,0,0,0,0,0,0,0,0,0,0,4,0,3,5,9,17,9,3,0,52,18,37,89,107,144,136,70,27,5,642
5357,0,0,0,0,3,12,8,3,3,30,0,0,0,0,0,0,0,0,0,0,0,0,4,5,8,5,19,12,0,49,3,13,34,37,67,72,77,29,9,346
5360,0,0,0,0,3,0,8,12,3,33,0,0,0,0,0,0,0,0,0,0,3,7,10,3,9,16,5,0,0,52,21,57,128,147,163,183,80,41,14,824
5371,0,0,0,3,3,4,8,4,3,31,0,0,0,0,0,0,0,0,0,0,4,3,4,3,12,7,3,3,4,47,39,72,127,187,216,161,84,24,9,922
5372,0,0,4,3,3,14,25,19,25,94,0,0,0,0,0,0,0,0,0,4,12,8,13,15,19,9,15,6,11,111,61,130,308,295,294,270,147,55,44,1612
5373,0,3,3,3,7,21,44,42,19,141,0,0,0,0,0,0,0,0,0,0,4,7,19,13,35,32,43,25,6,193,79,149,327,363,509,540,437,200,55,2668
5374,0,0,3,3,4,14,28,35,28,114,0,0,0,0,0,0,0,4,0,3,5,4,6,12,17,16,10,20,3,93,28,60,106,168,211,268,182,99,38,1165
5381,0,0,3,0,3,7,12,13,0,42,0,0,0,0,0,0,0,0,0,0,0,0,3,4,7,13,10,11,0,42,4,18,26,40,50,81,64,29,3,305
5400,0,0,0,0,0,7,11,0,0,21,0,0,0,0,0,0,0,0,0,0,3,6,6,6,6,9,4,0,3,48,27,115,110,104,135,115,48,11,6,674
5401,0,0,4,3,3,3,15,9,13,53,0,0,0,0,0,0,0,0,0,0,3,3,9,7,11,16,17,16,12,83,16,37,89,82,118,145,90,47,34,651
5410,0,0,0,0,0,3,3,0,0,14,0,0,0,0,0,0,0,0,0,0,5,3,3,4,10,3,6,3,0,39,11,14,24,35,59,48,37,17,9,253
5411,0,0,0,0,3,0,0,0,3,14,0,0,0,0,0,0,0,0,0,0,0,3,3,3,4,8,3,0,0,22,3,14,37,31,41,43,31,25,6,230
5412,0,0,0,3,4,12,23,17,15,76,0,0,0,0,0,0,0,0,0,0,4,3,5,5,13,15,19,11,9,77,22,23,87,97,172,216,210,87,61,981
5413,0,0,0,0,0,3,12,14,3,35,0,0,0,0,0,0,0,0,0,0,0,3,12,8,16,10,16,10,4,67,13,31,79,65,130,157,104,58,18,661
5414,0,0,0,0,0,0,5,0,0,13,0,0,0,0,0,0,0,0,0,0,0,0,3,3,0,8,4,0,0,18,0,5,20,9,21,27,25,4,3,119
5415,0,0,0,0,0,0,0,4,0,4,0,0,0,0,0,0,0,0,0,0,0,0,3,0,0,5,3,0,0,7,4,9,29,11,34,47,44,11,0,186
5416,0,0,0,0,0,3,0,0,0,5,0,0,0,0,0,0,0,0,0,0,0,0,0,3,0,7,3,4,0,21,0,13,21,32,36,54,20,11,0,180
5417,0,0,3,3,4,8,23,21,12,77,0,0,0,0,0,0,0,0,0,3,3,3,14,6,29,14,27,20,3,121,28,49,120,151,210,258,234,110,33,1183
5418,0,0,0,0,0,0,3,0,0,3,0,0,0,0,0,0,0,0,0,0,0,0,0,0,0,0,3,3,0,5,0,7,12,7,19,18,22,3,0,90
5419,0,0,0,0,0,4,3,7,0,17,0,0,0,0,0,0,0,0,0,0,0,3,0,0,0,0,0,5,0,10,3,7,25,19,28,43,23,26,4,178
5420,0,0,0,0,0,0,0,0,0,0,0,0,0,0,0,0,0,0,0,0,0,0,0,4,4,0,4,0,0,11,0,4,9,12,22,13,15,0,0,69
5421,0,0,0,0,0,3,4,0,0,10,0,0,0,0,0,0,0,0,0,0,3,0,0,6,0,8,0,4,0,23,5,3,9,25,30,23,12,5,3,121
5422,0,0,4,6,5,23,53,36,19,144,0,0,0,0,0,3,0,3,0,10,9,6,9,17,13,45,28,23,18,170,40,62,142,141,194,353,247,154,56,1386
5431,0,0,0,0,3,7,22,20,13,64,0,0,0,0,0,0,0,0,0,0,3,0,4,9,14,16,8,14,13,72,16,27,72,80,125,176,116,73,45,731
5432,0,0,0,0,0,0,6,0,0,12,0,0,0,0,0,0,0,0,0,3,0,0,0,0,3,0,0,0,0,9,3,7,14,6,19,28,33,8,4,121
5433,0,0,0,0,9,18,33,18,10,91,0,0,0,0,0,0,3,3,0,8,3,4,7,11,13,14,22,17,8,100,24,46,110,116,202,217,195,97,34,1036
5434,0,0,0,0,0,6,5,7,0,20,0,0,0,0,0,3,0,0,0,0,4,8,15,13,8,24,14,0,0,82,14,27,40,52,51,99,70,17,11,376
5440,0,0,0,0,0,7,6,4,0,16,0,0,0,0,0,0,0,0,0,3,0,0,3,3,8,17,0,0,3,36,5,15,35,38,36,51,24,11,7,222
5451,0,0,0,3,0,3,6,11,0,23,0,0,0,0,0,0,0,0,0,0,0,0,15,3,16,27,20,9,5,90,12,20,73,59,118,152,96,39,12,582
5452,0,0,0,0,0,0,4,6,4,19,0,0,0,0,0,0,0,0,0,0,0,0,0,3,6,3,3,0,0,24,11,17,34,57,62,84,53,18,3,336
5453,0,3,3,7,10,16,67,64,67,230,0,0,0,0,0,0,0,0,0,0,9,14,32,40,45,62,56,37,23,318,90,198,554,552,650,735,601,301,159,3832
5454,0,0,0,0,3,3,4,7,4,18,0,0,0,0,0,0,0,0,0,0,3,6,0,3,10,3,3,4,0,29,10,14,37,43,48,63,64,15,8,303
5455,0,0,0,0,0,0,0,0,0,0,0,0,0,0,0,0,0,0,0,0,0,0,0,0,0,0,0,0,0,7,3,0,6,10,14,7,5,0,0,37
5460,0,0,0,0,0,8,7,3,3,23,0,0,0,0,0,0,0,0,0,0,4,0,3,8,6,6,13,4,3,46,25,36,63,89,121,108,88,32,7,561
5461,0,3,0,7,12,8,49,60,54,196,0,0,0,0,0,0,0,0,0,3,4,11,15,15,21,17,37,21,19,161,48,141,225,292,333,330,318,188,121,1996
5462,0,0,0,0,0,0,6,8,3,18,0,0,0,0,0,0,0,0,0,0,0,4,0,3,0,0,0,0,4,15,13,26,62,61,71,58,43,26,6,368
5464,0,0,0,0,3,0,8,3,3,20,0,0,0,0,0,0,0,0,0,0,8,0,7,7,12,3,0,3,0,36,9,26,71,66,95,111,62,23,7,478
5470,0,0,0,0,0,0,0,4,0,4,0,0,0,0,0,0,0,0,0,0,0,0,0,0,0,0,0,0,0,3,3,7,8,15,17,25,27,9,3,116
5471,0,0,0,0,0,0,0,0,0,0,0,0,0,0,0,0,0,0,0,0,0,0,0,0,3,0,0,0,0,5,4,3,3,9,14,15,7,3,4,70
5472,0,0,0,0,0,0,7,3,0,9,0,0,0,0,0,0,0,0,0,0,0,0,0,0,3,0,7,0,0,16,3,6,5,21,27,33,31,12,0,133
5473,0,0,0,0,0,3,24,10,0,41,0,0,0,0,0,0,0,0,0,3,3,5,10,4,4,12,14,4,3,54,16,34,68,61,104,123,129,48,9,591
5480,0,0,3,0,0,3,17,17,11,50,0,0,0,0,0,3,0,0,0,7,3,0,4,3,5,8,5,7,0,35,10,36,84,77,91,132,120,65,24,623
5481,0,0,0,0,0,0,15,7,8,37,0,0,0,0,0,0,0,0,0,0,3,0,0,0,0,14,5,4,3,35,18,14,24,41,81,136,87,42,16,467
5482,0,0,0,0,0,3,7,18,18,50,0,0,0,0,0,0,0,0,0,0,0,0,0,0,9,4,4,3,11,38,11,18,37,47,82,85,62,50,39,418
5483,0,0,0,0,0,3,5,5,8,19,0,0,0,0,0,0,0,0,0,0,4,0,0,7,3,3,4,3,0,23,8,15,26,41,43,52,49,23,10,263
5485,0,0,0,0,4,9,10,14,3,38,0,0,0,0,0,0,0,0,0,0,5,3,0,9,6,6,9,9,0,50,15,22,45,61,84,101,92,43,13,470
5490,0,0,0,0,0,0,3,0,0,5,0,0,0,0,0,0,0,0,0,0,4,5,3,0,4,4,0,4,3,23,4,10,17,13,29,32,13,10,5,136
5491,0,0,3,0,0,14,40,37,23,118,0,0,0,0,0,0,0,0,0,0,3,0,8,12,25,15,16,13,29,130,31,90,163,191,245,272,215,131,94,1439
5493,0,0,0,0,0,3,0,0,0,3,0,0,0,0,0,0,0,0,0,0,0,0,0,0,3,0,3,0,0,11,0,0,10,10,11,22,13,3,0,69
5495,0,0,0,0,6,10,20,9,0,46,0,0,0,0,0,0,0,0,0,0,0,3,7,5,9,17,28,9,0,76,11,24,31,49,88,132,128,47,5,518
5501,3,6,8,15,31,63,118,56,21,314,0,0,0,3,3,8,5,7,0,28,29,29,62,68,108,92,68,27,18,490,219,409,735,978,1323,1005,650,215,69,5610
5502,0,0,0,6,7,10,18,12,5,55,0,0,0,0,3,0,0,0,0,4,8,5,9,7,20,15,14,9,6,100,37,85,166,192,244,229,165,63,25,1210
5510,0,0,0,0,0,0,0,0,0,4,0,0,0,0,0,0,0,0,0,0,0,0,0,3,0,0,3,0,0,8,5,3,14,11,16,20,23,0,0,93
5520,0,0,0,0,0,3,15,14,9,46,0,0,0,0,0,0,0,0,0,3,3,0,0,3,5,8,5,3,8,38,14,16,67,41,82,103,71,40,17,466
5521,0,0,0,0,0,3,7,5,3,16,0,0,0,0,0,0,0,0,0,0,0,0,0,0,5,0,0,0,0,3,6,0,5,17,24,20,23,12,3,113
5522,0,0,0,0,0,10,48,43,30,134,0,0,0,0,0,0,0,0,0,0,3,0,0,3,20,23,37,27,22,147,25,23,81,100,173,269,311,174,86,1236
5523,0,0,3,0,5,9,32,33,26,109,0,0,0,0,0,3,0,0,0,4,8,4,5,10,16,32,23,18,8,123,42,91,166,178,278,302,254,135,65,1506
5540,6,3,19,40,56,145,394,346,181,1187,0,0,8,0,10,6,7,9,9,44,65,53,115,135,174,168,198,165,81,1144,412,858,1597,1707,2158,2026,1743,1055,430,11984
5550,0,0,0,3,5,9,16,14,3,46,0,0,0,0,3,3,0,0,0,3,3,0,6,5,9,11,5,3,3,47,22,50,110,109,133,137,87,37,10,702
5552,0,0,0,0,3,0,10,7,3,25,0,0,0,0,0,0,0,0,0,0,0,0,3,3,7,4,15,3,0,33,11,4,52,53,61,47,54,14,7,294
5554,4,3,7,13,20,33,111,76,46,311,0,3,0,0,0,3,0,0,0,13,22,34,49,45,72,72,94,76,52,514,138,264,542,557,734,683,615,371,156,4060
5555,0,0,0,0,0,9,18,5,3,33,0,0,0,0,0,0,0,0,0,0,0,0,3,6,10,14,9,3,0,41,3,22,36,43,79,103,98,33,9,428
5556,0,0,10,3,17,34,126,77,31,300,0,0,0,0,0,3,0,0,0,6,6,7,26,15,50,47,79,77,63,373,72,142,352,336,527,715,730,370,115,3370
5558,3,0,3,7,8,34,107,81,55,307,0,0,0,0,0,0,3,0,0,8,8,14,29,24,46,99,97,75,24,420,81,159,371,367,618,828,951,474,174,4019
5560,0,0,0,0,3,7,12,6,3,30,0,0,0,0,0,0,0,0,0,0,0,0,0,5,5,3,11,4,6,34,10,13,37,61,65,61,77,25,13,363
5570,0,0,0,0,3,3,12,11,7,39,0,0,0,0,0,0,0,0,0,0,0,0,0,7,4,21,21,11,0,70,8,9,36,37,58,140,145,40,13,491
5571,0,0,3,3,3,21,45,61,28,159,0,0,0,0,0,0,0,0,0,0,0,4,4,3,7,22,38,23,26,128,22,50,139,134,174,377,363,219,94,1585
5572,0,0,0,0,0,0,4,0,3,9,0,0,0,0,0,0,0,0,0,0,0,0,0,3,0,3,3,0,0,6,4,3,11,19,23,28,18,4,4,115
5573,0,0,3,3,3,9,56,50,37,160,0,0,0,0,0,0,0,0,0,3,8,4,6,9,20,17,33,20,17,130,39,71,154,176,306,294,315,182,89,1631
5575,0,0,7,4,3,14,72,42,27,170,0,0,0,0,0,0,3,0,0,3,7,3,5,20,22,30,38,27,32,187,26,62,154,216,297,449,418,195,95,1923
5576,0,0,0,0,3,10,24,20,17,75,0,0,0,0,0,0,0,0,0,0,0,7,3,12,7,9,6,6,3,55,16,45,83,98,144,196,183,75,26,863
5577,0,0,0,0,0,10,7,14,3,38,0,0,0,0,0,0,0,0,0,3,0,0,0,0,6,4,8,8,0,31,12,21,42,43,89,110,75,45,13,440
5580,0,0,0,0,0,3,7,3,3,15,0,0,0,0,0,0,0,0,0,0,0,0,0,0,0,0,12,0,3,18,10,7,34,26,43,61,58,30,12,286
5581,0,0,0,0,0,0,13,9,7,31,0,0,0,0,0,0,0,0,0,3,0,0,0,0,3,6,6,11,3,32,4,14,31,26,57,109,151,82,25,501
5582,0,0,0,0,0,4,23,5,20,52,0,0,0,0,0,0,0,0,0,0,3,0,0,4,4,13,6,6,3,42,14,12,32,34,79,133,143,65,54,562
5583,0,0,0,0,0,3,21,27,13,58,0,0,0,0,0,0,0,0,0,0,3,0,4,3,8,11,23,10,9,65,9,18,42,62,87,149,187,94,31,679
5600,0,0,6,3,9,22,63,85,54,242,0,0,4,0,4,0,4,3,3,16,10,17,33,28,69,79,63,74,60,433,133,323,634,802,999,905,605,368,184,4951
5601,0,0,0,3,0,7,18,4,0,40,0,0,0,0,0,0,0,0,0,0,3,0,3,4,7,9,12,4,0,44,14,4,13,56,90,87,82,23,0,388
5602,0,0,0,0,9,12,41,17,19,94,0,0,0,0,0,0,0,0,0,0,4,4,12,13,20,26,36,3,22,140,26,57,110,139,200,208,232,63,46,1083
5603,0,0,0,0,0,4,14,4,7,32,0,0,0,0,0,0,0,0,0,0,0,0,9,3,4,6,8,0,0,29,5,14,47,45,72,72,53,9,8,333
5604,0,0,0,0,0,3,5,0,0,10,0,0,0,0,0,0,0,0,0,0,3,0,3,0,3,3,4,0,0,13,7,6,17,7,34,47,38,14,4,175
5605,0,0,0,0,4,4,38,65,35,151,0,0,0,0,0,0,0,0,0,5,7,4,8,5,15,29,29,17,27,143,29,59,119,149,211,280,288,181,89,1404
5606,0,8,14,13,28,89,224,226,132,736,0,0,0,0,3,9,0,5,4,28,63,70,124,127,157,178,150,141,68,1074,319,771,1776,1612,1839,1883,1446,837,385,10862
5607,3,0,3,3,10,28,50,45,13,159,0,0,0,0,0,0,5,0,0,5,37,25,101,110,96,81,57,23,3,537,104,154,508,682,790,790,540,174,39,3790
5608,5,3,27,28,49,105,220,188,69,689,0,0,3,0,6,4,11,17,0,55,65,86,172,135,229,184,200,157,52,1271,334,848,1768,1460,1920,1574,1271,788,230,10195
5609,0,0,0,0,4,7,13,8,0,32,0,0,0,0,0,0,0,0,0,0,3,10,20,17,11,3,11,16,0,84,42,127,349,274,230,149,118,83,12,1390
5630,0,0,0,0,0,0,0,0,0,0,0,0,0,0,0,0,0,0,0,0,0,0,0,0,0,8,0,0,0,13,6,3,16,17,27,17,11,0,3,99
5631,0,0,0,0,3,4,13,15,14,50,0,0,0,0,0,0,0,0,0,4,3,0,7,7,13,15,8,12,21,80,24,50,116,120,144,123,98,73,44,782
5632,0,0,0,0,0,0,5,3,0,8,0,0,0,0,0,0,0,0,0,0,3,0,0,3,6,8,3,0,0,20,7,11,30,26,57,25,14,5,7,172
5633,0,0,0,0,0,12,4,4,0,22,0,0,0,0,0,0,0,0,0,0,0,3,8,0,4,3,3,3,0,21,4,13,37,30,52,66,22,13,3,246
5640,0,0,0,0,0,3,17,29,27,84,0,0,0,0,0,0,4,0,0,6,4,0,12,10,13,9,6,11,11,82,15,44,111,96,126,157,115,82,52,794
5641,0,0,0,0,0,11,22,32,13,82,0,0,0,0,0,0,0,0,0,0,0,4,13,6,13,10,6,8,3,65,16,40,126,110,126,135,104,77,32,764
5642,0,0,0,0,0,4,4,0,0,5,0,0,0,0,0,0,0,0,0,0,3,0,3,11,4,3,0,0,0,21,7,11,25,31,37,44,12,7,3,176
5650,0,0,0,0,0,0,4,3,0,6,0,0,0,0,0,0,0,0,0,0,0,0,4,4,3,3,0,0,6,21,6,7,22,25,19,31,14,3,6,131
5651,0,0,0,0,0,0,0,0,0,4,0,0,0,0,0,0,0,0,0,0,0,0,3,0,0,0,0,0,0,9,0,3,4,17,17,13,3,4,0,59
5652,0,0,0,0,0,3,5,11,12,33,0,0,0,0,0,0,0,0,0,0,0,3,4,3,9,12,11,3,5,51,20,40,79,86,85,105,66,40,32,548
5653,0,0,0,0,0,0,0,0,0,0,0,0,0,0,0,0,0,0,0,0,0,0,0,0,0,0,0,0,0,9,0,5,7,6,11,12,5,0,3,57
5654,0,0,0,0,0,0,8,7,0,16,0,0,0,0,0,0,0,0,0,0,0,0,0,3,6,9,9,3,0,27,3,0,20,35,35,36,44,14,3,188
5655,0,0,0,0,0,0,0,0,0,3,0,0,0,0,0,0,0,0,0,0,0,0,3,0,0,0,0,0,0,3,0,5,16,11,12,14,8,0,0,67
5660,0,0,0,0,0,0,0,0,0,0,0,0,0,0,0,0,0,0,0,0,0,0,0,0,0,0,0,0,0,0,3,3,3,4,9,4,3,0,0,33
5661,0,0,0,0,0,0,5,0,0,9,0,0,0,0,0,0,0,0,0,0,0,0,3,0,0,0,0,0,0,7,0,8,20,20,15,23,17,3,0,111
5670,0,0,0,0,4,3,11,7,3,21,0,0,0,0,0,0,0,0,0,0,0,0,7,0,4,7,7,6,6,39,3,18,51,51,65,100,59,22,16,380
5671,0,0,0,0,0,3,0,0,0,7,0,0,0,0,0,0,0,0,0,0,0,0,3,0,5,0,0,0,0,15,0,8,19,12,33,30,18,7,0,129
5680,0,0,0,3,4,20,40,22,25,116,0,0,0,0,3,0,0,0,0,4,10,11,26,19,34,67,26,13,17,227,39,84,178,238,310,413,254,110,60,1679
5690,5,3,17,14,29,36,60,42,20,232,0,0,0,4,0,3,0,0,0,7,33,29,70,89,86,70,47,19,25,478,118,223,473,472,495,480,340,123,64,2783
5700,11,3,16,18,35,98,189,184,82,642,0,0,4,4,4,4,10,16,4,61,58,67,171,130,207,212,211,134,44,1230,291,684,1388,1181,1567,1494,1249,590,220,8669
5701,0,0,0,0,0,0,0,0,0,0,0,0,0,0,0,0,0,0,0,0,0,0,0,0,0,0,0,0,0,0,0,0,0,0,3,0,3,0,0,9
5710,0,3,0,4,5,16,32,14,7,72,0,0,0,0,0,0,0,0,0,3,8,105,218,173,84,44,23,6,5,670,49,216,502,414,352,349,154,60,19,2118
5713,0,0,0,0,0,0,0,0,0,0,0,0,0,0,0,0,0,0,0,0,0,0,0,0,0,0,0,0,0,0,0,0,5,0,0,0,0,0,0,17
5715,0,0,0,0,0,0,0,0,0,0,0,0,0,0,0,0,0,0,0,0,0,0,0,0,0,0,0,0,0,6,0,3,6,3,6,6,0,0,0,26
5717,0,0,0,0,0,0,0,0,0,0,0,0,0,0,0,0,0,0,0,0,0,0,0,0,0,0,0,0,0,0,0,3,3,0,4,3,0,0,0,13
5719,0,0,0,0,0,0,4,0,0,4,0,0,0,0,0,0,0,0,0,0,0,0,0,0,3,0,0,3,0,5,0,0,6,9,6,5,5,3,0,42
5720,0,0,0,0,0,4,0,0,0,8,0,0,0,0,0,0,0,0,0,0,0,0,3,5,9,4,0,0,0,28,6,15,25,28,54,41,14,3,0,180
5722,0,0,0,0,0,3,12,5,0,25,0,0,0,0,0,0,0,0,0,0,0,0,3,0,4,7,15,10,0,35,6,5,29,29,58,51,53,30,6,268
5723,0,0,3,4,7,15,55,26,0,119,0,0,0,0,4,0,5,4,0,25,8,31,69,45,81,59,61,26,4,385,29,101,341,244,318,292,273,124,19,1740
5724,4,3,6,6,5,3,3,0,0,29,0,0,4,0,8,6,9,4,0,27,0,4,22,12,9,14,8,5,0,69,15,41,75,49,51,60,32,20,3,344
5725,0,0,3,10,6,4,3,0,0,29,0,0,0,0,0,0,0,0,0,3,12,29,94,65,58,37,4,0,0,301,78,265,882,659,530,325,38,5,3,2786
5730,0,0,0,0,0,0,0,0,0,3,0,0,0,0,0,0,0,0,0,0,0,3,0,0,0,0,0,0,0,11,3,3,9,10,7,30,14,5,0,82
5731,0,0,3,0,3,3,0,0,0,13,0,0,0,0,0,0,0,0,0,0,3,10,16,27,19,16,0,3,0,88,9,24,81,97,109,75,15,3,0,409
5732,0,0,0,0,0,4,3,0,0,8,0,0,0,0,0,0,0,0,0,4,0,3,7,6,12,7,0,0,0,34,3,7,40,47,41,33,15,0,3,182
5733,0,0,0,0,0,5,4,0,0,17,0,0,0,0,0,0,0,0,0,0,0,3,18,9,5,8,4,0,0,51,5,11,52,29,31,42,19,9,0,199
5734,0,0,0,4,4,3,3,0,0,15,0,0,0,0,0,3,0,0,0,3,3,0,7,3,4,11,5,0,0,28,6,13,25,16,32,24,8,4,0,123
5950,0,0,0,0,0,0,0,0,0,0,0,0,0,0,0,0,0,0,0,0,0,0,0,0,0,0,0,0,0,0,0,0,0,0,0,0,0,0,0,0
5960,0,0,0,0,0,0,0,0,0,0,0,0,0,0,0,0,0,0,0,0,0,0,0,0,0,0,0,0,0,0,0,0,0,0,0,0,0,0,0,5
