Income year,Postcode,Individuals1,Taxable income or loss1 /,Net tax,Gross interest,Net rent,Net capital gain,Total income or loss,under or 0,$1 to 1000,1000-1999,2000+
2006,5000,"5,085","15,770","3,794",193,187,431,"16,670",1365,4699,1442,464
2006,5006,"3,650","21,970","5,285",269,260,600,"23,224",619,3113,1125,526
2006,5007,"2,610","30,724","7,391",376,363,839,"32,478",265,3578,674,77
2006,5008,"5,135","15,616","3,757",191,185,426,"16,508",634,7743,1094,99
2006,5009,"2,200","36,450","8,769",446,431,995,"38,531",206,2810,461,46
2006,5010,"1,600","50,119","12,057",614,593,"1,368","52,980",311,2789,248,11
2006,5011,"4,125","19,440","4,677",238,230,531,"20,550",380,5746,871,74
2006,5012,"2,445","32,797","7,890",402,388,895,"34,670",408,4957,268,29
2006,5013,"3,665","21,880","5,264",268,259,597,"23,129",432,6096,521,24
2006,5014,"4,790","16,741","4,027",205,198,457,"17,697",475,7257,882,80
2006,5015,"2,315","34,639","8,333",424,410,946,"36,617",197,2931,493,36
2006,5016,"3,760","21,327","5,131",261,252,582,"22,545",323,4802,875,116
2006,5017,"1,805","44,426","10,688",544,526,"1,213","46,963",189,3192,281,20
2006,5018,"3,455","23,210","5,584",284,275,634,"24,535",297,3449,856,115
2006,5019,"4,220","19,002","4,571",233,225,519,"20,087",345,5559,1030,144
2006,5020,"1,675","47,874","11,517",586,566,"1,307","50,608",154,1749,441,85
2006,5021,"3,485","23,010","5,536",282,272,628,"24,324",261,3678,745,221
2006,5022,"7,225","11,099","2,670",136,131,303,"11,733",612,7905,2018,436
2006,5023,"6,155","13,028","3,134",160,154,356,"13,772",691,9947,1028,102
2006,5024,"6,570","12,205","2,936",149,144,333,"12,902",610,7944,1533,273
2006,5025,"3,670","21,850","5,256",268,258,597,"23,098",311,4618,761,85
2006,5031,"4,200","19,093","4,593",234,226,521,"20,183",570,5492,1055,130
2006,5032,"5,575","14,384","3,460",176,170,393,"15,205",565,7060,1223,163
2006,5033,"3,270","24,523","5,899",300,290,670,"25,923",352,4548,670,50
2006,5034,"5,285","15,173","3,650",186,179,414,"16,039",546,4946,1605,538
2006,5035,"2,875","27,892","6,710",342,330,762,"29,485",299,3300,825,124
2006,5037,"4,280","18,736","4,507",229,222,512,"19,806",494,6036,1068,124
2006,5038,"6,735","11,906","2,864",146,141,325,"12,586",664,8760,1454,134
2006,5039,"3,660","21,910","5,271",268,259,598,"23,161",374,4957,839,96
2006,5040,"1,170","68,538","16,488",839,811,"1,871","72,451",189,1424,293,54
2006,5041,"6,695","11,978","2,881",147,142,327,"12,661",564,6929,1980,364
2006,5042,"4,390","18,266","4,394",224,216,499,"19,309",698,6458,859,101
2006,5043,"7,050","11,374","2,736",139,135,311,"12,024",749,10974,1396,108
2006,5044,"5,145","15,586","3,750",191,184,426,"16,476",502,5931,1418,333
2006,5045,"8,160","9,827","2,364",120,116,268,"10,388",685,8134,2255,613
2006,5046,"3,600","22,275","5,359",273,263,608,"23,547",304,4908,788,51
2006,5047,"2,980","26,909","6,474",330,318,735,"28,446",316,4347,560,55
2006,5048,"6,380","12,569","3,024",154,149,343,"13,287",552,7713,1575,323
2006,5049,"4,970","16,135","3,882",198,191,441,"17,056",414,5361,1304,245
2006,5050,"2,855","28,087","6,757",344,332,767,"29,691",291,3084,832,176
2006,5051,"7,290","11,000","2,646",135,130,300,"11,628",652,6547,2216,347
2006,5052,"3,520","22,781","5,480",279,269,622,"24,082",364,3249,1099,277
2006,5061,"5,565","14,410","3,467",176,170,393,"15,232",535,4286,1534,831
2006,5062,"7,955","10,080","2,425",123,119,275,"10,656",864,7078,2403,940
2006,5063,"6,170","12,997","3,127",159,154,355,"13,739",670,5674,2000,604
2006,5064,"5,315","15,087","3,630",185,178,412,"15,949",626,4251,1550,830
2006,5065,"5,375","14,919","3,589",183,176,407,"15,771",604,4526,1591,774
2006,5066,"6,730","11,915","2,866",146,141,325,"12,596",751,4858,1974,965
2006,5067,"5,475","14,647","3,524",179,173,400,"15,483",696,4868,1684,610
2006,5068,"6,090","13,167","3,168",161,156,360,"13,919",827,6043,1789,616
2006,5069,"4,365","18,371","4,420",225,217,502,"19,420",439,3986,1315,548
2006,5070,"6,160","13,018","3,132",159,154,355,"13,761",685,8083,1660,287
2006,5072,"5,900","13,591","3,270",166,161,371,"14,367",799,6281,1700,384
2006,5073,"6,410","12,510","3,010",153,148,342,"13,224",934,8189,1536,242
2006,5074,"4,990","16,070","3,866",197,190,439,"16,988",587,7297,957,103
2006,5075,"4,895","16,382","3,941",201,194,447,"17,317",492,6003,1084,118
2006,5076,"5,010","16,006","3,851",196,189,437,"16,920",574,5067,1290,174
2006,5081,"4,745","16,900","4,066",207,200,461,"17,865",450,4272,1377,658
2006,5082,"6,935","11,563","2,782",142,137,316,"12,223",717,7439,2159,434
2006,5083,"3,235","24,788","5,963",304,293,677,"26,203",293,3835,966,126
2006,5084,"2,790","28,742","6,914",352,340,785,"30,383",423,5147,381,22
2006,5085,"5,605","14,307","3,442",175,169,391,"15,124",585,7802,1226,95
2006,5086,"6,055","13,244","3,186",162,157,362,"14,000",653,8176,1384,139
2006,5087,"4,150","19,323","4,649",237,229,528,"20,426",434,6223,936,71
2006,5088,"1,405","57,075","13,730",699,675,"1,558","60,333",155,1982,195,14
2006,5089,"3,610","22,213","5,344",272,263,606,"23,481",347,3574,967,168
2006,5090,"3,445","23,277","5,600",285,275,636,"24,606",378,5296,766,49
2006,5091,"3,915","20,483","4,928",251,242,559,"21,652",383,4285,999,111
2006,5092,"8,260","9,708","2,336",119,115,265,"10,262",851,9631,1697,116
2006,5093,"4,110","19,511","4,694",239,231,533,"20,625",408,5503,732,52
2006,5094,380,"2,11,026","50,767","2,584","2,496","5,762","2,23,074",55,498,34,3
2006,5095,"5,785","13,862","3,335",170,164,378,"14,653",744,6627,1420,170
2006,5096,"6,760","11,862","2,854",145,140,324,"12,540",665,8799,1280,102
2006,5097,"6,935","11,563","2,782",142,137,316,"12,223",689,7987,1502,103
2006,5098,"5,545","14,462","3,479",177,171,395,"15,287",551,7142,975,61
2006,5106,60,"13,36,496","3,21,521","16,367","15,809","36,490","14,12,800",26,113,0,4
2006,5107,"6,165","13,007","3,129",159,154,355,"13,750",822,8720,803,38
2006,5108,"15,450","5,190","1,249",64,61,142,"5,487",1840,21775,2063,121
2006,5109,"9,525","8,419","2,025",103,100,230,"8,900",1006,12487,1661,135
2006,5110,"2,380","33,693","8,106",413,399,920,"35,617",317,3366,328,18
2006,5111,195,"4,11,230","98,930","5,036","4,864","11,228","4,34,708",6,101,38,0
2006,5112,"6,870","11,672","2,808",143,138,319,"12,339",765,11482,1045,74
2006,5113,"5,170","15,511","3,731",190,183,423,"16,396",728,11291,449,42
2006,5114,"11,215","7,150","1,720",88,85,195,"7,558",1212,13501,2117,167
2006,5115,"1,385","57,899","13,929",709,685,"1,581","61,204",177,2079,203,15
2006,5116,"2,700","29,700","7,145",364,351,811,"31,396",301,3853,582,46
2006,5117,"1,065","75,296","18,114",922,891,"2,056","79,594",131,1086,229,16
2006,5118,"7,930","10,112","2,433",124,120,276,"10,690",861,9375,1895,231
2006,5120,825,"97,200","23,383","1,190","1,150","2,654","1,02,749",113,1008,87,13
2006,5121,430,"1,86,488","44,863","2,284","2,206","5,092","1,97,135",78,822,79,10
2006,5125,"9,315","8,609","2,071",105,102,235,"9,100",968,9116,2768,368
2006,5126,"4,015","19,973","4,805",245,236,545,"21,113",375,4179,900,74
2006,5127,"4,630","17,320","4,167",212,205,473,"18,308",434,4759,1144,143
2006,5131,580,"1,38,258","33,261","1,693","1,635","3,775","1,46,152",51,433,126,24
2006,5152,"3,785","21,186","5,097",259,251,578,"22,396",348,2870,1073,389
2006,5153,"2,805","28,588","6,877",350,338,781,"30,220",344,3225,851,191
2006,5156,550,"1,45,800","35,075","1,786","1,725","3,981","1,54,124",59,538,231,61
2006,5157,"1,470","54,551","13,123",668,645,"1,489","57,665",158,1478,421,104
2006,5158,"12,590","6,369","1,532",78,75,174,"6,733",1311,13344,2967,258
2006,5159,"17,900","4,480","1,078",55,53,122,"4,736",1786,18352,4457,596
2006,5160,140,"5,72,784","1,37,795","7,014","6,775","15,638","6,05,486",0,0,0,0
2006,5161,"4,845","16,551","3,982",203,196,452,"17,496",420,6253,784,36
2006,5162,"15,905","5,042","1,213",62,60,138,"5,330",1505,20949,2613,175
2006,5163,"5,610","14,294","3,439",175,169,390,"15,110",641,8487,829,56
2006,5164,"1,715","46,758","11,249",573,553,"1,277","49,427",200,3291,174,16
2006,5165,"1,945","41,229","9,918",505,488,"1,126","43,583",215,3159,279,23
2006,5166,770,"1,04,143","25,054","1,275","1,232","2,843","1,10,088",66,1297,90,5
2006,5167,"2,595","30,902","7,434",378,366,844,"32,666",196,3210,473,32
2006,5168,"1,705","47,032","11,315",576,556,"1,284","49,717",211,2659,241,13
2006,5169,"4,900","16,365","3,937",200,194,447,"17,300",503,6620,874,63
2006,5170,520,"1,54,211","37,099","1,889","1,824","4,210","1,63,015",45,658,88,14
2006,5171,"2,650","30,260","7,280",371,358,826,"31,988",240,3025,527,100
2006,5172,"1,910","41,984","10,100",514,497,"1,146","44,381",201,2069,444,69
2006,5173,"3,255","24,636","5,927",302,291,673,"26,042",341,4610,484,38
2006,5174,735,"1,09,102","26,247","1,336","1,291","2,979","1,15,331",87,1282,124,18
2011,5000,"7,470","10,735","2,583",131,127,293,"11,348",2257,5152,2156,855
2011,5006,"4,390","18,266","4,394",224,216,499,"19,309",630,2709,1401,763
2011,5007,"3,470","23,109","5,559",283,273,631,"24,429",340,3263,1120,195
2011,5008,"6,860","11,689","2,812",143,138,319,"12,357",1057,7254,1876,260
2011,5009,"2,785","28,793","6,927",353,341,786,"30,437",287,2626,803,91
2011,5010,"2,600","30,842","7,420",378,365,842,"32,603",415,3150,572,62
2011,5011,"5,455","14,700","3,536",180,174,401,"15,540",564,5126,1561,223
2011,5012,"4,360","18,392","4,425",225,218,502,"19,442",775,5386,894,79
2011,5013,"4,810","16,671","4,011",204,197,455,"17,623",537,5802,1034,86
2011,5014,"6,130","13,082","3,147",160,155,357,"13,828",585,6485,1742,186
2011,5015,"3,430","23,379","5,624",286,277,638,"24,714",274,2992,1076,127
2011,5016,"4,785","16,759","4,032",205,198,458,"17,715",398,4418,1501,281
2011,5017,"2,350","34,123","8,209",418,404,932,"36,071",236,2926,532,59
2011,5018,"3,825","20,965","5,043",257,248,572,"22,162",327,2993,1153,233
2011,5019,"5,055","15,863","3,816",194,188,433,"16,769",407,4793,1546,345
2011,5020,"1,985","40,398","9,719",495,478,"1,103","42,704",166,1541,586,166
2011,5021,"4,060","19,751","4,752",242,234,539,"20,879",318,3158,1057,320
2011,5022,"9,500","8,441","2,031",103,100,230,"8,923",714,7186,2809,1009
2011,5023,"8,205","9,773","2,351",120,116,267,"10,331",838,9350,1948,247
2011,5024,"8,220","9,755","2,347",119,115,266,"10,312",756,7052,2201,525
2011,5025,"4,625","17,338","4,171",212,205,473,"18,328",439,4501,1264,225
2011,5031,"5,405","14,836","3,569",182,175,405,"15,683",633,5115,1647,324
2011,5032,"7,345","10,918","2,626",134,129,298,"11,541",762,6493,1973,413
2011,5033,"4,475","17,920","4,311",219,212,489,"18,943",477,4298,1215,146
2011,5034,"6,330","12,668","3,048",155,150,346,"13,391",614,4051,1975,865
2011,5035,"3,635","22,060","5,307",270,261,602,"23,320",331,2860,1171,276
2011,5037,"5,675","14,130","3,399",173,167,386,"14,937",672,5469,1677,265
2011,5038,"8,870","9,041","2,175",111,107,247,"9,557",921,7927,2438,326
2011,5039,"4,820","16,637","4,002",204,197,454,"17,587",478,4509,1381,237
2011,5040,"1,410","56,872","13,682",696,673,"1,553","60,119",160,1288,353,107
2011,5041,"8,140","9,851","2,370",121,117,269,"10,414",663,5832,2633,794
2011,5042,"5,775","13,886","3,340",170,164,379,"14,678",810,5837,1499,198
2011,5043,"9,215","8,702","2,093",107,103,238,"9,199",973,10184,2527,331
2011,5044,"6,520","12,299","2,959",151,145,336,"13,001",577,5106,2014,612
2011,5045,"10,390","7,718","1,857",95,91,211,"8,159",787,7556,3108,1142
2011,5046,"4,775","16,794","4,040",206,199,459,"17,752",405,4590,1360,194
2011,5047,"4,050","19,800","4,763",242,234,541,"20,930",419,4261,1122,160
2011,5048,"8,440","9,501","2,286",116,112,259,"10,044",626,7111,2324,668
2011,5049,"6,255","12,820","3,084",157,152,350,"13,552",496,4662,1970,536
2011,5050,"3,480","23,043","5,543",282,273,629,"24,359",309,2668,1071,315
2011,5051,"8,860","9,051","2,177",111,107,247,"9,567",728,5806,2970,761
2011,5052,"4,225","18,980","4,566",232,225,518,"20,063",382,2783,1357,479
2011,5061,"6,950","11,538","2,776",141,136,315,"12,197",685,3729,1874,1253
2011,5062,"9,715","8,254","1,986",101,98,225,"8,725",1042,6380,2888,1453
2011,5063,"7,520","10,664","2,565",131,126,291,"11,272",732,4995,2338,1033
2011,5064,"6,385","12,559","3,021",154,149,343,"13,276",736,3894,1715,1099
2011,5065,"6,655","12,050","2,899",148,143,329,"12,737",715,4009,1755,1016
2011,5066,"7,895","10,157","2,443",124,120,277,"10,737",877,4345,2226,1417
2011,5067,"6,580","12,187","2,932",149,144,333,"12,883",747,4322,2125,960
2011,5068,"7,440","10,778","2,593",132,127,294,"11,394",926,5390,2194,1004
2011,5069,"5,275","15,202","3,657",186,180,415,"16,070",610,3513,1582,853
2011,5070,"8,180","9,803","2,358",120,116,268,"10,363",971,7546,2338,566
2011,5072,"7,425","10,800","2,598",132,128,295,"11,417",968,5574,2262,754
2011,5073,"8,545","9,384","2,258",115,111,256,"9,920",1098,7439,2389,553
2011,5074,"6,690","11,987","2,884",147,142,327,"12,671",786,6783,1687,274
2011,5075,"5,980","13,410","3,226",164,159,366,"14,175",677,5583,1624,276
2011,5076,"5,970","13,432","3,231",164,159,367,"14,199",672,4476,1767,367
2011,5081,"5,690","14,093","3,390",173,167,385,"14,898",620,3622,1614,937
2011,5082,"8,850","9,061","2,180",111,107,247,"9,578",921,6694,2911,839
2011,5083,"4,165","19,253","4,632",236,228,526,"20,352",401,3543,1420,273
2011,5084,"4,350","18,434","4,435",226,218,503,"19,487",645,5413,854,94
2011,5085,"8,075","9,931","2,389",122,117,271,"10,498",889,7815,2233,325
2011,5086,"8,225","9,750","2,345",119,115,266,"10,306",965,7892,2431,336
2011,5087,"5,890","13,615","3,275",167,161,372,"14,392",701,5729,1697,226
2011,5088,"1,830","43,820","10,542",537,518,"1,196","46,321",159,1944,380,29
2011,5089,"4,255","18,846","4,534",231,223,515,"19,922",349,3166,1263,311
2011,5090,"4,195","19,116","4,599",234,226,522,"20,207",352,4676,1105,107
2011,5091,"4,615","17,376","4,180",213,206,474,"18,368",407,3765,1358,248
2011,5092,"9,570","8,379","2,016",103,99,229,"8,858",977,8643,2676,279
2011,5093,"4,910","16,332","3,929",200,193,446,"17,264",443,5133,1306,97
2011,5094,500,"1,60,380","38,583","1,964","1,897","4,379","1,69,536",42,466,76,10
2011,5095,"10,280","7,801","1,877",96,92,213,"8,246",1248,8090,3459,636
2011,5096,"8,200","9,779","2,353",120,116,267,"10,338",844,7756,2113,241
2011,5097,"8,165","9,821","2,363",120,116,268,"10,382",706,7183,2362,275
2011,5098,"6,535","12,271","2,952",150,145,335,"12,971",663,6712,1661,152
2011,5106,120,"6,68,248","1,60,761","8,184","7,905","18,245","7,06,400",11,58,0,0
2011,5107,"7,920","10,125","2,436",124,120,276,"10,703",1012,8766,1585,116
2011,5108,"19,145","4,189","1,008",51,50,114,"4,428",2121,21385,3828,286
2011,5109,"11,080","7,237","1,741",89,86,198,"7,651",1061,11480,2573,293
2011,5110,"3,955","20,276","4,878",248,240,554,"21,433",500,4183,952,81
2011,5111,215,"3,72,976","89,727","4,568","4,412","10,183","3,94,270",0,100,80,0
2011,5112,"8,230","9,744","2,344",119,115,266,"10,300",857,11094,1648,144
2011,5113,"6,685","11,995","2,886",147,142,328,"12,680",800,11226,929,81
2011,5114,"15,815","5,070","1,220",62,60,138,"5,360",1618,14567,4084,376
2011,5115,"3,355","23,902","5,750",293,283,653,"25,266",324,3574,798,59
2011,5116,"3,975","20,174","4,853",247,239,551,"21,325",378,4261,1112,129
2011,5117,"1,535","52,241","12,568",640,618,"1,426","55,223",164,1001,440,58
2011,5118,"10,225","7,843","1,887",96,93,214,"8,290",948,8767,2850,508
2011,5120,"1,335","60,067","14,450",736,711,"1,640","63,497",137,914,219,26
2011,5121,595,"1,34,773","32,422","1,650","1,594","3,680","1,42,467",84,801,136,14
2011,5125,"11,335","7,075","1,702",87,84,193,"7,478",1049,8468,3709,780
2011,5126,"4,575","17,528","4,217",215,207,479,"18,529",368,3612,1393,184
2011,5127,"5,065","15,832","3,809",194,187,432,"16,736",465,3964,1580,284
2011,5131,670,"1,19,686","28,793","1,466","1,416","3,268","1,26,519",51,408,164,54
2011,5152,"4,440","18,061","4,345",221,214,493,"19,092",377,2352,1247,640
2011,5153,"3,780","21,214","5,104",260,251,579,"22,425",426,2807,1186,432
2011,5156,640,"1,25,297","30,143","1,534","1,482","3,421","1,32,450",59,398,236,79
2011,5157,"1,830","43,820","10,542",537,518,"1,196","46,321",190,1350,488,151
2011,5158,"15,445","5,192","1,249",64,61,142,"5,488",1426,11724,4749,647
2011,5159,"21,260","3,772",907,46,45,103,"3,987",1920,16187,6418,1207
2011,5160,160,"5,01,186","1,20,571","6,138","5,928","13,684","5,29,800",0,13,6,0
2011,5161,"5,730","13,995","3,367",171,166,382,"14,794",519,5564,1447,111
2011,5162,"19,010","4,218","1,015",52,50,115,"4,459",1608,19046,4538,391
2011,5163,"7,110","11,278","2,713",138,133,308,"11,922",688,8264,1561,160
2011,5164,"2,110","38,005","9,143",465,450,"1,038","40,174",327,3099,360,30
2011,5165,"2,610","30,724","7,391",376,363,839,"32,478",248,3053,551,79
2011,5166,990,"81,000","19,486",992,958,"2,211","85,624",80,1202,183,19
2011,5167,"3,205","25,020","6,019",306,296,683,"26,449",261,2919,832,109
2011,5168,"2,680","29,922","7,198",366,354,817,"31,630",226,2704,634,48
2011,5169,"7,445","10,771","2,591",132,127,294,"11,386",664,7291,2033,217
2011,5170,640,"1,25,297","30,143","1,534","1,482","3,421","1,32,450",54,617,174,21
2011,5171,"3,635","22,060","5,307",270,261,602,"23,320",306,3021,912,180
2011,5172,"2,530","31,696","7,625",388,375,865,"33,505",242,2022,603,152
2011,5173,"6,085","13,178","3,170",161,156,360,"13,931",546,6062,1529,165
2011,5174,"1,355","59,181","14,237",725,700,"1,616","62,559",144,1401,332,46
2011,5950,15,"53,45,986","12,86,086","65,469","63,237","1,45,959","56,51,201",0,0,0,0
2015,5000,"7,896","10,156","2,443",124,120,277,"10,736",3134,5670,2512,1157
2015,5006,"4,272","18,771","4,516",230,222,512,"19,843",697,2626,1419,979
2015,5007,"3,888","20,625","4,962",253,244,563,"21,802",547,3249,1604,350
2015,5008,"6,826","11,748","2,826",144,139,321,"12,418",1093,6829,2314,408
2015,5009,"2,823","28,406","6,834",348,336,776,"30,028",408,2419,925,170
2015,5010,"2,505","32,012","7,701",392,379,874,"33,840",585,3032,683,87
2015,5011,"6,353","12,622","3,037",155,149,345,"13,343",849,5361,2415,451
2015,5012,"4,903","16,355","3,935",200,193,447,"17,289",1147,5712,1267,146
2015,5013,"4,768","16,818","4,046",206,199,459,"17,779",864,5292,1383,156
2015,5014,"6,269","12,791","3,077",157,151,349,"13,522",720,6037,2150,338
2015,5015,"3,432","23,365","5,621",286,276,638,"24,699",322,2742,1240,242
2015,5016,"5,029","15,945","3,836",195,189,435,"16,856",548,4030,1847,458
2015,5017,"2,292","34,987","8,417",428,414,955,"36,984",306,2707,674,124
2015,5018,"3,578","22,412","5,392",274,265,612,"23,691",369,2688,1206,307
2015,5019,"5,048","15,885","3,822",195,188,434,"16,792",517,4283,1853,518
2015,5020,"1,949","41,144","9,898",504,487,"1,123","43,493",184,1417,619,232
2015,5021,"3,896","20,583","4,952",252,243,562,"21,758",346,2913,1162,442
2015,5022,"9,596","8,357","2,010",102,99,228,"8,834",976,6591,3193,1551
2015,5023,"8,469","9,469","2,278",116,112,259,"10,009",1200,8662,2754,417
2015,5024,"8,501","9,433","2,269",116,112,258,"9,972",887,6579,2759,882
2015,5025,"4,751","16,879","4,060",207,200,461,"17,842",559,4043,1587,401
2015,5031,"5,547","14,456","3,478",177,171,395,"15,282",850,4754,1940,517
2015,5032,"7,421","10,806","2,600",132,128,295,"11,423",991,5999,2478,687
2015,5033,"4,507","17,792","4,280",218,210,486,"18,808",677,4164,1490,255
2015,5034,"6,440","12,452","2,996",152,147,340,"13,163",732,3785,2131,1183
2015,5035,"3,605","22,244","5,351",272,263,607,"23,514",435,2690,1281,393
2015,5037,"5,784","13,864","3,335",170,164,379,"14,656",926,5051,1984,474
2015,5038,"8,991","8,919","2,146",109,106,244,"9,428",1222,7368,3129,547
2015,5039,"4,940","16,233","3,905",199,192,443,"17,160",624,4124,1667,410
2015,5040,"1,373","58,405","14,050",715,691,"1,595","61,739",275,1183,434,156
2015,5041,"8,042","9,971","2,399",122,118,272,"10,541",891,5438,2739,1187
2015,5042,"5,645","14,205","3,417",174,168,388,"15,016",1053,5496,1779,339
2015,5043,"9,264","8,656","2,082",106,102,236,"9,150",1411,9831,3139,585
2015,5044,"6,633","12,090","2,908",148,143,330,"12,780",640,4627,2364,906
2015,5045,"10,460","7,666","1,844",94,91,209,"8,104",914,6535,3507,1436
2015,5046,"5,023","15,965","3,841",196,189,436,"16,876",640,4614,1692,388
2015,5047,"4,274","18,762","4,514",230,222,512,"19,833",569,4137,1466,271
2015,5048,"8,529","9,402","2,262",115,111,257,"9,939",765,6549,2820,964
2015,5049,"6,269","12,791","3,077",157,151,349,"13,522",577,4202,2202,703
2015,5050,"3,408","23,530","5,661",288,278,642,"24,873",427,2492,1170,377
2015,5051,"9,050","8,861","2,132",109,105,242,"9,367",948,5445,3207,1182
2015,5052,"4,032","19,888","4,785",244,235,543,"21,024",430,2533,1459,598
2015,5061,"6,610","12,132","2,919",149,144,331,"12,824",742,3380,1957,1563
2015,5062,"9,754","8,221","1,978",101,97,224,"8,691",1148,5541,3028,1929
2015,5063,"7,604","10,546","2,537",129,125,288,"11,148",943,4684,2604,1382
2015,5064,"6,397","12,536","3,016",154,148,342,"13,251",925,3635,1881,1322
2015,5065,"6,613","12,126","2,917",148,143,331,"12,818",953,3630,2026,1260
2015,5066,"7,995","10,030","2,413",123,119,274,"10,603",1086,3866,2368,1750
2015,5067,"6,626","12,102","2,911",148,143,330,"12,793",872,3743,2243,1234
2015,5068,"7,544","10,630","2,557",130,126,290,"11,236",1084,4992,2378,1317
2015,5069,"5,367","14,941","3,594",183,177,408,"15,794",610,3197,1655,1096
2015,5070,"8,016","10,004","2,407",123,118,273,"10,575",1141,6756,2699,856
2015,5072,"7,455","10,757","2,588",132,127,294,"11,371",1208,5261,2576,975
2015,5073,"8,623","9,300","2,237",114,110,254,"9,830",1409,6932,2854,841
2015,5074,"6,872","11,669","2,807",143,138,319,"12,335",1088,6470,2164,420
2015,5075,"6,057","13,239","3,185",162,157,361,"13,995",777,5220,1939,414
2015,5076,"5,852","13,703","3,297",168,162,374,"14,485",692,4201,2014,522
2015,5081,"5,894","13,605","3,273",167,161,371,"14,382",753,3421,1886,1255
2015,5082,"8,881","9,029","2,172",111,107,247,"9,545",1086,6132,3142,1236
2015,5083,"4,308","18,614","4,478",228,220,508,"19,677",521,3266,1619,462
2015,5084,"4,303","18,636","4,483",228,220,509,"19,700",968,5266,1115,154
2015,5085,"9,572","8,378","2,015",103,99,229,"8,856",1684,8404,3592,679
2015,5086,"8,406","9,540","2,295",117,113,260,"10,084",1330,7580,2958,562
2015,5087,"6,075","13,200","3,176",162,156,360,"13,954",988,5342,2139,397
2015,5088,"1,788","44,849","10,789",549,531,"1,224","47,409",212,1738,542,47
2015,5089,"4,128","19,426","4,673",238,230,530,"20,535",475,2799,1478,435
2015,5090,"4,108","19,520","4,696",239,231,533,"20,635",460,4286,1356,185
2015,5091,"4,412","18,175","4,372",223,215,496,"19,213",496,3432,1601,331
2015,5092,"9,686","8,279","1,992",101,98,226,"8,752",1330,8535,3317,510
2015,5093,"4,712","17,018","4,094",208,201,465,"17,990",687,4646,1528,174
2015,5094,466,"1,72,081","41,398","2,107","2,036","4,698","1,81,906",86,509,100,11
2015,5095,"11,110","7,218","1,736",88,85,197,"7,630",1953,8711,4002,920
2015,5096,"7,418","10,810","2,601",132,128,295,"11,427",933,6651,2227,353
2015,5097,"7,922","10,122","2,435",124,120,276,"10,700",864,6566,2804,437
2015,5098,"6,103","13,139","3,161",161,155,359,"13,890",922,6393,1905,244
2015,5106,99,"8,09,998","1,94,861","9,919","9,581","22,115","8,56,243",36,105,3,0
2015,5107,"8,076","9,929","2,389",122,117,271,"10,496",1556,8725,2275,204
2015,5108,"18,383","4,362","1,049",53,52,119,"4,611",3135,21246,4977,430
2015,5109,"10,571","7,586","1,825",93,90,207,"8,019",1416,10837,3285,400
2015,5110,"4,007","20,012","4,814",245,237,546,"21,155",697,4228,1265,119
2015,5111,288,"2,78,437","66,984","3,410","3,294","7,602","2,94,333",0,96,137,6
2015,5112,"7,351","10,909","2,624",134,129,298,"11,531",1195,10569,2026,255
2015,5113,"6,055","13,244","3,186",162,157,362,"14,000",1111,10470,1223,115
2015,5114,"16,807","4,771","1,148",58,56,130,"5,044",2436,15350,5403,701
2015,5115,"4,603","17,421","4,191",213,206,476,"18,416",611,4643,1603,124
2015,5116,"4,341","18,473","4,444",226,219,504,"19,527",605,4533,1591,251
2015,5117,"1,658","48,365","11,635",592,572,"1,320","51,127",215,1164,617,119
2015,5118,"10,350","7,748","1,864",95,92,212,"8,190",1143,8684,3416,771
2015,5120,"1,299","61,732","14,851",756,730,"1,685","65,256",166,915,292,58
2015,5121,679,"1,18,100","28,411","1,446","1,397","3,224","1,24,842",138,909,253,31
2015,5125,"11,374","7,050","1,696",86,83,192,"7,453",1328,8097,4106,1192
2015,5126,"4,332","18,511","4,453",227,219,505,"19,568",444,3192,1619,278
2015,5127,"4,859","16,503","3,970",202,195,451,"17,446",506,3580,1763,368
2015,5131,650,"1,23,369","29,679","1,511","1,459","3,368","1,30,412",49,438,202,55
2015,5152,"4,263","18,811","4,525",230,223,514,"19,885",443,2119,1283,776
2015,5153,"3,925","20,431","4,915",250,242,558,"21,597",458,2556,1350,534
2015,5156,633,"1,26,682","30,476","1,551","1,499","3,459","1,33,915",78,347,223,87
2015,5157,"1,914","41,896","10,079",513,496,"1,144","44,288",196,1244,619,204
2015,5158,"15,205","5,274","1,269",65,62,144,"5,575",1732,10725,5650,1053
2015,5159,"20,491","3,913",941,48,46,107,"4,137",2422,14818,7071,1607
2015,5160,154,"5,20,713","1,25,268","6,377","6,159","14,217","5,50,442",0,16,3,0
2015,5161,"5,563","14,415","3,468",177,171,394,"15,238",640,5299,1858,177
2015,5162,"18,255","4,393","1,057",54,52,120,"4,644",2186,17709,5625,637
2015,5163,"6,783","11,822","2,844",145,140,323,"12,497",832,7706,1956,240
2015,5164,"1,898","42,250","10,164",517,500,"1,154","44,662",314,2990,445,58
2015,5165,"2,512","31,923","7,680",391,378,872,"33,745",309,2763,702,108
2015,5166,871,"92,066","22,148","1,127","1,089","2,514","97,323",100,1087,241,24
2015,5167,"3,187","25,162","6,053",308,298,687,"26,598",365,2711,1028,172
2015,5168,"2,733","29,341","7,059",359,347,801,"31,016",329,2802,837,117
2015,5169,"8,692","9,226","2,219",113,109,252,"9,752",1010,8010,3006,440
2015,5170,656,"1,22,241","29,407","1,497","1,446","3,337","1,29,220",72,577,200,38
2015,5171,"3,703","21,655","5,210",265,256,591,"22,892",352,2755,1139,280
2015,5172,"2,505","32,012","7,701",392,379,874,"33,840",258,1765,755,209
2015,5173,"6,320","12,688","3,052",155,150,346,"13,413",697,5967,1886,302
2015,5174,"1,458","55,000","13,231",674,651,"1,502","58,140",187,1434,457,71
