POA_CODE_2016,total.people,total.people.male,total.people.female,total.age.0-14,total.age.15-19,total.age.20-54,total.age.54-100,age.predominant.class,age.predominant.class.value,total.family.weekly.income.1-500,total.family.weekly.income.500-1249,total.family.weekly.income.1250-2499,total.family.weekly.income.2500-6000,average.family.weekly.income,averaga.family.weekly.income.class,family.comp.couples.no.children,family.comp.couples.children.under.15y,family.comp.one.parent.children.under.15y,family.com.predominant.class,family.com.predominant.class.value
5000,21997,11633,10371,999,1231,15097,4680,adults,15097,48425,422800,1286625,2466000,2173.880597,very high,2854,1205,288,family.comp.couples.no.children,2854
5005,0,0,0,0,0,0,0,kids,0,0,0,0,0,0,NA,0,0,0,family.comp.couples.no.children,0
5006,7999,3853,4147,685,688,4157,2475,adults,4157,18200,191525,696125,2456750,2747.222222,very high,1607,879,113,family.comp.couples.no.children,1607
5007,7011,3447,3561,785,311,4116,1799,adults,4116,35550,348775,947250,1407250,1927.392681,high,1437,1389,283,family.comp.couples.no.children,1437
5008,13682,6844,6840,2151,774,7051,3704,adults,7051,90400,892175,1914625,2159500,1702.019522,high,2232,3823,678,family.comp.couples.children.under.15y,3823
5009,4977,2503,2477,827,307,2456,1377,adults,2456,30725,316125,868375,792000,1743.896612,high,929,1473,258,family.comp.couples.children.under.15y,1473
5010,5962,2786,3180,1066,398,2910,1587,adults,2910,49500,452475,782875,570250,1452.701644,low,780,1908,420,family.comp.couples.children.under.15y,1908
5011,11850,5799,6045,2021,678,6107,3027,adults,6107,54325,687075,2045000,2373500,1890.07326,high,2152,3721,590,family.comp.couples.children.under.15y,3721
5012,11190,5586,5606,2228,757,5750,2450,adults,5750,99625,857225,1542750,874000,1396.935818,low,1493,3794,1014,family.comp.couples.children.under.15y,3794
5013,9923,4971,4956,1625,646,4819,2835,adults,4819,75200,731100,1471500,969000,1498.984303,medium,1514,2634,831,family.comp.couples.children.under.15y,2634
5014,11739,5673,6067,1790,643,5625,3680,adults,5625,68750,824175,2009500,1882750,1722.525198,high,2330,2975,813,family.comp.couples.children.under.15y,2975
5015,5617,2749,2865,792,298,2885,1631,adults,2885,32800,391625,919000,972750,1752.023449,high,1243,1229,453,family.comp.couples.no.children,1243
5016,8697,4106,4591,1365,508,3980,2849,adults,3980,37000,500200,1530875,2040250,1978.009148,very high,1898,2361,526,family.comp.couples.children.under.15y,2361
5017,4960,2375,2588,866,312,2223,1557,adults,2223,42150,427225,776000,496250,1473.456007,medium,928,1144,609,family.comp.couples.children.under.15y,1144
5018,5481,2706,2780,723,316,2245,2194,adults,2245,20775,385350,1067125,1413750,1962.610469,very high,1502,1282,246,family.comp.couples.no.children,1502
5019,9119,4377,4741,1359,486,4056,3213,adults,4056,52325,513375,1428750,2123250,1972.078544,very high,1893,2183,595,family.comp.couples.children.under.15y,2183
5020,3070,1486,1582,498,150,1210,1225,seniors,1225,6525,200825,523375,979000,2142.512531,very high,807,848,130,family.comp.couples.children.under.15y,848
5021,5643,2735,2907,661,279,1978,2722,seniors,2722,30450,420500,949625,1800750,2061.381198,very high,1827,1248,186,family.comp.couples.no.children,1827
5022,15393,7546,7849,2478,952,6775,5186,adults,6775,48950,779650,2293750,5535750,2350.828129,very high,3440,4664,549,family.comp.couples.children.under.15y,4664
5023,16505,7889,8612,2564,972,7856,5130,adults,7856,120125,1221575,2725375,2256500,1616.455777,medium,3154,4271,1233,family.comp.couples.children.under.15y,4271
5024,13783,6654,7129,2112,834,5980,4857,adults,5980,61775,901675,2271000,3878750,2060.602549,very high,3214,4113,413,family.comp.couples.children.under.15y,4113
5025,8106,3937,4174,1313,471,3673,2651,adults,3673,43100,579775,1368375,2050000,1915.28436,high,1880,2495,322,family.comp.couples.children.under.15y,2495
5031,9835,4799,5034,1315,523,5617,2376,adults,5617,54025,494975,1423625,2222000,1985.151443,very high,1766,2449,456,family.comp.couples.children.under.15y,2449
5032,12725,6224,6500,1962,684,6344,3737,adults,6344,55650,794850,2103875,2938000,1973.333891,very high,2507,3890,439,family.comp.couples.children.under.15y,3890
5033,8360,4110,4247,1187,415,4551,2199,adults,4551,45350,512600,1354750,1115000,1706.708005,high,1479,2165,366,family.comp.couples.children.under.15y,2165
5034,9890,4665,5227,1596,595,4809,2883,adults,4809,24350,380675,1338875,4138250,2602.721239,very high,2011,3116,294,family.comp.couples.children.under.15y,3116
5035,6265,3034,3236,940,290,3254,1796,adults,3254,24875,346875,928125,1408000,1999.907681,very high,1228,1758,264,family.comp.couples.children.under.15y,1758
5037,10761,5196,5566,1614,587,5416,3141,adults,5416,43700,662475,1657750,1960500,1849.625749,high,2041,3095,390,family.comp.couples.children.under.15y,3095
5038,15198,7340,7857,2278,729,8153,4037,adults,8153,76975,975175,2688750,2553250,1783.550581,high,3263,4346,617,family.comp.couples.children.under.15y,4346
5039,8754,4226,4532,1531,446,4420,2366,adults,4420,40150,496025,1433125,1909750,1942.438658,high,1517,2723,459,family.comp.couples.children.under.15y,2723
5040,2479,1186,1295,363,296,916,901,adults,916,10875,157750,392125,686000,2047.208539,very high,613,648,122,family.comp.couples.children.under.15y,648
5041,13386,6335,7048,2489,875,5894,4126,adults,5894,41025,615850,1971625,4884250,2387.273594,very high,2341,4805,508,family.comp.couples.children.under.15y,4805
5042,11787,5591,6194,1679,739,5797,3585,adults,5797,55275,757875,1679375,1528000,1687.169534,high,2183,3048,496,family.comp.couples.children.under.15y,3048
5043,18684,8770,9920,2598,1096,9015,5973,adults,9015,102800,1340300,2932000,2472000,1641.990408,medium,3685,4517,1028,family.comp.couples.children.under.15y,4517
5044,10602,4983,5614,1634,714,4413,3833,adults,4413,31225,579400,1626000,3660000,2302.469738,very high,2358,3049,422,family.comp.couples.children.under.15y,3049
5045,15887,7628,8257,1996,724,7511,5649,adults,7511,60850,734375,2320000,4889500,2276.009383,very high,3777,3584,556,family.comp.couples.no.children,3777
5046,8993,4208,4780,1228,486,4228,3044,adults,4228,52150,568725,1545250,1537250,1771.949761,high,1917,2276,389,family.comp.couples.children.under.15y,2276
5047,8209,3944,4260,1304,485,4003,2408,adults,4003,41200,585075,1416375,1333500,1728.699437,high,1724,2258,489,family.comp.couples.children.under.15y,2258
5048,14017,6537,7485,2169,749,5712,5384,adults,5712,55250,835975,2129875,3858000,2096.008531,very high,3144,3898,642,family.comp.couples.children.under.15y,3898
5049,9590,4662,4930,1634,544,4151,3262,adults,4151,47150,584975,1749000,2917500,2094.318182,very high,2427,2984,490,family.comp.couples.children.under.15y,2984
5050,5484,2643,2834,865,382,2185,2036,adults,2185,22425,322775,942875,1656250,2127.402457,very high,1361,1608,213,family.comp.couples.children.under.15y,1608
5051,13725,6765,6960,2796,932,5955,4032,adults,5955,34575,675950,2566625,5179500,2339.969563,very high,3057,5464,509,family.comp.couples.children.under.15y,5464
5052,6205,3007,3200,1072,435,2530,2171,adults,2530,12375,293200,1135375,2505750,2434.731647,very high,1488,2148,225,family.comp.couples.children.under.15y,2148
5061,9578,4509,5067,1574,644,4361,2996,adults,4361,28575,332975,1156250,4970250,2887.427681,very high,2063,2978,313,family.comp.couples.children.under.15y,2978
5062,14668,6967,7698,2618,1078,6167,4815,adults,6167,41150,584800,1989750,6704250,2659.803082,very high,2909,5014,529,family.comp.couples.children.under.15y,5014
5063,12388,5767,6619,1978,709,5891,3804,adults,5891,33900,473300,1606125,4576500,2514.971805,very high,2294,3662,494,family.comp.couples.children.under.15y,3662
5064,9923,4543,5379,1611,819,3646,3840,seniors,3840,34900,399825,1224750,4403500,2674.44861,very high,2111,3095,301,family.comp.couples.children.under.15y,3095
5065,10279,4718,5561,1818,632,4268,3554,adults,4268,29125,442925,1292750,4136250,2579.130245,very high,1980,3495,369,family.comp.couples.children.under.15y,3495
5066,11615,5568,6047,2213,913,4609,3872,adults,4609,35925,416900,1472125,6203250,2844.016795,very high,2378,4371,415,family.comp.couples.children.under.15y,4371
5067,10175,4941,5233,1326,611,5122,3112,adults,5122,30150,399075,1273750,3713500,2536.990632,very high,2163,2356,377,family.comp.couples.children.under.15y,2356
5068,12139,5513,6625,1834,910,5225,4168,adults,5225,50325,570900,1549750,4353500,2413.790233,very high,2405,3438,477,family.comp.couples.children.under.15y,3438
5069,8260,4090,4168,1326,501,4058,2379,adults,4058,29300,328925,1010250,3629500,2648.6354,very high,1696,2533,266,family.comp.couples.children.under.15y,2533
5070,14191,6668,7520,2054,699,6801,4637,adults,6801,64625,881025,2043625,3457000,2006.934932,very high,2939,3904,503,family.comp.couples.children.under.15y,3904
5072,12542,5978,6563,2092,871,5605,3970,adults,5605,53975,700800,1782500,3963000,2202.736361,very high,2523,3925,552,family.comp.couples.children.under.15y,3925
5073,15190,7373,7815,2560,983,6936,4705,adults,6936,72300,1030675,2496250,3637750,1944.900564,high,3068,4931,647,family.comp.couples.children.under.15y,4931
5074,13005,6339,6670,2165,719,5954,4167,adults,5954,80750,916350,2251500,2015750,1722.627618,high,2491,3948,650,family.comp.couples.children.under.15y,3948
5075,10588,5129,5466,1741,616,4613,3620,adults,4613,54025,762650,1845500,2162500,1830.996205,high,2380,3178,485,family.comp.couples.children.under.15y,3178
5076,9061,4500,4564,1487,630,4080,2862,adults,4080,35875,535950,1756750,2693250,2077.709971,very high,1987,2954,321,family.comp.couples.children.under.15y,2954
5081,9449,4580,4874,1430,605,4165,3257,adults,4165,29975,342400,1196875,3933000,2646.584897,very high,2016,2634,292,family.comp.couples.children.under.15y,2634
5082,14773,7420,7357,2496,817,7591,3870,adults,7591,49225,680850,2112875,4854750,2336.176024,very high,2649,4946,455,family.comp.couples.children.under.15y,4946
5083,7379,3651,3727,1303,374,3769,1940,adults,3769,24175,401200,1203000,2046500,2130.362319,very high,1353,2537,289,family.comp.couples.children.under.15y,2537
5084,10099,5354,4745,1816,598,5433,2256,adults,5433,78750,728450,1123000,788500,1396.353364,low,1318,2911,789,family.comp.couples.children.under.15y,2911
5085,20167,10225,9939,3705,1037,10992,4426,adults,10992,104875,1186400,3229250,3395750,1804.896261,high,3406,6864,1191,family.comp.couples.children.under.15y,6864
5086,16246,7826,8422,2914,908,8273,4144,adults,8273,92625,1114700,2782625,2709750,1744.713542,high,3021,5315,969,family.comp.couples.children.under.15y,5315
5087,11385,5499,5885,1857,548,5947,3039,adults,5947,66225,806575,1915625,1885000,1737.978803,high,2352,3535,575,family.comp.couples.children.under.15y,3535
5088,3250,1592,1657,568,151,1624,918,adults,1624,15775,281000,624250,334500,1555.793061,medium,654,955,224,family.comp.couples.children.under.15y,955
5089,6466,3267,3199,1181,439,2905,1939,adults,2905,20450,406975,1281250,2043250,2123.330504,very high,1576,2234,279,family.comp.couples.children.under.15y,2234
5090,7699,3559,4143,1116,401,2998,3200,seniors,3200,36575,614375,1377625,1054750,1651.486342,medium,1897,1985,400,family.comp.couples.children.under.15y,1985
5091,7350,3593,3752,1276,500,3245,2340,adults,3245,25525,549075,1509000,1741500,1927.97379,high,1828,2455,283,family.comp.couples.children.under.15y,2455
5092,17528,8613,8914,3088,1026,8161,5260,adults,8161,82425,1320425,3533000,2747750,1719.695613,high,3871,5654,1005,family.comp.couples.children.under.15y,5654
5093,8934,4453,4480,1582,560,4058,2732,adults,4058,58550,755850,1733500,1071000,1567.980936,medium,2038,2749,661,family.comp.couples.children.under.15y,2749
5094,969,521,449,157,92,435,279,adults,435,9175,84575,133125,44250,1272.887324,low,153,282,54,family.comp.couples.children.under.15y,282
5095,20723,10352,10373,3898,1265,11520,4035,adults,11520,101050,1219775,3642500,3946250,1865.488903,high,3805,7196,1166,family.comp.couples.children.under.15y,7196
5096,13239,6598,6638,2568,848,6275,3557,adults,6275,83300,1007100,2461875,1844750,1651.476438,medium,2623,4349,974,family.comp.couples.children.under.15y,4349
5097,13278,6515,6763,2286,788,5875,4340,adults,5875,56525,973450,2832375,2420000,1787.297297,high,3156,4038,793,family.comp.couples.children.under.15y,4038
5098,12221,6046,6180,2206,664,5423,3931,adults,5423,82225,1012100,2180375,1514500,1568.172888,medium,2633,3809,863,family.comp.couples.children.under.15y,3809
5106,320,216,103,0,36,173,105,adults,173,0,0,0,0,0,NA,3,0,0,family.comp.couples.no.children,3
5107,17178,8511,8668,3537,1139,8304,4188,adults,8304,114000,1429925,2976375,1478000,1470.171569,medium,2732,6104,1465,family.comp.couples.children.under.15y,6104
5108,40356,20006,20343,8445,2666,19759,9481,adults,19759,341500,3419700,6539000,2761000,1382.722846,low,6281,13012,4396,family.comp.couples.children.under.15y,13012
5109,20581,10155,10428,3828,1325,9372,6051,adults,9372,137400,1686925,3653250,2513500,1570.572917,medium,4203,6147,1808,family.comp.couples.children.under.15y,6147
5110,8923,4379,4540,2027,532,4360,2013,adults,4360,70075,683625,1527375,880000,1500.98528,medium,1612,3276,901,family.comp.couples.children.under.15y,3276
5111,303,262,45,0,36,247,11,adults,247,0,0,0,0,0,NA,0,0,0,family.comp.couples.no.children,0
5112,19701,9775,9928,3803,1316,8864,5734,adults,8864,173525,1638750,2330250,1331000,1326.27211,low,2974,5023,2237,family.comp.couples.children.under.15y,5023
5113,18833,9413,9418,4298,1221,8575,4738,adults,8575,229625,1807625,1822000,460500,1087.276617,low,2643,4414,3225,family.comp.couples.children.under.15y,4414
5114,33540,16364,17174,8191,2417,16580,6353,adults,16580,205350,2491450,6290125,3886500,1595.022302,medium,5574,12062,4097,family.comp.couples.children.under.15y,12062
5115,10272,5012,5261,2829,643,5409,1393,adults,5409,74850,769275,1939375,804500,1476.54321,medium,1583,3724,1539,family.comp.couples.children.under.15y,3724
5116,9324,4436,4893,1906,646,3997,2764,adults,3997,61650,779575,1555875,1345250,1604.781304,medium,1952,2760,1020,family.comp.couples.children.under.15y,2760
5117,2863,1450,1414,711,226,1360,559,adults,1360,7350,156025,604625,724750,2042.065663,very high,468,1413,82,family.comp.couples.children.under.15y,1413
5118,18132,8783,9346,3296,1254,7945,5631,adults,7945,90875,1213050,3318625,3529250,1831.453606,high,3934,5597,1135,family.comp.couples.children.under.15y,5597
5120,1982,1032,946,418,93,914,558,adults,914,9450,126800,347625,295250,1758.747178,high,350,705,100,family.comp.couples.children.under.15y,705
5121,1643,814,829,266,79,702,599,adults,702,9175,143675,288500,189500,1546.20098,medium,434,508,69,family.comp.couples.children.under.15y,508
5125,18846,9061,9788,3687,1419,8796,4938,adults,8796,68525,1124600,3562250,5575000,2097.964054,very high,3952,6739,1164,family.comp.couples.children.under.15y,6739
5126,7019,3482,3533,1381,423,3232,1983,adults,3232,27125,464275,1614500,1442000,1867.315789,high,1682,2460,399,family.comp.couples.children.under.15y,2460
5127,7648,3670,3977,1278,577,3513,2284,adults,3513,30100,490450,1567125,2105750,2005.463893,very high,1752,2253,495,family.comp.couples.children.under.15y,2253
5131,958,472,486,158,71,399,329,adults,399,5675,51525,196750,250500,2050.609756,very high,259,315,29,family.comp.couples.children.under.15y,315
5132,407,204,202,80,22,170,140,adults,170,2700,19000,83125,140500,2250.688073,very high,113,162,9,family.comp.couples.children.under.15y,162
5133,383,183,199,68,34,158,126,adults,158,1800,20100,75625,146250,2366.747573,very high,103,131,5,family.comp.couples.children.under.15y,131
5134,418,209,206,73,31,161,152,adults,161,2025,35350,66125,150750,2084.016393,very high,113,142,17,family.comp.couples.children.under.15y,142
5136,511,265,241,107,34,223,143,adults,223,2025,23000,95500,145000,2158.739837,very high,98,208,26,family.comp.couples.children.under.15y,208
5137,566,291,272,102,40,226,196,adults,226,3150,30300,98000,219750,2389.115646,very high,129,189,26,family.comp.couples.children.under.15y,189
5138,287,151,132,51,17,112,100,adults,112,0,17075,62625,130000,2410.344828,very high,72,110,3,family.comp.couples.children.under.15y,110
5139,221,114,110,44,14,82,80,adults,82,0,5775,34125,72250,2386.170213,very high,46,97,0,family.comp.couples.children.under.15y,97
5140,412,210,205,94,41,193,87,adults,193,675,10875,68625,171750,2494.306931,very high,79,193,20,family.comp.couples.children.under.15y,193
5141,686,334,346,140,51,280,222,adults,280,1350,38975,103625,251750,2314.035088,very high,152,230,22,family.comp.couples.children.under.15y,230
5142,549,252,297,108,21,221,205,adults,221,1350,28750,77375,217000,2421.455224,very high,130,205,15,family.comp.couples.children.under.15y,205
5144,399,198,202,52,24,156,164,seniors,164,0,26725,61625,174750,2554.368932,very high,112,120,3,family.comp.couples.children.under.15y,120
5150,58,34,27,6,0,26,31,seniors,31,0,4500,10500,34500,2605.263158,very high,18,11,0,family.comp.couples.no.children,18
5151,370,193,181,63,31,164,114,adults,164,2475,11150,51750,167500,2531.25,very high,81,131,5,family.comp.couples.children.under.15y,131
5152,6028,2945,3083,1263,368,2386,2013,adults,2386,11400,261000,901125,2933000,2634.076331,very high,1435,2375,192,family.comp.couples.children.under.15y,2375
5153,6290,3117,3174,1157,489,2682,1975,adults,2682,17375,330550,1123500,2068500,2263.379156,very high,1409,2252,187,family.comp.couples.children.under.15y,2252
5154,3296,1588,1711,681,230,1220,1160,adults,1220,9300,157175,486625,1560750,2568.271462,very high,808,1306,107,family.comp.couples.children.under.15y,1306
5155,3734,1788,1944,796,222,1688,1033,adults,1688,8025,153750,783750,1171250,2266.35439,very high,746,1462,190,family.comp.couples.children.under.15y,1462
5156,936,489,446,186,59,402,299,adults,402,2250,51875,161500,346250,2302.766393,very high,227,353,40,family.comp.couples.children.under.15y,353
5157,2844,1402,1443,468,199,1150,1028,adults,1150,7650,132825,538750,915250,2226.920391,very high,734,933,90,family.comp.couples.children.under.15y,933
5158,24287,11864,12426,4706,1619,11484,6485,adults,11484,72500,1506275,5454375,5623000,1954.315936,very high,5276,8956,1234,family.comp.couples.children.under.15y,8956
5159,32153,15719,16437,5804,2286,14205,9858,adults,14205,118600,2009925,6902875,7963250,1979.805452,very high,7467,10920,1567,family.comp.couples.children.under.15y,10920
5160,25,11,13,0,3,6,12,seniors,12,0,0,0,0,0,NA,9,3,0,family.comp.couples.no.children,9
5161,10018,4917,5106,1788,586,4612,3037,adults,4612,53125,870325,2054875,1142000,1572.043113,medium,2191,3153,732,family.comp.couples.children.under.15y,3153
5162,33866,16446,17424,6245,2208,15446,9958,adults,15446,181550,2918550,6439000,3921000,1570.057156,medium,7115,10061,2878,family.comp.couples.children.under.15y,10061
5163,13852,6718,7135,2569,844,6232,4213,adults,6232,105300,1288850,2348500,1245500,1433.788445,low,2902,3677,1458,family.comp.couples.children.under.15y,3677
5164,5240,2534,2698,986,341,2272,1642,adults,2272,55600,475350,606250,194250,1184.564057,low,864,1146,665,family.comp.couples.children.under.15y,1146
5165,5370,2684,2691,912,307,2425,1732,adults,2425,37375,487025,738125,473750,1425.513136,low,1098,1147,580,family.comp.couples.children.under.15y,1147
5166,1824,943,879,292,96,794,653,adults,794,14450,181650,262750,128250,1325.282167,low,423,373,213,family.comp.couples.no.children,423
5167,5605,2742,2860,947,333,2492,1823,adults,2492,30400,414250,1008250,843250,1667.501816,high,1261,1569,355,family.comp.couples.children.under.15y,1569
5168,5445,2668,2777,1079,294,2579,1496,adults,2579,49425,435125,956750,580000,1506.184799,medium,1093,1605,512,family.comp.couples.children.under.15y,1605
5169,16761,8013,8747,3666,1019,7906,4170,adults,7906,97625,1293475,3303500,2296250,1646.843345,medium,3504,5720,1594,family.comp.couples.children.under.15y,5720
5170,1116,535,585,183,70,508,355,adults,508,3600,91100,189250,193000,1740.693431,high,257,351,52,family.comp.couples.children.under.15y,351
5171,5785,2808,2979,985,380,2246,2180,adults,2246,34825,402725,1073750,1307250,1894.186828,high,1535,1858,220,family.comp.couples.children.under.15y,1858
5172,3878,1900,1973,714,281,1604,1284,adults,1604,15275,271000,722125,943750,1956.062124,very high,951,1341,151,family.comp.couples.children.under.15y,1341
5173,12539,6020,6522,2942,816,5656,3129,adults,5656,81600,997150,2184375,1233000,1520.502198,medium,2289,4309,1342,family.comp.couples.children.under.15y,4309
5174,2858,1439,1424,555,195,1339,767,adults,1339,17625,231600,486000,358500,1592.030568,medium,600,921,189,family.comp.couples.children.under.15y,921
5201,1905,949,952,345,129,868,560,adults,868,7875,134875,358375,388500,1884.798729,high,492,616,117,family.comp.couples.children.under.15y,616
5202,833,422,410,163,51,364,257,adults,364,6000,57450,154500,94750,1571.356784,medium,213,306,30,family.comp.couples.children.under.15y,306
5203,1235,606,627,188,63,400,587,seniors,587,8900,98600,202250,146500,1562.5,medium,339,305,63,family.comp.couples.no.children,339
5204,2827,1386,1444,344,98,839,1554,seniors,1554,22350,313275,420500,216500,1330.540356,low,1039,499,164,family.comp.couples.no.children,1039
5210,1660,818,843,362,122,714,463,adults,714,9225,123325,365500,218500,1689.976415,high,428,626,101,family.comp.couples.children.under.15y,626
5211,14773,6904,7870,2007,679,4344,7743,seniors,7743,118775,1737175,2092000,1288000,1348.081874,low,5198,3117,878,family.comp.couples.no.children,5198
5212,2074,1012,1065,259,72,573,1168,seniors,1168,16750,246775,256125,163500,1301.238095,low,752,365,101,family.comp.couples.no.children,752
5213,1124,582,541,192,62,434,441,seniors,441,2700,102200,218000,136750,1671.454545,high,319,347,58,family.comp.couples.children.under.15y,347
5214,8018,3833,4186,1004,295,2359,4376,seniors,4376,58575,962400,1030000,537500,1274.483013,low,2864,1571,433,family.comp.couples.no.children,2864
5220,151,75,74,29,3,70,44,adults,70,0,8925,13500,8250,1460.714286,medium,33,56,0,family.comp.couples.children.under.15y,56
5221,342,160,182,51,7,117,152,seniors,152,3750,30325,30875,0,999.2307692,low,92,63,18,family.comp.couples.no.children,92
5222,668,335,330,89,24,235,324,seniors,324,5850,62150,69875,30000,1207.733813,low,195,116,28,family.comp.couples.no.children,195
5223,3772,1933,1838,631,197,1529,1407,adults,1529,24850,284250,549875,340000,1502.474937,medium,919,984,166,family.comp.couples.children.under.15y,984
5231,1177,593,583,193,101,515,368,adults,515,4275,49900,268375,333750,2194.983278,very high,324,403,44,family.comp.couples.children.under.15y,403
5232,424,216,208,57,34,182,136,adults,182,1350,15325,73250,168250,2435.613208,very high,118,101,18,family.comp.couples.no.children,118
5233,1445,716,728,237,107,586,513,adults,586,8250,98000,245500,310250,1859.550562,high,365,450,54,family.comp.couples.children.under.15y,450
5234,1302,656,641,264,113,549,374,adults,549,3150,93650,242000,284750,1948.59375,high,305,472,69,family.comp.couples.children.under.15y,472
5235,2438,1207,1233,423,131,948,934,adults,948,22050,198375,455250,380500,1645.132399,medium,712,730,135,family.comp.couples.children.under.15y,730
5236,296,150,147,40,24,144,91,adults,144,2025,22850,50375,35750,1541.666667,medium,66,80,9,family.comp.couples.children.under.15y,80
5237,340,182,157,65,10,148,102,adults,148,3750,25650,47000,29000,1424.324324,low,85,83,37,family.comp.couples.no.children,85
5238,4116,2074,2042,563,211,1386,1954,seniors,1954,37175,418025,523375,276750,1286.193648,low,1263,878,244,family.comp.couples.no.children,1263
5240,472,251,218,82,35,195,158,adults,195,2400,34800,121500,95500,1828.776978,high,124,165,14,family.comp.couples.children.under.15y,165
5241,2488,1170,1314,504,147,1076,768,adults,1076,10275,190675,465375,437000,1745.767405,high,596,881,138,family.comp.couples.children.under.15y,881
5242,1559,742,809,277,112,660,512,adults,660,3300,94925,288375,454750,2140.839695,very high,384,508,68,family.comp.couples.children.under.15y,508
5243,815,392,420,120,59,352,280,adults,352,2025,49125,117000,313500,2361.029412,very high,220,198,47,family.comp.couples.no.children,220
5244,4117,2076,2046,744,298,1770,1305,adults,1770,17800,254900,757625,826250,1875.328283,high,877,1413,161,family.comp.couples.children.under.15y,1413
5245,3112,1524,1592,490,195,1081,1331,seniors,1331,9000,168575,475125,868250,2169.686163,very high,746,922,94,family.comp.couples.children.under.15y,922
5250,3448,1675,1767,796,254,1516,876,adults,1516,9825,177150,656875,1013750,2154.988399,very high,672,1432,184,family.comp.couples.children.under.15y,1432
5251,14401,6801,7606,2949,991,6505,3958,adults,6505,69975,948600,2681125,2853500,1863.822526,high,2981,4911,1052,family.comp.couples.children.under.15y,4911
5252,6391,3150,3238,1448,478,3133,1344,adults,3133,18550,411350,1386625,1209750,1862.323077,high,1272,2553,401,family.comp.couples.children.under.15y,2553
5253,18469,9223,9249,3189,1156,8328,5806,adults,8328,134225,1623475,2835375,1428250,1415.117509,low,4183,4677,1595,family.comp.couples.children.under.15y,4677
5254,2356,1226,1126,417,180,1037,722,adults,1037,11925,180250,461000,276500,1602.887931,medium,595,783,105,family.comp.couples.children.under.15y,783
5255,9063,4351,4710,1706,590,3560,3212,adults,3560,49000,709875,1693250,1293500,1658.824181,medium,2312,2939,540,family.comp.couples.children.under.15y,2939
5256,1326,659,666,177,57,474,615,seniors,615,14050,128825,186125,119000,1357.575758,low,393,244,88,family.comp.couples.no.children,393
5259,1064,578,491,179,63,452,374,adults,452,10575,90950,144125,93250,1436.016949,low,285,284,65,family.comp.couples.no.children,285
5260,1764,879,885,285,108,663,711,seniors,711,13500,204850,237000,97500,1279.74537,low,483,399,158,family.comp.couples.no.children,483
5261,350,188,162,71,25,151,104,adults,151,4050,18150,81750,23500,1481.976744,medium,91,121,26,family.comp.couples.children.under.15y,121
5262,397,222,174,92,18,174,109,adults,174,3300,30525,86750,46750,1656.683168,medium,99,142,19,family.comp.couples.children.under.15y,142
5263,129,71,55,15,9,53,48,adults,53,0,5550,22000,21250,1952,very high,37,29,0,family.comp.couples.no.children,37
5264,1225,604,620,204,44,432,542,seniors,542,9375,111175,148375,110750,1411.431227,low,346,281,76,family.comp.couples.no.children,346
5265,445,239,204,91,21,195,138,adults,195,3300,36950,67375,13750,1348.611111,low,90,158,26,family.comp.couples.children.under.15y,158
5266,595,332,266,136,32,267,172,adults,267,4275,45000,131375,70750,1687.248322,high,165,242,11,family.comp.couples.children.under.15y,242
5267,1922,988,935,410,109,779,628,adults,779,11475,132950,344375,229500,1610.538117,medium,496,715,65,family.comp.couples.children.under.15y,715
5268,3486,1831,1653,620,217,1571,1081,adults,1571,17875,242750,627500,358500,1600.288832,medium,790,1102,137,family.comp.couples.children.under.15y,1102
5269,244,134,106,49,17,101,85,adults,101,1350,21275,39750,8250,1332.54717,low,53,78,14,family.comp.couples.children.under.15y,78
5270,582,313,274,118,43,257,166,adults,257,2250,35900,126625,125500,1922.350993,high,161,232,0,family.comp.couples.children.under.15y,232
5271,7372,3816,3552,1436,392,3298,2246,adults,3298,41875,510225,1331250,985000,1671.532634,high,1793,2473,363,family.comp.couples.children.under.15y,2473
5272,742,399,345,139,47,305,258,adults,305,3150,52375,160125,115750,1665.326633,high,244,233,33,family.comp.couples.no.children,244
5273,105,59,44,26,3,50,19,adults,50,0,7200,14625,0,1364.0625,low,27,55,0,family.comp.couples.children.under.15y,55
5275,2329,1199,1131,372,106,845,1004,seniors,1004,18900,216000,343375,345250,1554.755892,medium,723,644,94,family.comp.couples.no.children,723
5276,1227,630,601,168,33,489,530,seniors,530,4500,82700,210625,150500,1672.854478,high,350,269,28,family.comp.couples.no.children,350
5277,2880,1500,1382,564,148,1239,933,adults,1239,19075,210950,512375,357750,1589.812139,medium,692,927,164,family.comp.couples.children.under.15y,927
5278,501,277,224,96,28,219,162,adults,219,6000,45125,64625,42750,1331.932773,low,144,129,46,family.comp.couples.no.children,144
5279,513,250,266,96,36,174,202,seniors,202,8100,41575,90625,43250,1369.776119,low,153,143,42,family.comp.couples.no.children,153
5280,7092,3524,3569,1270,419,2783,2634,adults,2783,52600,575875,1081875,962750,1593.97734,medium,1844,2064,393,family.comp.couples.children.under.15y,2064
5290,25131,12231,12902,4985,1607,10829,7714,adults,10829,178225,1861475,4337875,2888500,1576.131145,medium,5313,7518,2198,family.comp.couples.children.under.15y,7518
5291,8993,4893,4107,1800,592,4022,2578,adults,4022,35300,523000,1631250,1886750,1939.248335,high,2060,3291,311,family.comp.couples.children.under.15y,3291
5301,557,304,255,110,31,204,213,seniors,213,6900,58175,80500,46750,1308.333333,low,182,186,28,family.comp.couples.children.under.15y,186
5302,819,409,415,141,43,316,307,adults,316,5675,65450,139500,136750,1719.678218,high,224,260,21,family.comp.couples.children.under.15y,260
5303,221,121,100,43,10,115,51,adults,115,0,14600,36375,8250,1600.675676,medium,30,78,0,family.comp.couples.children.under.15y,78
5304,816,422,392,134,37,385,264,adults,385,3825,43625,154125,99500,1691.432584,high,178,217,27,family.comp.couples.children.under.15y,217
5306,79,43,29,11,8,21,26,seniors,26,1575,3375,5500,9750,1262.5,low,16,18,10,family.comp.couples.children.under.15y,18
5307,564,277,289,100,31,190,249,seniors,249,6450,59425,69375,35750,1257.352941,low,165,150,35,family.comp.couples.no.children,165
5308,141,78,63,28,7,68,42,adults,68,1350,8250,29625,0,1307.5,low,43,58,3,family.comp.couples.children.under.15y,58
5309,143,78,62,26,11,60,49,adults,60,0,10425,32625,0,1484.482759,medium,34,41,3,family.comp.couples.children.under.15y,41
5310,56,32,27,7,0,30,20,adults,30,0,3600,4125,8250,1597.5,medium,14,16,0,family.comp.couples.children.under.15y,16
5311,397,216,181,71,35,175,121,adults,175,3150,32950,71500,47750,1618.229167,medium,100,144,8,family.comp.couples.children.under.15y,144
5320,628,332,294,68,22,211,328,seniors,328,13875,67200,68000,41750,1142.664671,low,207,76,53,family.comp.couples.no.children,207
5321,547,396,147,27,20,303,189,adults,303,2475,31000,45750,11000,1171.753247,low,117,50,17,family.comp.couples.no.children,117
5322,1007,535,472,148,67,406,384,adults,406,5625,95775,178500,107750,1502.51938,medium,297,247,44,family.comp.couples.no.children,297
5330,3394,1689,1698,596,193,1275,1333,seniors,1333,24025,289275,545000,367000,1501.593137,medium,901,962,222,family.comp.couples.children.under.15y,962
5331,329,175,156,61,14,126,135,seniors,135,2475,35525,66500,8250,1326.470588,low,97,108,15,family.comp.couples.children.under.15y,108
5332,389,197,190,84,11,141,159,seniors,159,2700,45775,77125,23250,1391.121495,low,116,98,48,family.comp.couples.no.children,116
5333,5782,2840,2941,1045,374,2297,2064,adults,2297,38300,452375,1019375,650750,1559.018759,medium,1455,1698,382,family.comp.couples.children.under.15y,1698
5340,1660,891,774,250,66,845,492,adults,845,4725,107925,259000,185250,1667.365269,high,374,392,60,family.comp.couples.children.under.15y,392
5341,7720,3871,3848,1310,465,3278,2664,adults,3278,60075,639775,1143375,782250,1489.208735,medium,1814,2059,562,family.comp.couples.children.under.15y,2059
5342,1103,550,546,191,82,441,383,adults,441,7700,95850,219750,163250,1660.580205,medium,309,306,83,family.comp.couples.no.children,309
5343,4978,2469,2514,890,298,2042,1757,adults,2042,37650,400125,667125,534750,1502.887259,medium,1076,1239,466,family.comp.couples.children.under.15y,1239
5344,991,541,454,192,70,432,301,adults,432,7050,71525,194750,107500,1560.758197,medium,252,306,50,family.comp.couples.children.under.15y,306
5345,3611,1789,1824,589,210,1353,1467,seniors,1467,31575,289525,553000,374250,1477.337278,medium,860,912,262,family.comp.couples.children.under.15y,912
5346,374,199,181,70,32,138,140,seniors,140,2250,28225,75000,20750,1434.375,low,101,104,22,family.comp.couples.children.under.15y,104
5350,464,244,219,105,40,196,122,adults,196,675,15775,85625,112250,2143.25,very high,100,179,26,family.comp.couples.children.under.15y,179
5351,5745,2904,2838,1178,400,2514,1657,adults,2514,26075,372400,1175625,1244000,1898.989218,high,1386,2111,287,family.comp.couples.children.under.15y,2111
5352,5325,2603,2726,881,307,2123,2033,adults,2123,20450,341425,926000,1207750,1972.826087,very high,1317,1524,262,family.comp.couples.children.under.15y,1524
5353,3699,1857,1845,662,232,1526,1273,adults,1526,22700,275775,663625,687750,1795.266594,high,939,1085,216,family.comp.couples.children.under.15y,1085
5354,349,203,153,28,25,135,170,seniors,170,6050,31450,31375,11000,1109.375,low,82,54,10,family.comp.couples.no.children,82
5355,7501,3641,3864,1441,455,2954,2638,adults,2954,28900,554475,1519125,1185750,1737.057581,high,1886,2513,400,family.comp.couples.children.under.15y,2513
5356,780,418,360,131,56,363,221,adults,363,6675,52275,131500,87500,1502.432432,medium,187,250,28,family.comp.couples.children.under.15y,250
5357,442,236,204,64,14,162,202,seniors,202,3150,42450,46750,11000,1135.714286,low,121,86,25,family.comp.couples.no.children,121
5360,1096,568,527,236,73,477,299,adults,477,6525,63775,264125,233000,1878.890728,high,263,462,34,family.comp.couples.children.under.15y,462
5371,1231,647,584,269,109,594,262,adults,594,2400,60825,247125,288750,2073.010381,very high,197,548,44,family.comp.couples.children.under.15y,548
5372,2208,1094,1114,524,143,1031,515,adults,1031,9950,133200,483875,345250,1745.556553,high,457,936,148,family.comp.couples.children.under.15y,936
5373,3420,1717,1706,618,220,1341,1235,adults,1341,18325,294025,601750,472750,1607.010429,medium,860,1000,252,family.comp.couples.children.under.15y,1000
5374,1457,742,718,256,85,548,575,seniors,575,12475,110700,223625,152250,1450.726744,low,381,440,72,family.comp.couples.children.under.15y,440
5381,386,198,183,70,17,118,169,seniors,169,3525,35275,46750,8250,1172.5,low,84,109,15,family.comp.couples.children.under.15y,109
5400,902,432,468,178,56,500,176,adults,500,1350,38725,196250,100250,1849.313187,high,177,341,15,family.comp.couples.children.under.15y,341
5401,835,427,415,165,43,324,303,adults,324,5900,66925,123500,93250,1548.529412,medium,154,264,64,family.comp.couples.children.under.15y,264
5410,313,149,160,53,28,132,109,adults,132,1350,31225,55125,29500,1522.077922,medium,56,80,10,family.comp.couples.children.under.15y,80
5411,311,158,160,78,19,126,93,adults,126,0,28025,35625,59000,1777.536232,high,73,126,15,family.comp.couples.children.under.15y,126
5412,1168,567,602,179,72,377,541,seniors,541,7700,112875,168000,117250,1465.072202,medium,357,233,116,family.comp.couples.no.children,357
5413,800,416,388,150,39,296,318,seniors,318,7800,76450,116750,52500,1327.225131,low,236,234,41,family.comp.couples.no.children,236
5414,144,79,68,24,9,46,65,seniors,65,1800,11000,19000,0,1223.076923,low,32,33,4,family.comp.couples.children.under.15y,33
5415,220,107,115,31,5,85,104,seniors,104,0,26650,31250,44000,1670.491803,high,77,67,0,family.comp.couples.no.children,77
5416,228,112,116,54,14,91,77,adults,91,0,22500,37500,0,1304.347826,low,52,77,16,family.comp.couples.children.under.15y,77
5417,1544,757,792,264,68,540,668,seniors,668,7525,128750,208250,116500,1418.538462,low,406,424,59,family.comp.couples.children.under.15y,424
5418,102,54,48,20,7,44,40,adults,44,1350,5800,13625,15000,1626.136364,medium,28,25,5,family.comp.couples.no.children,28
5419,209,116,99,35,6,80,89,seniors,89,1800,18225,34750,19500,1485.5,medium,70,66,6,family.comp.couples.no.children,70
5420,75,41,38,10,3,32,28,adults,32,0,5550,6500,0,1205,low,33,30,0,family.comp.couples.no.children,33
5421,144,79,63,14,9,66,48,adults,66,2250,3900,19125,0,1053.125,low,32,23,5,family.comp.couples.no.children,32
5422,1726,865,865,255,93,558,824,seniors,824,22625,165300,135250,92250,1144.421488,low,406,293,175,family.comp.couples.no.children,406
5431,923,464,455,152,39,321,413,seniors,413,6900,62200,140375,102500,1544.430693,medium,257,237,33,family.comp.couples.no.children,257
5432,147,82,66,18,5,50,77,seniors,77,0,8000,34375,41000,2194.078947,very high,61,34,0,family.comp.couples.no.children,61
5433,1221,597,627,187,63,447,533,seniors,533,7200,99325,152375,185000,1675.09434,high,347,279,81,family.comp.couples.no.children,347
5434,873,446,428,94,27,309,460,seniors,460,1800,21825,48000,40000,1550.347222,medium,121,104,8,family.comp.couples.no.children,121
5440,352,238,116,31,9,193,120,adults,193,0,10775,30750,23250,1704.605263,high,36,61,3,family.comp.couples.children.under.15y,61
5451,686,348,339,92,24,281,298,seniors,298,4325,50250,135125,80000,1586.470588,medium,218,179,17,family.comp.couples.no.children,218
5452,429,225,202,95,21,169,151,adults,169,1350,22675,127125,67500,1868.803419,high,135,166,13,family.comp.couples.children.under.15y,166
5453,4985,2436,2548,941,241,1978,1819,adults,1978,24175,348750,896500,798750,1746.769426,high,1355,1477,301,family.comp.couples.children.under.15y,1477
5454,392,206,183,84,18,147,144,adults,147,3600,40875,47375,24750,1340.229885,low,120,118,30,family.comp.couples.no.children,120
5455,58,24,34,22,7,27,12,adults,27,0,0,4875,0,1625,medium,9,30,0,family.comp.couples.children.under.15y,30
5460,733,352,379,144,70,291,221,adults,291,4950,59750,113125,97750,1611.549708,medium,176,217,58,family.comp.couples.children.under.15y,217
5461,2529,1227,1300,466,151,994,925,adults,994,17050,200875,403875,351500,1660.921502,high,586,794,141,family.comp.couples.children.under.15y,794
5462,491,252,239,123,36,201,130,adults,201,1350,47750,85375,51250,1573.940678,medium,96,220,19,family.comp.couples.children.under.15y,220
5464,613,327,285,136,34,241,206,adults,241,2400,59875,120750,64250,1585.096154,medium,168,225,26,family.comp.couples.children.under.15y,225
5470,123,73,50,20,6,48,51,seniors,51,0,10875,14625,28250,1853.448276,high,33,27,3,family.comp.couples.no.children,33
5471,85,45,44,14,4,34,28,adults,34,0,6075,10375,8250,1543.75,medium,22,33,6,family.comp.couples.children.under.15y,33
5472,170,87,85,27,6,58,79,seniors,79,1350,18500,11625,0,1049.166667,low,43,38,10,family.comp.couples.no.children,43
5473,741,376,360,139,41,259,300,seniors,300,5775,76475,108125,37500,1273.044693,low,231,204,58,family.comp.couples.no.children,231
5480,789,419,373,120,32,290,350,seniors,350,6750,57225,130000,78250,1504.005525,medium,236,253,6,family.comp.couples.children.under.15y,253
5481,553,286,264,66,31,161,285,seniors,285,3375,56350,91000,64500,1505.06993,medium,208,131,21,family.comp.couples.no.children,208
5482,499,235,265,80,30,175,218,seniors,218,0,29050,95250,74750,1895.714286,high,122,153,3,family.comp.couples.children.under.15y,153
5483,370,190,177,68,19,133,153,seniors,153,300,19725,48375,59250,1905.223881,high,88,117,4,family.comp.couples.children.under.15y,117
5485,558,269,291,89,32,196,241,seniors,241,3750,40400,74250,70000,1583.193277,medium,194,159,24,family.comp.couples.no.children,194
5490,171,86,87,26,13,68,59,adults,68,4050,8300,19125,18000,1413.571429,low,42,51,6,family.comp.couples.children.under.15y,51
5491,1852,932,921,323,85,725,708,adults,725,9375,125150,321875,318750,1815.339578,high,474,552,60,family.comp.couples.children.under.15y,552
5493,82,41,40,9,9,30,30,adults,30,0,8250,0,0,916.6666667,low,21,12,6,family.comp.couples.no.children,21
5495,627,325,297,54,27,189,353,seniors,353,6450,61375,67500,83750,1470.302013,medium,222,78,15,family.comp.couples.no.children,222
5501,7225,3748,3471,1437,467,3397,1925,adults,3397,40250,480000,1349375,1044500,1711.171462,high,1466,2473,419,family.comp.couples.children.under.15y,2473
5502,1507,747,757,274,101,671,463,adults,671,4875,109475,304625,216250,1689.428191,high,394,508,58,family.comp.couples.children.under.15y,508
5510,116,66,50,14,8,44,36,adults,44,0,10100,29625,15000,1765.322581,high,34,33,3,family.comp.couples.no.children,34
5520,565,295,273,102,28,202,229,seniors,229,3300,52125,68000,69000,1468.89313,medium,160,134,53,family.comp.couples.no.children,160
5521,148,74,75,26,16,54,60,seniors,60,2700,15175,16500,15000,1334.459459,low,36,51,6,family.comp.couples.children.under.15y,51
5522,1403,682,722,158,48,357,844,seniors,844,14475,123025,179750,180000,1458.211144,medium,484,271,47,family.comp.couples.no.children,484
5523,1907,922,985,363,94,716,734,seniors,734,13050,130050,278375,385500,1789.301552,high,506,557,119,family.comp.couples.children.under.15y,557
5540,15430,7686,7745,2729,1055,6468,5172,adults,6468,126300,1203575,2118625,1795250,1522.575494,medium,3256,3871,1407,family.comp.couples.children.under.15y,3871
5550,939,502,434,191,52,410,293,adults,410,4650,78075,153250,63000,1444.323671,low,201,294,75,family.comp.couples.children.under.15y,294
5552,372,195,172,80,18,162,118,adults,162,2250,28075,47875,75750,1832.738095,high,91,126,10,family.comp.couples.children.under.15y,126
5554,5091,2512,2576,951,349,2054,1733,adults,2054,42825,407450,803500,595000,1529.177006,medium,1262,1434,421,family.comp.couples.children.under.15y,1434
5555,474,266,214,68,15,173,220,seniors,220,5175,44225,58750,60000,1449.568966,low,177,110,14,family.comp.couples.no.children,177
5556,4077,2047,2035,572,187,1409,1904,seniors,1904,40725,423700,502625,369000,1352.277328,low,1249,805,292,family.comp.couples.no.children,1249
5558,4682,2327,2358,674,206,1503,2296,seniors,2296,41100,488750,672125,429750,1382.817797,low,1576,1002,280,family.comp.couples.no.children,1576
5560,431,232,203,93,23,160,152,adults,160,5550,46225,60375,53000,1436.086957,low,97,143,29,family.comp.couples.children.under.15y,143
5570,535,295,237,45,16,151,328,seniors,328,7200,55300,68875,26750,1225.775194,low,183,66,21,family.comp.couples.no.children,183
5571,1785,923,860,208,59,506,1006,seniors,1006,13950,181275,249000,167750,1384.558824,low,659,377,61,family.comp.couples.no.children,659
5572,137,67,72,33,3,59,45,adults,59,0,10125,20625,31000,1991.935484,very high,45,39,10,family.comp.couples.no.children,45
5573,1992,991,1000,362,88,699,838,seniors,838,11825,155550,322250,246000,1595.715835,medium,567,556,108,family.comp.couples.no.children,567
5575,2250,1150,1106,336,104,698,1118,seniors,1118,19925,236000,299375,176250,1344.761029,low,734,531,89,family.comp.couples.no.children,734
5576,1040,527,516,177,49,342,473,seniors,473,7425,92375,136000,137500,1511.336032,medium,308,270,58,family.comp.couples.no.children,308
5577,508,274,234,60,31,172,237,seniors,237,4950,47075,76250,26250,1236.2,low,163,111,14,family.comp.couples.no.children,163
5580,344,172,170,59,11,109,155,seniors,155,1800,36825,48000,35750,1456.845238,low,95,112,9,family.comp.couples.children.under.15y,112
5581,517,271,246,32,11,122,353,seniors,353,1350,73850,41750,50000,1294.186047,low,234,73,9,family.comp.couples.no.children,234
5582,640,324,317,75,36,170,376,seniors,376,5700,62625,96875,58000,1377.777778,low,230,87,39,family.comp.couples.no.children,230
5583,779,413,365,91,25,210,446,seniors,446,6300,79750,71125,42250,1216.006098,low,259,167,21,family.comp.couples.no.children,259
5600,6159,3158,3001,993,371,2713,2078,adults,2713,36175,334650,964375,1622750,2044.194886,very high,1467,1801,299,family.comp.couples.children.under.15y,1801
5601,463,257,210,72,20,177,182,seniors,182,3825,33000,44500,100750,1785.04902,high,132,121,19,family.comp.couples.no.children,132
5602,1533,837,701,248,52,607,628,seniors,628,9150,108950,188000,168000,1534.304207,medium,392,371,43,family.comp.couples.no.children,392
5603,617,351,263,104,21,255,244,adults,255,2550,35875,70500,74250,1696.064815,high,103,147,28,family.comp.couples.children.under.15y,147
5604,258,140,120,19,4,88,139,seniors,139,2700,16300,23625,8250,1240.853659,low,83,22,10,family.comp.couples.no.children,83
5605,1768,871,894,233,68,592,869,seniors,869,11400,132050,257250,184000,1563.368984,medium,536,400,74,family.comp.couples.no.children,536
5606,13870,6887,6983,2660,849,6022,4342,adults,6022,84250,985675,2152375,1962000,1676.681759,high,3040,4026,1036,family.comp.couples.children.under.15y,4026
5607,4905,2675,2237,963,275,2092,1568,adults,2092,28375,341950,805500,717500,1698.049327,high,1207,1676,195,family.comp.couples.children.under.15y,1676
5608,13401,6685,6716,2650,845,6097,3807,adults,6097,146675,977750,1630375,1510750,1458.307692,medium,2510,3158,1692,family.comp.couples.children.under.15y,3158
5609,1850,907,941,460,113,924,345,adults,924,9750,115075,312625,542000,2070.718816,very high,398,773,177,family.comp.couples.children.under.15y,773
5630,136,68,62,26,10,60,28,adults,60,0,3375,18375,36250,2761.904762,very high,22,55,7,family.comp.couples.children.under.15y,55
5631,1036,502,531,230,54,427,327,adults,427,7700,70525,207000,157750,1779.016064,high,262,393,50,family.comp.couples.children.under.15y,393
5632,247,127,118,71,17,122,43,adults,122,0,8000,71375,73250,2422.619048,very high,57,121,5,family.comp.couples.children.under.15y,121
5633,324,175,150,68,14,139,107,adults,139,1350,26000,49625,31250,1524.295775,medium,83,106,3,family.comp.couples.children.under.15y,106
5640,1220,629,589,200,56,495,466,adults,495,9975,59600,180125,133000,1628.510638,medium,288,308,41,family.comp.couples.children.under.15y,308
5641,1071,562,505,241,37,442,354,adults,442,6575,63600,189875,160750,1783.050847,high,268,402,35,family.comp.couples.children.under.15y,402
5642,299,163,137,66,20,117,98,adults,117,0,21800,40250,73000,2046.212121,very high,43,112,5,family.comp.couples.children.under.15y,112
5650,180,92,84,45,7,77,59,adults,77,0,13800,32125,50750,2148.333333,very high,43,69,4,family.comp.couples.children.under.15y,69
5651,72,39,35,13,4,41,18,adults,41,0,0,0,43250,4325,very high,7,33,0,family.comp.couples.children.under.15y,33
5652,810,408,397,174,34,332,269,adults,332,2250,50150,135375,107000,1744.230769,high,171,271,43,family.comp.couples.children.under.15y,271
5653,78,44,34,22,0,29,26,adults,29,0,6075,6750,15000,2318.75,very high,22,37,0,family.comp.couples.children.under.15y,37
5654,242,132,111,49,9,94,88,adults,94,2250,15650,43125,44500,1758.75,high,56,81,7,family.comp.couples.children.under.15y,81
5655,102,60,44,28,0,38,24,adults,38,0,9675,22125,13750,1687.037037,high,27,49,0,family.comp.couples.children.under.15y,49
5660,43,21,22,15,3,27,7,adults,27,0,0,0,0,0,NA,11,20,0,family.comp.couples.children.under.15y,20
5661,127,74,53,29,0,56,43,adults,56,1350,14100,29125,36500,1801.666667,high,41,57,5,family.comp.couples.children.under.15y,57
5670,505,274,235,98,14,181,213,seniors,213,2550,38050,77750,48000,1526.146789,medium,134,175,15,family.comp.couples.children.under.15y,175
5671,178,100,73,37,0,84,58,adults,84,1350,11675,19000,34500,1847.916667,high,40,45,3,family.comp.couples.children.under.15y,45
5680,2521,1391,1126,390,86,1027,1023,adults,1027,10725,143000,321375,260500,1649.327354,medium,552,647,80,family.comp.couples.children.under.15y,647
5690,4223,2176,2045,784,238,1849,1355,adults,1849,19650,201575,497125,484000,1750.14556,high,756,1125,340,family.comp.couples.children.under.15y,1125
5700,11501,5644,5858,2159,612,5040,3691,adults,5040,85750,751375,1390125,1515750,1616.148532,medium,2204,2701,1173,family.comp.couples.children.under.15y,2701
5701,22,10,15,3,0,3,14,seniors,14,0,0,0,0,0,NA,6,0,4,family.comp.couples.no.children,6
5710,2617,1538,1082,477,140,1455,545,adults,1455,9500,127800,374500,417750,1866.566265,high,475,773,167,family.comp.couples.children.under.15y,773
5713,27,26,9,4,0,18,7,adults,18,0,0,0,0,0,NA,0,5,0,family.comp.couples.children.under.15y,5
5715,58,33,20,21,0,25,14,adults,25,0,0,0,0,0,NA,3,19,4,family.comp.couples.children.under.15y,19
5717,31,20,8,4,0,21,8,adults,21,0,0,0,0,0,NA,3,3,0,family.comp.couples.no.children,3
5719,79,49,26,3,0,28,37,seniors,37,0,0,0,0,0,NA,13,6,0,family.comp.couples.no.children,13
5720,354,254,99,14,4,208,120,adults,208,0,6075,25875,28000,2305.769231,very high,50,18,4,family.comp.couples.no.children,50
5722,311,169,140,37,17,121,138,seniors,138,1800,15825,22125,55000,1822.115385,high,57,64,15,family.comp.couples.children.under.15y,64
5723,2871,1788,1082,299,76,1470,1025,adults,1470,7250,102850,205875,145500,1559.037162,medium,335,360,122,family.comp.couples.children.under.15y,360
5724,565,291,273,82,23,284,179,adults,284,6300,27125,11625,31750,1146.268657,low,56,106,51,family.comp.couples.children.under.15y,106
5725,4630,2957,1672,1007,161,2978,476,adults,2978,5875,29975,530125,1789000,2973.453283,very high,585,1778,176,family.comp.couples.children.under.15y,1778
5730,162,91,74,9,3,51,96,seniors,96,1350,4875,16500,0,1262.5,low,28,18,3,family.comp.couples.no.children,28
5731,1098,856,247,96,11,740,247,adults,740,0,16500,42000,21250,1627.55102,medium,49,84,26,family.comp.couples.children.under.15y,84
5732,341,223,117,27,3,234,86,adults,234,4050,14000,9000,0,872.5806452,low,43,33,13,family.comp.couples.no.children,43
5733,456,304,156,44,15,248,150,adults,248,2700,12350,11625,0,987.962963,low,22,41,23,family.comp.couples.children.under.15y,41
5734,222,113,111,37,14,124,59,adults,124,3525,2300,6750,0,739.7058824,low,21,49,23,family.comp.couples.children.under.15y,49
5950,0,0,0,0,0,0,0,kids,0,0,0,0,0,0,NA,0,0,0,family.comp.couples.no.children,0
5960,5,5,0,0,0,0,0,kids,0,0,0,0,0,0,NA,0,0,0,family.comp.couples.no.children,0
