POA_CODE_2016,Preschool_M,Preschool_F,Preschool_P,Infants_Primary_Government_M,Infants_Primary_Government_F,Infants_Primary_Government_P,Infants_Primary_Catholic_M,Infants_Primary_Catholic_F,Infants_Primary_Catholic_P,Infants_Prim_Other_Non_Govt_M,Infants_Prim_Other_Non_Govt_F,Infants_Prim_Other_Non_Govt_P,Infants_Primary_Tot_M,Infants_Primary_Tot_F,Infants_Primary_Tot_P,Secondary_Government_M,Secondary_Government_F,Secondary_Government_P,Secondary_Catholic_M,Secondary_Catholic_F,Secondary_Catholic_P,Secondary_Other_Non_Govt_M,Secondary_Other_Non_Govt_F,Secondary_Other_Non_Govt_P,Secondary_Tot_M,Secondary_Tot_F,Secondary_Tot_P,Tech_Ftime_stud_15_24_yr_M,Tech_Ftime_stud_15_24_yr_F,Tech_Ftime_stud_15_24_yr_P,Tech_Ftime_stud_25_yr_over_M,Tech_Ftime_stud_25_yr_over_F,Tech_Ftime_stud_25_yr_over_P,Tech_Ptime_stud_15_24_yr_M,Tech_Ptime_stud_15_24_yr_F,Tech_Ptime_stud_15_24_yr_P,Tech_Ptime_stud_25_yr_over_M,Tech_Ptime_stud_25_yr_over_F,Tech_Ptime_stud_25_yr_over_P,Tech_Full_Ptime_stud_st_ns_M,Tech_Full_Ptime_stud_st_ns_F,Tech_Full_Ptime_stud_st_ns_P,Tech_Furth_Educ_Instit_Tot_M,Tech_Furth_Educ_Instit_Tot_F,Tech_Furth_Educ_Instit_Tot_P,Uni_oth_Inst_Ft_stu_15_24_M,Uni_oth_Inst_Ft_stu_15_24_F,Uni_oth_Inst_Ft_stu_15_24_P,Uni_oth_Instit_Ft_stu_25_M,Uni_oth_Instit_Ft_stu_25_F,Uni_oth_Instit_Ft_stu_25_P,Uni_oth_Instit_Pt_stu_15_24_M,Uni_oth_Instit_Pt_stu_15_24_F,Uni_oth_Instit_Pt_stu_15_24_P,Uni_oth_Instit_Pt_stu_25_M,Uni_oth_Instit_Pt_stu_25_F,Uni_oth_Instit_Pt_stu_25_P,Uni_oth_Inst_F_Pt_stu_st_ns_M,Uni_oth_Inst_F_Pt_stu_st_ns_F,Uni_oth_Inst_F_Pt_stu_st_ns_P,Uni_oth_Inst_Tot_M,Uni_oth_Inst_Tot_F,Uni_oth_Inst_Tot_P,Oth_type_Edu_inst_Ftime_stu_M,Oth_type_Edu_inst_Ftime_stu_F,Oth_type_Edu_inst_Ftime_stu_P,Oth_type_Edu_inst_Ptime_stu_M,Oth_type_Edu_inst_Ptime_stu_F,Oth_type_Edu_inst_Ptime_stu_P,Ot_ty_Ed_ins_F_Pt_Stu_st_ns_M,Ot_ty_Ed_ins_F_Pt_Stu_st_ns_F,Ot_ty_Ed_ins_F_Pt_Stu_st_ns_P,Oth_type_educ_institut_Tot_M,Oth_type_educ_institut_Tot_F,Oth_type_educ_institut_Tot_P,Type_educ_institution_ns_M,Type_educ_institution_ns_F,Type_educ_institution_ns_P,OS_visitors_M,OS_visitors_F,OS_visitors_P,Tot_M,Tot_F,Tot_P
POA5000,31,32,64,94,109,205,29,32,59,23,28,46,141,165,309,81,104,177,22,15,38,41,31,75,138,155,293,81,71,153,60,87,146,17,17,34,47,76,120,3,0,3,202,253,455,1511,1684,3193,529,459,991,42,60,100,141,181,323,8,6,13,2230,2386,4618,58,63,123,41,56,100,0,0,0,101,121,221,2176,1448,3619,1056,1127,2182,6083,5680,11761
POA5005,0,0,0,0,0,0,0,0,0,0,0,0,0,0,0,0,0,0,0,0,0,0,0,0,0,0,0,0,0,0,0,0,0,0,0,0,0,0,0,0,0,0,0,0,0,0,0,0,0,0,0,0,0,0,0,0,0,0,0,0,0,0,0,0,0,0,0,0,0,0,0,0,0,0,0,0,0,0,0,0,0,0,0,0
POA5006,28,23,54,79,67,148,14,14,26,47,35,79,128,123,251,35,35,69,11,18,29,52,37,93,94,95,191,17,11,33,7,15,20,5,9,12,14,19,36,0,0,0,43,54,103,544,621,1166,161,101,262,14,14,33,42,60,109,4,0,7,774,807,1577,6,14,23,11,22,29,0,0,0,18,37,51,412,409,820,98,106,205,1599,1653,3253
POA5007,21,29,55,83,80,166,76,69,144,12,10,30,178,165,340,46,65,107,35,54,82,21,16,35,105,127,231,11,22,39,24,28,49,10,5,13,26,46,76,0,0,0,70,102,176,177,194,371,92,96,185,10,18,27,61,81,140,0,3,5,344,384,728,13,20,38,14,22,41,0,0,0,34,46,75,169,185,358,40,46,85,957,1089,2048
POA5008,66,74,144,262,264,524,201,179,374,56,35,91,514,477,994,180,126,308,138,139,274,30,28,60,345,295,638,52,36,83,41,47,92,18,15,36,57,73,127,0,0,0,170,177,347,264,274,539,116,115,229,27,27,56,67,107,167,0,9,8,468,531,1002,33,26,64,29,40,66,0,0,0,62,69,130,433,468,901,53,74,127,2119,2162,4278
POA5009,26,30,53,112,119,225,77,78,153,11,13,24,200,209,404,65,63,128,53,59,111,20,13,38,139,136,271,16,10,24,19,19,30,10,9,13,12,20,39,0,0,0,50,59,108,90,76,175,20,36,60,6,9,17,18,31,49,0,0,0,140,157,299,3,13,18,8,14,26,0,0,0,11,26,40,125,135,262,24,14,33,720,760,1480
POA5010,46,37,80,142,133,281,102,105,204,15,14,32,258,253,509,68,94,162,55,66,126,19,13,38,147,175,321,20,30,43,32,28,58,10,11,20,18,30,50,0,0,0,79,96,175,93,120,217,30,41,67,3,5,10,19,28,51,0,3,3,145,198,349,9,22,31,14,15,31,3,0,4,23,40,66,152,212,363,38,84,130,892,1096,1992
POA5011,68,68,138,241,195,432,221,237,459,35,32,70,499,463,968,151,129,275,121,135,259,31,41,72,304,301,602,17,24,41,20,32,57,14,13,28,34,59,91,0,3,3,91,131,224,167,201,369,72,57,127,14,20,33,53,82,135,4,0,4,310,367,678,18,23,44,29,39,65,0,0,0,50,54,106,346,372,716,26,48,83,1705,1807,3510
POA5012,82,82,168,272,262,538,210,188,397,29,37,66,510,488,998,179,186,364,126,131,253,36,21,52,343,336,671,49,32,80,40,60,94,14,15,33,31,87,116,0,0,0,133,189,325,197,240,438,75,74,149,17,18,33,33,50,84,0,0,0,319,380,701,27,42,65,27,48,74,0,0,0,51,86,138,370,367,740,58,78,142,1878,2014,3890
POA5013,59,44,98,228,174,406,157,165,325,29,29,65,417,373,790,133,156,289,110,94,207,20,27,47,259,277,536,27,18,44,16,42,66,15,18,33,39,59,95,0,0,0,101,147,244,112,138,248,40,29,65,11,11,28,29,40,70,0,0,6,193,221,417,19,19,33,15,35,52,0,0,0,32,50,82,333,314,640,29,38,68,1422,1458,2885
POA5014,60,50,106,255,257,515,123,136,258,42,43,83,423,435,856,184,171,361,84,72,157,39,35,76,310,285,594,15,14,37,19,31,45,19,17,32,36,64,101,0,4,5,92,131,225,99,133,227,31,59,90,17,14,26,55,79,132,0,0,0,195,287,478,5,17,18,12,31,43,0,0,0,18,42,63,327,341,666,22,38,61,1437,1610,3048
POA5015,18,31,55,142,144,282,48,39,88,20,15,42,213,199,412,78,85,162,33,39,73,15,9,26,129,130,263,7,9,14,14,14,25,10,5,19,19,33,48,0,0,0,49,64,108,31,45,73,19,27,48,9,7,15,24,43,74,0,0,0,87,126,208,7,7,19,7,18,29,0,0,0,18,32,44,144,156,301,11,16,25,665,753,1415
POA5016,55,56,110,227,210,436,103,71,177,27,36,61,356,322,675,132,95,233,69,84,149,36,34,74,239,214,455,13,11,28,9,26,39,20,18,34,18,53,75,0,0,3,56,115,176,50,92,140,22,35,50,11,14,23,25,70,96,0,0,0,104,211,312,7,3,14,18,23,40,0,0,0,23,26,51,151,214,365,10,15,29,990,1171,2162
POA5017,30,37,71,162,154,316,30,27,59,16,20,38,211,204,416,117,109,226,23,22,47,5,12,21,150,145,289,9,3,11,11,10,20,9,7,15,19,23,40,0,0,0,42,42,90,17,29,51,8,17,24,3,7,13,4,31,36,0,0,0,35,88,120,4,3,7,13,14,22,0,0,0,13,19,31,157,193,352,10,12,22,650,735,1391
POA5018,22,21,47,115,112,227,48,44,90,20,18,36,184,172,353,85,85,169,39,50,89,11,11,28,137,146,282,5,13,21,0,4,7,16,5,23,17,28,45,0,0,0,37,52,92,48,74,118,15,13,21,9,10,15,14,28,46,0,0,3,91,118,206,0,4,5,10,13,26,0,0,0,12,22,27,101,109,208,10,17,23,590,660,1251
POA5019,55,63,122,220,214,437,114,88,205,17,33,47,357,329,685,125,112,237,41,53,102,26,24,54,199,190,388,12,13,27,5,11,23,19,13,32,27,45,70,0,0,3,59,89,146,68,82,147,31,42,73,14,12,25,37,68,108,0,3,3,149,210,355,7,8,16,19,26,40,0,3,3,23,31,61,255,265,523,15,27,45,1115,1214,2331
POA5020,15,28,41,67,81,147,28,35,61,17,21,34,115,136,247,24,30,55,25,31,50,9,11,23,51,69,128,0,0,0,3,5,8,3,3,11,12,11,24,0,0,0,14,27,39,34,35,66,4,7,11,5,3,6,8,8,21,0,0,0,55,53,104,0,3,3,0,7,7,0,0,0,0,11,11,85,81,172,3,14,16,346,416,756
POA5021,20,15,30,95,90,188,70,62,133,26,21,44,183,176,366,66,65,135,50,40,92,32,26,54,144,129,276,11,7,14,3,7,12,13,8,17,8,22,25,0,0,0,33,41,72,62,57,125,14,25,38,9,7,19,11,22,33,0,0,0,99,107,208,4,0,5,4,18,22,0,0,0,10,16,25,112,133,242,18,15,30,613,638,1249
POA5022,106,82,191,417,370,788,175,142,317,59,62,120,651,576,1228,204,196,398,166,148,315,85,80,163,453,425,872,15,23,37,14,16,31,26,17,37,42,53,92,3,4,6,101,105,207,210,208,421,47,74,121,19,29,48,64,118,185,0,8,8,335,439,776,13,4,17,30,36,68,0,0,0,47,50,93,363,391,758,32,45,75,2093,2109,4201
POA5023,91,85,178,387,357,745,200,190,391,30,32,59,615,573,1189,248,220,470,149,154,306,24,27,52,425,396,826,25,30,53,46,40,83,37,19,51,61,82,145,8,0,5,164,172,339,173,219,394,65,87,153,23,30,47,54,87,143,0,4,4,317,418,742,20,10,28,38,45,79,0,4,4,56,66,118,454,512,961,41,77,116,2156,2294,4452
POA5024,77,79,157,346,321,668,162,154,317,59,69,130,567,539,1110,196,181,382,128,125,252,53,56,107,373,367,743,23,18,43,12,21,29,29,20,48,29,53,83,0,0,0,96,106,207,176,219,398,38,58,94,23,20,46,55,93,140,0,0,0,292,389,681,16,14,28,23,32,52,0,0,0,37,46,80,266,302,570,35,70,107,1745,1904,3644
POA5025,39,31,78,214,181,392,115,127,242,27,21,45,356,330,686,81,83,167,96,127,216,25,29,56,203,236,439,7,8,18,18,14,26,20,8,26,22,33,53,3,0,3,66,62,132,106,138,249,24,33,57,12,17,28,29,32,65,0,0,0,172,226,395,6,10,14,12,15,28,0,0,0,15,29,44,138,171,306,12,17,33,1009,1105,2112
POA5031,45,49,98,190,180,373,74,109,179,36,36,76,301,326,627,88,120,207,64,66,131,42,31,70,194,221,411,25,16,45,36,31,67,14,11,33,34,45,72,0,0,0,109,104,217,292,303,593,146,164,307,22,24,54,71,109,173,0,3,3,537,595,1130,15,20,27,26,17,47,0,0,0,38,41,77,233,259,495,49,72,122,1510,1667,3184
POA5032,88,69,155,255,230,485,166,191,353,46,67,107,457,483,947,120,113,240,121,119,244,42,56,100,285,287,577,33,20,49,30,50,87,26,17,45,49,44,98,0,3,3,141,135,279,229,243,471,88,106,200,18,25,41,35,83,115,0,3,3,376,459,832,19,21,41,24,41,64,0,0,0,40,60,102,260,285,551,46,85,129,1697,1873,3568
POA5033,46,41,84,169,145,314,80,110,196,28,19,45,277,276,558,80,95,175,40,56,97,27,16,40,147,164,310,21,22,43,37,33,72,17,15,27,41,45,81,0,0,0,114,117,228,181,193,375,86,89,177,19,14,30,41,70,103,3,0,3,324,363,689,21,12,33,23,30,54,0,0,0,40,40,82,278,306,586,47,50,92,1264,1368,2629
POA5034,70,69,140,229,224,449,101,99,198,79,98,177,405,420,826,68,72,134,73,62,138,103,121,228,246,254,506,14,13,29,16,22,40,12,3,14,23,39,69,0,0,0,66,84,150,207,293,501,115,111,231,23,28,50,59,96,154,0,3,3,401,535,937,9,20,24,10,28,37,0,0,0,19,46,66,201,199,397,37,46,78,1440,1659,3104
POA5035,46,36,85,177,160,338,39,41,85,30,23,59,253,226,485,59,53,112,24,32,57,34,31,59,113,110,226,20,10,30,23,23,46,15,0,17,22,37,58,0,0,0,74,76,154,124,174,294,65,77,141,7,12,17,44,70,112,0,0,0,243,326,570,12,14,27,20,15,39,0,0,0,31,32,61,190,200,389,34,46,74,987,1050,2036
POA5037,55,61,121,281,251,536,85,90,178,36,33,67,408,370,780,118,122,240,66,67,133,54,46,97,231,236,471,33,22,55,21,28,55,17,12,37,33,53,88,0,4,4,114,118,235,241,305,547,108,135,240,22,23,50,54,63,116,3,0,4,426,525,954,21,21,40,25,29,56,0,0,0,42,53,97,307,394,705,63,79,139,1658,1846,3497
POA5038,95,77,172,338,295,634,140,136,271,68,75,144,546,503,1046,159,169,323,103,91,192,70,61,132,326,318,650,33,35,68,34,57,90,21,14,40,70,72,143,0,0,0,162,180,337,292,301,602,167,198,365,27,32,57,74,127,200,3,4,4,565,669,1227,25,41,64,38,59,100,0,3,3,58,101,162,308,351,660,47,90,139,2108,2284,4397
POA5039,52,60,116,215,244,466,69,85,152,42,43,86,327,375,703,106,103,208,51,70,121,29,30,57,189,197,384,18,22,32,24,26,48,26,14,39,35,38,70,0,0,0,101,99,197,145,189,337,79,63,146,8,21,26,49,72,119,0,4,4,282,346,633,10,17,28,20,30,49,0,0,0,35,47,79,226,227,452,28,36,69,1242,1392,2633
POA5040,15,15,31,33,42,78,13,27,36,35,33,67,85,95,184,10,28,42,12,14,29,100,106,206,124,151,273,0,0,4,5,10,11,3,3,8,9,7,15,0,0,0,20,18,35,25,40,73,5,5,11,8,3,10,12,7,20,0,0,0,52,58,113,0,0,4,0,12,13,0,0,0,3,12,14,42,53,88,5,4,16,349,410,760
POA5041,94,63,159,418,405,823,161,180,343,87,116,202,668,699,1366,128,149,275,140,164,301,127,127,256,393,445,838,18,16,33,20,22,33,18,14,26,39,58,92,0,0,0,86,101,187,256,283,532,67,108,171,19,21,42,74,131,200,3,9,8,416,551,964,8,10,22,23,26,47,3,0,3,31,43,74,225,282,507,43,55,97,1950,2232,4181
POA5042,66,60,121,265,262,528,74,64,134,45,50,97,387,373,758,132,143,269,57,47,102,42,39,80,229,230,455,22,16,41,23,23,45,28,10,37,39,44,86,0,3,3,115,100,218,312,543,849,257,280,532,18,29,42,53,87,148,3,3,3,639,937,1580,28,25,47,18,38,60,0,3,3,41,64,111,432,508,936,91,128,225,1997,2404,4404
POA5043,88,90,182,433,385,810,115,110,226,74,94,169,618,588,1209,263,242,511,86,81,164,110,109,217,459,438,896,37,45,83,46,65,112,27,27,51,65,86,156,0,0,0,170,227,401,332,429,758,191,240,436,29,45,73,90,123,215,0,3,5,645,839,1478,35,27,68,39,46,86,0,4,4,73,79,155,447,514,960,85,121,207,2586,2894,5481
POA5044,62,61,118,218,181,397,111,122,231,105,101,206,436,404,838,108,107,214,174,155,331,68,73,132,343,334,680,12,11,21,12,16,26,25,14,42,32,38,73,0,0,0,78,87,164,164,174,341,47,58,103,21,21,45,46,69,110,0,0,0,280,322,597,6,3,7,18,29,50,0,0,0,26,37,58,193,250,441,22,42,62,1433,1522,2954
POA5045,65,76,144,206,202,411,114,117,233,164,144,304,486,462,949,112,90,200,125,104,225,116,90,205,348,291,633,24,18,38,21,35,58,31,23,51,54,70,124,3,0,4,126,151,277,201,292,495,80,114,194,33,30,64,80,112,194,0,4,3,386,556,946,16,11,26,21,42,67,0,0,0,34,58,91,562,591,1156,87,128,210,2099,2309,4407
POA5046,46,44,94,171,201,374,70,65,134,20,26,53,268,288,557,120,118,235,55,55,108,27,29,48,200,197,398,22,15,37,14,29,37,28,10,34,26,39,63,0,0,0,88,94,177,147,205,354,81,106,185,12,18,36,47,71,122,0,0,0,294,404,695,12,12,28,4,21,22,0,0,0,21,32,48,182,225,410,35,60,100,1137,1349,2488
POA5047,50,49,98,179,171,350,51,56,106,42,35,79,273,261,538,159,131,291,37,32,70,30,39,68,223,207,426,20,20,38,23,34,55,14,11,19,25,45,73,3,0,3,78,102,187,149,170,320,119,102,220,6,10,17,30,66,98,0,3,3,310,352,660,12,24,42,20,20,36,0,0,3,35,42,79,226,235,456,53,45,97,1248,1293,2542
POA5048,103,72,173,367,365,728,114,99,209,66,98,158,541,557,1096,223,218,442,94,87,187,50,36,85,366,351,717,22,13,32,22,27,45,31,15,43,39,74,106,0,0,0,108,123,235,156,215,369,70,85,153,15,19,41,61,116,183,3,0,4,306,437,746,14,15,34,27,27,57,4,0,3,43,47,87,275,375,657,40,59,99,1786,2021,3802
POA5049,70,46,110,238,281,520,100,97,196,79,51,132,421,425,848,126,147,271,81,72,161,51,54,102,259,270,532,9,6,19,7,20,30,27,6,38,32,47,75,0,0,0,79,86,159,104,129,231,43,66,110,9,13,20,36,79,117,0,0,0,198,289,482,3,9,8,13,34,42,0,0,0,17,40,59,172,203,370,39,27,65,1241,1387,2635
POA5050,44,29,75,204,187,385,11,19,31,23,31,54,233,230,467,91,96,191,17,15,33,53,44,101,165,160,324,7,4,15,3,8,12,7,4,15,12,25,34,0,0,0,25,47,75,90,102,192,41,47,90,15,16,29,37,49,86,0,0,0,187,212,402,0,6,5,8,17,24,0,0,0,8,25,34,106,107,210,23,18,43,783,836,1624
POA5051,124,106,233,548,514,1062,52,36,91,177,156,337,779,713,1488,246,218,468,56,43,100,190,168,363,492,434,923,22,22,40,6,11,23,26,21,42,46,52,99,0,0,0,103,101,206,195,241,434,58,91,147,23,29,50,71,127,193,0,0,3,347,484,832,15,8,23,25,30,53,0,3,3,37,39,72,184,191,378,21,49,74,2093,2112,4211
POA5052,38,41,73,191,211,402,22,17,33,52,59,113,266,289,556,98,84,187,22,18,33,111,99,213,229,203,434,12,6,14,8,3,10,11,9,21,18,37,56,0,0,0,43,60,102,98,117,216,32,32,69,10,9,17,44,67,114,0,0,0,188,228,419,0,0,3,5,12,18,0,0,0,7,18,22,102,109,215,17,27,46,891,974,1866
POA5061,73,67,139,184,199,382,51,55,108,168,161,329,398,422,818,71,74,145,41,46,85,184,242,430,291,366,661,6,11,21,13,22,36,4,7,14,30,32,65,0,0,0,52,79,131,201,266,467,82,99,180,17,28,44,55,92,149,0,0,0,360,484,842,5,11,17,21,22,47,0,0,0,28,32,58,173,186,360,41,56,93,1408,1698,3106
POA5062,91,107,200,400,335,735,118,139,255,189,194,382,703,665,1376,161,139,300,108,135,241,306,283,591,576,562,1137,19,18,39,10,26,32,19,12,29,29,61,91,0,0,0,74,120,189,291,340,631,96,101,199,29,19,52,84,137,221,0,3,6,504,603,1106,8,10,20,26,29,57,0,0,0,35,39,77,258,302,561,56,77,136,2305,2475,4778
POA5063,78,75,152,353,336,688,60,82,138,106,104,212,519,518,1035,156,146,304,58,55,114,143,140,285,356,343,698,12,20,36,19,32,45,11,7,17,37,62,101,0,0,0,74,121,195,274,282,551,135,131,263,19,27,47,94,117,212,4,3,7,521,552,1075,15,9,26,28,44,64,0,0,0,39,51,93,268,324,591,57,82,143,1908,2075,3988
POA5064,54,69,132,275,253,525,73,53,123,95,107,203,450,407,856,153,161,307,64,77,145,132,232,358,351,464,814,7,3,7,14,19,37,13,7,17,29,39,61,0,0,0,56,69,126,218,224,443,42,56,101,20,17,39,48,77,128,0,0,0,326,376,704,0,7,8,17,12,27,0,0,0,20,25,44,184,231,423,70,100,172,1513,1743,3252
POA5065,71,73,142,350,324,680,40,56,98,104,88,192,496,472,966,172,181,355,32,75,106,131,124,260,341,383,723,13,5,19,9,32,42,12,7,20,24,40,70,3,5,4,64,89,148,220,221,441,97,79,179,10,20,31,52,84,130,3,3,7,383,410,795,5,7,15,18,24,40,0,0,3,23,37,57,257,307,565,57,73,134,1695,1835,3531
POA5066,94,92,185,400,375,772,70,78,145,132,138,269,598,593,1192,159,157,318,81,79,166,221,223,445,463,460,926,17,12,22,14,23,40,18,7,22,12,39,49,0,0,0,60,74,140,273,278,555,64,76,141,32,25,59,61,70,131,0,3,3,430,451,886,13,9,25,8,29,44,0,0,0,25,41,67,167,195,361,58,86,142,1899,1995,3893
POA5067,46,68,114,229,212,443,45,43,86,63,55,113,332,309,641,81,75,158,41,47,90,211,88,296,331,207,541,13,11,27,20,24,41,4,3,6,33,52,82,4,0,4,70,93,167,204,284,487,131,142,278,14,18,34,87,104,187,3,0,3,442,548,985,14,16,30,16,37,52,0,0,0,32,53,79,333,331,663,59,82,134,1639,1684,3319
POA5068,65,68,129,315,303,613,97,87,183,83,88,172,490,477,964,161,166,322,76,138,216,180,163,347,415,460,880,22,18,36,32,36,69,18,20,31,31,36,71,0,0,3,98,109,208,267,336,607,114,132,239,27,24,52,70,100,165,0,0,0,477,587,1064,12,19,22,18,31,50,0,0,0,26,50,71,204,296,500,60,82,144,1846,2126,3970
POA5069,62,50,113,169,215,381,55,51,98,96,84,176,318,338,659,58,50,105,50,61,112,199,86,283,306,191,494,8,3,11,11,19,29,9,7,19,20,40,52,0,0,0,48,66,116,217,209,432,102,86,181,20,17,41,57,66,129,3,0,3,401,378,779,8,5,17,9,24,33,0,0,0,24,28,49,178,175,353,45,45,90,1380,1277,2655
POA5070,81,80,154,355,317,672,117,112,229,58,52,101,535,477,1010,159,133,291,100,95,189,78,78,158,333,301,631,30,20,52,30,52,76,19,19,36,43,57,103,0,0,0,122,146,265,317,343,663,134,151,282,18,23,44,68,122,195,3,0,5,545,640,1190,16,20,38,25,46,72,0,0,0,46,69,112,244,328,569,71,118,187,1978,2152,4127
POA5072,78,69,150,353,339,686,124,112,234,76,83,154,543,533,1078,216,160,376,154,99,253,98,94,196,465,357,819,24,26,45,16,37,55,13,16,29,44,54,103,0,0,0,95,134,230,248,279,524,95,134,235,25,24,53,79,94,170,3,3,7,446,540,983,10,21,32,23,38,61,0,0,0,36,53,89,205,232,442,74,84,157,1949,1997,3952
POA5073,98,103,205,430,354,787,193,204,400,59,40,92,679,599,1279,303,223,524,152,121,277,59,52,111,517,400,916,32,26,60,27,46,74,24,23,45,48,62,107,0,0,0,134,156,294,290,304,591,90,130,216,22,25,45,52,105,156,0,0,0,455,559,1013,16,15,32,11,37,53,0,0,0,27,52,84,258,276,538,79,107,186,2246,2250,4497
POA5074,94,67,166,369,316,690,173,146,318,27,31,58,569,494,1066,197,159,361,113,107,222,33,19,53,348,289,638,25,20,50,15,43,61,24,18,37,45,66,106,0,0,0,110,142,258,189,199,387,89,85,170,24,16,37,54,71,130,0,0,0,355,369,731,9,16,27,30,45,72,0,0,0,34,65,94,292,298,588,56,87,139,1867,1813,3680
POA5075,63,59,128,269,269,542,148,125,272,37,35,71,451,436,887,131,129,257,107,107,214,44,47,91,282,274,561,17,22,38,16,28,44,19,18,33,28,51,71,0,0,0,81,110,186,166,186,357,66,61,125,14,18,35,38,64,100,4,0,4,289,323,611,12,10,17,22,23,42,0,0,0,33,33,62,189,202,392,46,56,103,1436,1489,2928
POA5076,49,53,104,227,216,446,135,138,275,31,23,56,400,383,776,140,126,263,146,126,274,28,40,69,318,296,614,13,15,29,7,11,15,20,10,31,26,39,61,0,0,3,69,74,145,145,161,311,33,43,67,19,22,49,42,63,101,0,0,0,241,290,532,3,8,9,18,23,39,0,0,0,24,28,49,102,92,194,25,19,51,1220,1241,2459
POA5081,62,59,124,182,182,363,48,61,112,102,133,243,339,382,722,51,43,94,56,63,116,165,214,382,274,326,596,10,15,22,9,10,26,11,6,18,15,25,45,0,0,3,46,64,106,226,235,461,68,75,149,18,19,35,67,59,128,0,0,5,381,390,776,8,16,25,21,32,44,0,0,0,31,41,70,236,249,487,49,67,115,1419,1577,2993
POA5082,114,94,213,349,298,644,221,190,411,87,86,172,654,568,1219,115,105,225,181,153,340,93,65,157,392,332,721,36,26,61,32,42,79,24,23,46,49,72,124,0,0,0,142,162,303,351,359,710,139,110,246,42,39,81,97,122,213,0,0,3,626,628,1251,22,12,40,26,26,57,0,0,0,52,44,92,328,326,661,69,104,175,2383,2259,4640
POA5083,55,53,102,201,188,387,81,87,176,39,43,76,323,312,634,62,44,107,81,87,164,53,48,103,194,180,371,9,4,12,11,20,30,18,3,22,27,47,68,0,0,0,58,76,134,159,115,275,55,50,108,12,32,41,47,72,121,0,0,0,276,267,544,4,11,17,20,22,49,0,0,4,28,36,61,130,160,293,23,33,54,1080,1115,2201
POA5084,56,48,102,256,231,489,129,124,250,41,34,72,422,386,814,180,125,307,85,81,164,24,29,58,295,232,529,37,28,70,53,64,119,28,15,40,55,58,109,0,3,0,170,163,337,162,178,339,84,89,173,9,15,25,31,35,65,0,4,4,292,321,608,28,40,63,38,36,75,3,0,3,64,84,144,476,377,851,66,80,145,1837,1699,3531
POA5085,129,139,269,405,421,825,244,250,497,155,160,315,809,832,1640,250,188,440,111,174,283,109,113,220,469,476,944,46,52,95,59,94,150,22,25,51,91,132,226,0,3,4,218,302,513,303,242,540,124,142,262,36,25,57,89,135,226,0,4,4,548,542,1088,42,29,75,43,65,108,0,0,0,83,91,182,1198,722,1916,96,157,254,3553,3257,6810
POA5086,100,117,218,398,377,772,194,181,375,95,101,201,687,662,1347,205,194,395,106,131,238,97,97,192,415,417,827,42,40,81,47,78,124,28,16,48,59,89,153,4,0,4,182,222,404,270,253,527,106,125,230,23,22,46,90,113,199,3,3,4,492,522,1009,29,29,63,35,51,82,0,0,0,60,86,146,411,415,824,67,143,211,2406,2580,4990
POA5087,88,63,153,259,240,502,121,104,219,35,29,61,413,373,787,117,127,247,59,65,124,47,35,83,221,236,453,29,20,52,33,40,73,14,20,34,42,70,116,0,0,0,118,146,264,198,213,415,120,127,244,7,10,22,44,81,132,0,3,4,376,436,816,23,30,52,23,30,57,0,0,0,46,63,108,252,301,557,65,99,171,1584,1716,3307
POA5088,22,22,47,90,68,155,14,16,32,19,22,36,125,105,225,49,37,90,11,23,36,12,16,33,80,81,160,6,4,17,3,17,22,3,3,11,7,19,30,0,0,0,30,43,68,26,25,49,11,28,35,0,3,10,16,22,37,0,0,0,58,78,131,0,8,5,11,18,29,0,0,0,11,22,37,85,94,179,6,15,23,412,459,872
POA5089,38,23,60,201,162,359,70,75,144,60,60,122,333,291,627,100,86,188,78,66,142,55,69,122,234,222,456,4,5,14,4,12,12,11,16,23,23,28,44,0,0,0,42,60,99,75,92,163,17,27,45,9,17,31,20,50,67,0,0,0,121,187,306,4,4,13,11,18,31,0,0,0,18,28,40,95,88,184,10,18,30,885,914,1802
POA5090,43,44,84,198,190,388,40,49,86,45,38,80,289,272,558,104,101,209,33,38,77,43,44,88,183,185,370,12,16,28,16,16,27,15,9,28,23,44,69,0,0,0,64,85,153,59,90,145,20,36,57,5,9,12,16,44,58,0,0,0,102,175,277,8,8,20,10,15,28,0,0,3,19,24,45,118,175,293,8,24,35,828,986,1816
POA5091,45,35,82,194,185,374,54,73,131,46,50,96,293,307,607,137,123,260,40,48,91,51,62,113,231,232,459,11,6,23,3,10,11,20,7,31,31,34,72,0,0,0,75,67,140,67,80,147,19,25,48,11,18,26,26,50,75,0,0,0,119,174,291,6,9,10,9,24,34,0,0,0,16,30,46,152,152,301,9,11,19,936,1008,1947
POA5092,125,105,238,553,493,1043,100,88,189,99,125,222,751,701,1449,308,260,568,66,74,139,72,93,164,442,430,871,44,34,82,28,43,71,45,24,70,62,73,136,0,0,0,178,175,357,204,238,441,98,111,207,17,21,36,57,126,178,0,3,0,378,494,873,22,33,56,26,47,74,0,0,0,53,83,131,322,361,683,66,105,167,2316,2453,4773
POA5093,63,52,117,259,212,472,67,46,115,69,97,161,398,354,751,162,146,303,52,51,101,59,53,115,279,244,519,31,26,53,21,25,41,11,14,25,29,47,74,0,3,3,93,105,197,85,94,181,39,41,77,15,11,30,33,63,91,0,3,3,169,215,384,11,15,20,15,34,44,0,0,0,22,42,64,174,183,355,16,31,39,1208,1228,2435
POA5094,3,3,10,24,24,51,4,3,10,3,4,4,32,32,66,31,22,59,8,11,17,0,4,3,42,34,79,3,5,13,3,9,6,3,3,3,0,7,10,0,0,0,9,24,32,14,15,29,6,10,14,3,0,3,3,0,3,0,0,0,22,25,48,5,0,5,3,0,4,0,0,0,6,0,9,38,20,65,5,3,5,153,148,307
POA5095,130,142,275,573,503,1077,174,174,347,157,168,324,902,852,1757,220,205,430,142,145,286,169,172,342,542,523,1067,49,41,92,65,64,124,46,29,69,71,120,190,0,0,0,233,244,481,468,442,905,213,188,398,29,42,78,114,149,261,3,3,7,822,824,1649,44,49,94,53,73,124,0,0,0,100,119,220,528,499,1028,147,202,352,3401,3420,6819
POA5096,93,85,182,445,435,881,72,65,132,135,114,248,650,614,1259,233,203,436,73,80,151,101,93,192,409,372,778,18,21,39,18,35,52,36,19,55,42,87,124,4,0,4,117,160,280,128,156,289,38,55,92,11,20,30,34,64,100,0,0,0,211,296,511,17,20,42,22,49,69,0,0,0,37,69,109,316,341,659,15,35,43,1843,1980,3821
POA5097,80,66,146,429,419,852,98,70,170,91,66,162,623,562,1185,249,250,496,66,58,127,74,68,141,392,384,773,19,30,40,13,30,39,33,32,59,39,65,108,3,3,4,99,154,261,103,144,243,31,42,79,12,16,37,52,76,134,0,0,0,207,285,490,10,16,26,22,43,70,0,3,3,36,57,95,201,233,434,41,32,76,1671,1772,3450
POA5098,80,68,152,345,305,647,117,113,231,126,95,224,595,507,1098,206,173,381,72,69,140,55,66,122,333,307,643,18,15,31,16,29,43,25,19,47,38,67,108,0,0,0,97,124,221,106,118,229,53,78,129,18,18,34,34,69,98,0,0,0,208,274,487,11,27,35,21,42,67,0,0,0,32,72,100,262,315,572,43,59,100,1651,1728,3380
POA5106,0,0,0,0,0,0,0,0,0,0,0,0,0,0,0,0,0,0,0,0,0,0,0,0,3,0,3,10,0,10,19,3,21,0,0,0,0,0,0,0,0,0,35,3,39,4,0,4,3,0,3,0,0,0,0,0,0,0,0,0,5,0,7,61,12,69,0,0,0,0,0,0,61,12,69,3,0,4,69,21,84,171,43,213
POA5107,151,105,250,558,494,1049,229,230,461,76,89,162,863,812,1677,284,279,564,144,165,312,69,68,134,496,510,1007,42,43,83,43,71,116,24,32,51,46,91,132,0,3,6,148,238,384,154,237,390,90,76,168,14,26,41,52,43,90,0,7,7,309,382,694,31,37,66,26,83,114,3,3,7,55,123,179,432,452,880,60,97,155,2508,2719,5225
POA5108,247,275,523,1432,1349,2784,335,332,667,209,236,449,1976,1925,3901,886,753,1643,243,244,485,189,205,389,1316,1195,2513,94,113,204,136,207,338,65,102,161,155,245,401,5,3,11,450,669,1115,290,383,673,109,141,250,34,54,84,55,122,176,3,5,6,493,709,1196,66,115,184,68,146,214,8,0,8,148,259,403,1214,1261,2476,73,94,170,5916,6392,12304
POA5109,112,131,245,658,598,1255,130,141,275,170,155,323,960,887,1850,359,346,705,91,99,190,147,148,294,601,591,1194,26,51,81,44,64,111,47,40,87,54,119,177,0,3,4,179,281,457,151,187,339,58,57,109,22,22,49,50,97,142,0,0,0,276,364,640,24,48,71,32,61,95,0,3,3,59,113,172,518,584,1100,27,38,66,2732,2994,5724
POA5110,65,70,135,308,312,615,91,94,187,49,63,113,449,463,917,131,114,252,74,75,147,51,44,97,262,232,492,16,16,27,11,17,32,9,19,29,24,57,79,0,0,3,62,111,174,71,80,148,14,35,50,4,14,20,10,34,39,0,0,0,106,158,263,9,15,25,20,36,51,0,0,0,29,50,75,308,324,629,19,17,36,1296,1428,2723
POA5111,0,0,0,0,0,0,0,0,0,0,0,0,0,0,0,0,0,0,0,0,0,0,0,0,0,0,0,0,0,0,0,0,0,0,0,0,0,0,3,0,0,0,3,0,3,0,0,0,0,0,0,3,0,3,8,0,6,0,0,0,7,4,11,3,4,4,0,0,0,0,0,0,6,4,10,18,0,18,4,0,4,37,6,50
POA5112,112,103,214,616,584,1193,107,115,224,127,117,249,846,819,1664,419,338,759,79,89,169,108,93,204,603,523,1127,44,59,95,71,112,187,48,35,83,71,112,181,0,3,4,233,323,552,108,114,225,43,64,105,17,21,40,48,79,127,0,3,3,218,279,498,32,53,85,36,66,95,3,3,6,69,120,184,983,1041,2018,26,34,64,3095,3230,6326
POA5113,163,150,307,784,724,1508,89,87,175,77,74,149,948,890,1835,392,388,776,37,55,93,38,33,67,466,470,937,46,62,116,43,84,124,43,37,80,47,112,163,3,4,6,191,300,493,54,86,136,44,57,95,7,22,26,17,38,56,0,4,4,120,201,319,49,83,133,34,78,107,3,3,5,88,165,251,988,966,1953,12,21,35,2962,3168,6130
POA5114,285,284,567,1166,1042,2205,380,375,754,379,367,752,1925,1791,3716,593,566,1163,278,288,562,285,265,553,1152,1123,2273,78,90,168,45,116,160,75,81,158,137,221,355,4,7,6,341,519,855,205,310,520,78,105,185,32,47,80,98,147,241,0,0,0,411,609,1020,47,63,108,52,133,186,5,3,7,101,206,304,969,1020,1995,46,50,92,5230,5589,10818
POA5115,123,99,221,377,398,775,100,90,195,103,97,197,583,584,1165,177,159,334,52,59,114,42,52,93,271,273,543,27,26,56,20,43,60,17,36,52,39,79,119,0,0,0,103,187,286,55,76,124,29,49,79,6,16,18,26,63,91,0,0,3,120,199,317,20,22,37,14,42,62,0,0,4,39,68,106,346,350,701,8,9,15,1595,1763,3350
POA5116,74,68,143,230,213,443,63,71,135,150,147,297,444,433,877,142,108,248,49,57,107,133,115,245,331,273,604,21,21,39,8,24,33,22,25,53,22,54,77,0,0,0,77,130,201,34,70,105,21,33,53,4,21,27,20,55,79,0,0,0,78,188,265,8,19,20,12,35,40,0,0,0,18,48,67,256,282,539,14,19,28,1288,1436,2722
POA5117,12,27,46,72,80,150,43,34,81,90,61,149,200,177,376,26,31,52,31,49,82,63,35,103,120,119,234,3,3,4,0,0,0,10,8,21,11,13,19,0,0,0,22,22,45,19,26,51,0,0,4,3,3,6,0,10,10,0,0,0,29,45,69,0,0,4,5,6,10,0,0,0,9,10,12,64,64,125,0,0,0,454,459,915
POA5118,93,89,191,483,498,987,131,116,248,217,250,471,838,865,1707,201,175,370,200,231,432,189,180,365,583,588,1170,32,20,54,13,27,41,52,49,95,64,107,172,0,0,7,163,202,362,108,179,283,30,52,81,17,36,55,40,94,126,0,0,0,193,362,553,9,14,26,13,47,56,0,0,3,24,63,88,494,508,1005,14,26,35,2409,2696,5105
POA5120,21,16,37,47,60,105,20,14,28,19,18,35,80,86,166,18,15,34,16,16,32,8,13,27,45,49,93,0,0,4,0,5,5,0,3,3,3,3,9,0,0,0,6,9,15,23,23,45,4,5,7,3,0,3,3,3,4,0,0,0,25,34,62,0,0,0,0,3,4,0,0,0,0,3,4,97,64,165,0,4,7,277,275,555
POA5121,13,13,20,30,25,57,8,11,25,14,23,37,54,62,112,14,8,24,17,19,32,9,11,16,34,38,73,4,3,4,0,3,5,3,4,4,3,12,11,0,0,0,10,20,29,6,18,28,3,3,7,3,3,7,0,3,4,0,0,0,17,26,41,4,0,4,0,0,0,0,0,0,3,0,5,49,34,81,0,7,7,174,195,370
POA5125,81,118,202,622,601,1227,204,179,387,192,177,371,1024,964,1987,355,353,706,153,138,283,211,189,407,718,674,1390,36,32,62,8,34,47,55,37,87,54,102,158,0,0,0,156,202,357,224,254,475,43,62,106,45,40,91,57,116,168,0,0,3,365,471,842,9,12,22,17,52,70,0,0,3,31,65,99,287,377,663,29,42,69,2697,2912,5607
POA5126,41,43,81,261,230,495,58,39,92,53,47,100,371,316,690,130,108,245,23,32,63,39,41,77,193,189,382,9,5,16,9,3,13,16,10,33,29,36,63,0,0,0,68,63,129,52,67,121,13,27,39,6,14,17,17,42,64,0,0,0,92,154,248,3,3,9,20,21,47,0,0,0,23,33,59,116,134,251,8,27,29,921,953,1866
POA5127,44,38,80,204,194,392,58,52,112,80,72,154,342,314,662,122,124,245,45,56,99,73,76,154,248,256,497,8,21,30,5,18,27,24,15,41,20,31,56,0,0,0,68,87,155,83,119,207,10,35,47,10,18,29,28,49,75,0,0,0,127,221,350,7,3,12,16,22,37,0,0,0,19,26,45,106,111,221,19,17,41,970,1081,2054
POA5131,5,0,10,22,23,47,9,11,27,21,17,36,54,51,100,8,5,15,3,9,12,14,18,33,29,28,58,0,0,0,0,0,0,9,3,11,0,12,12,0,0,0,10,14,21,15,16,30,3,3,5,0,0,3,3,8,16,0,0,0,21,36,54,0,0,0,0,4,4,0,0,0,0,4,4,16,20,41,3,4,4,138,155,292
POA5132,4,3,9,21,22,45,3,4,3,0,9,5,24,29,52,0,4,6,5,0,5,3,4,11,8,11,19,0,0,0,0,0,0,0,0,0,0,0,0,0,0,0,3,0,5,5,0,10,0,0,0,0,0,0,3,0,4,0,0,0,8,8,13,0,0,0,0,3,4,0,0,0,3,4,8,10,7,19,0,0,0,56,64,118
POA5133,3,3,5,8,11,20,4,0,6,6,8,15,22,13,39,3,9,8,0,0,0,7,6,11,15,15,29,0,0,0,0,0,0,0,0,0,0,0,0,0,0,0,3,0,3,8,6,14,0,0,3,0,3,3,0,0,0,0,0,0,9,12,15,0,0,0,0,0,4,0,0,0,0,0,4,15,20,30,0,0,0,59,59,119
POA5134,0,3,3,15,12,24,5,3,5,0,0,3,18,13,30,3,7,15,3,3,3,5,10,16,16,19,33,0,0,0,0,0,0,0,0,0,0,0,3,0,0,0,4,0,7,0,3,6,0,0,3,0,0,0,0,3,6,0,0,0,5,13,16,3,0,3,0,0,0,0,0,0,3,3,6,20,19,33,0,0,0,61,62,126
POA5136,3,3,7,26,11,37,4,5,15,3,3,7,34,22,57,9,10,19,7,0,11,3,3,6,22,20,39,0,0,0,0,0,0,0,0,0,3,0,3,0,0,0,3,0,3,9,10,15,3,5,5,0,0,3,5,5,5,0,0,0,19,17,32,0,0,0,0,0,3,0,0,0,0,0,3,13,11,29,0,0,0,96,74,166
POA5137,3,7,6,22,16,35,0,3,8,3,3,9,28,23,53,7,8,17,3,3,11,8,4,9,17,22,36,3,0,4,0,0,3,3,0,7,0,0,3,0,0,0,4,7,12,7,9,20,0,0,0,0,0,0,0,9,9,0,0,0,13,20,33,3,0,3,0,0,3,0,0,0,0,0,3,22,15,33,6,3,11,94,97,187
POA5138,3,3,9,10,10,23,0,3,3,4,5,4,17,16,30,14,7,16,3,0,3,0,0,0,12,7,18,0,0,0,0,0,0,0,0,0,0,0,0,0,0,0,0,0,0,4,7,10,0,0,0,0,3,3,4,0,3,0,0,0,5,9,15,0,0,0,0,0,0,0,0,0,0,0,0,3,0,7,0,0,0,44,37,82
POA5139,3,0,3,10,6,17,0,0,0,0,3,5,15,11,20,9,5,14,0,0,0,3,3,7,12,6,16,0,0,0,0,0,0,0,0,0,0,0,0,0,0,0,0,3,3,0,4,0,0,0,0,0,0,0,0,3,3,0,0,0,0,6,5,0,0,0,0,0,0,0,0,0,0,0,0,8,10,11,0,0,0,34,38,72
POA5140,0,0,3,26,23,47,0,3,3,3,0,6,31,26,53,14,13,27,3,7,12,5,3,7,26,19,42,0,0,0,0,0,0,0,0,0,0,0,0,0,0,0,0,0,3,5,3,9,0,0,3,0,0,0,0,0,5,0,0,0,8,13,22,0,0,0,0,0,0,0,0,0,0,0,0,5,3,6,0,4,4,71,67,134
POA5141,8,3,13,23,29,56,0,5,5,6,11,19,33,42,74,10,15,21,0,0,0,11,14,20,18,22,46,0,0,0,0,0,0,3,3,4,3,0,0,0,0,0,6,11,12,10,16,24,4,0,3,0,0,0,3,9,11,0,0,0,17,21,42,0,0,0,0,3,3,0,0,0,0,0,7,18,21,37,0,0,3,98,133,234
POA5142,0,0,3,27,25,50,3,8,5,0,3,3,28,27,60,16,11,28,3,0,3,3,0,3,17,16,35,0,0,0,0,0,0,0,0,3,0,0,4,0,0,0,6,0,5,3,5,10,3,0,0,0,3,3,4,0,7,0,0,0,9,12,14,0,0,0,0,0,0,0,0,0,0,0,0,6,4,11,0,0,0,65,66,129
POA5144,0,0,0,11,6,18,0,0,0,5,7,12,17,16,32,0,9,11,0,0,0,3,8,4,4,10,20,3,0,3,0,0,0,0,0,0,0,0,0,0,0,0,3,0,3,4,5,10,0,0,0,0,0,0,0,5,6,0,0,0,9,12,19,0,0,3,0,0,3,0,0,0,0,3,3,9,11,17,0,0,0,43,51,94
POA5150,0,0,0,0,0,0,0,0,0,0,0,0,0,0,0,3,0,3,0,0,0,0,0,0,3,0,3,0,0,0,0,0,0,0,0,0,0,0,0,0,0,0,0,0,0,0,0,0,0,0,0,0,0,0,0,0,0,0,0,0,0,0,0,0,0,0,0,0,0,0,0,0,0,0,0,6,3,9,0,0,0,13,3,17
POA5151,0,0,0,8,12,24,0,0,0,7,3,17,18,21,36,5,9,18,0,0,0,13,9,24,19,17,42,0,0,3,0,0,0,3,0,5,0,0,3,0,0,0,3,3,10,5,5,7,0,7,7,0,0,0,3,0,3,0,0,0,8,10,21,0,0,0,0,0,0,0,0,0,3,0,3,12,7,21,0,3,3,62,68,128
POA5152,42,56,94,222,218,446,60,47,107,70,66,139,355,332,689,74,68,138,31,34,65,109,97,204,216,200,417,8,3,8,3,3,4,14,3,16,9,22,36,0,0,0,33,36,66,83,89,172,22,24,47,12,9,24,31,49,73,0,0,0,155,168,326,3,3,5,4,16,24,0,0,0,9,18,31,109,112,220,21,20,46,939,940,1883
POA5153,33,29,60,197,178,378,24,34,57,88,74,159,315,281,595,118,112,229,17,23,43,105,103,204,238,238,479,4,9,11,0,13,13,28,13,39,14,33,52,0,0,0,43,68,116,68,77,150,22,20,38,12,18,28,27,59,85,0,0,0,127,169,297,5,12,12,6,16,24,0,0,0,14,27,37,143,174,316,6,19,24,923,1000,1923
POA5154,30,21,50,136,134,267,17,30,52,42,45,84,191,210,405,32,46,82,9,19,26,63,63,133,107,133,240,0,0,3,3,3,6,12,0,11,3,4,14,0,0,0,14,12,34,42,40,88,15,21,34,9,5,8,12,31,44,0,0,0,81,99,175,0,0,3,10,4,17,0,0,0,8,8,17,55,62,123,6,14,20,499,561,1063
POA5155,27,41,70,151,157,309,15,12,30,45,47,90,212,212,429,62,69,128,7,9,22,42,38,85,117,119,234,6,6,6,0,7,8,8,4,10,10,28,39,0,0,0,24,44,70,34,49,78,17,23,37,0,7,10,17,42,57,0,0,0,68,117,186,3,0,3,8,16,24,0,0,0,4,21,26,56,74,130,6,7,12,514,636,1152
POA5156,3,5,14,47,36,86,5,6,7,7,4,11,57,45,106,25,12,35,3,6,9,10,12,21,34,28,66,0,0,3,0,4,4,4,0,4,3,4,7,0,0,0,3,10,16,5,11,20,5,3,11,3,4,4,0,9,6,0,0,0,11,24,40,0,0,0,0,3,3,0,0,0,0,3,4,15,7,26,0,0,0,136,134,272
POA5157,22,19,38,78,88,167,6,5,10,32,33,69,115,123,244,46,48,99,13,11,21,27,32,56,83,94,177,4,4,10,0,0,0,15,3,16,3,11,16,0,0,0,20,14,35,38,36,70,7,3,10,4,7,9,14,17,25,0,0,0,56,65,118,0,3,7,4,6,11,0,0,0,6,9,17,65,87,157,3,0,3,381,417,790
POA5158,180,162,342,886,839,1725,171,195,372,131,119,251,1191,1156,2342,494,524,1015,155,124,276,125,116,235,769,768,1536,31,37,71,19,41,62,68,39,107,71,123,196,0,0,3,193,250,437,243,319,559,88,94,185,23,38,55,97,191,289,0,8,6,452,647,1098,14,27,37,23,70,96,0,3,3,41,97,132,311,357,669,57,103,162,3184,3528,6715
POA5159,205,189,395,1154,1040,2196,165,161,322,298,282,578,1610,1481,3091,632,672,1311,149,124,273,249,272,521,1031,1071,2101,33,49,79,31,40,72,88,56,147,102,140,238,0,0,3,257,280,535,345,487,829,94,146,234,38,78,113,132,225,352,7,0,7,612,925,1539,20,21,42,43,81,131,0,0,0,64,103,171,461,445,903,69,116,180,4310,4612,8921
POA5160,0,0,0,0,0,0,0,0,0,0,0,0,0,0,0,0,0,0,0,0,0,0,3,3,0,3,3,0,0,0,0,0,0,0,0,0,0,0,0,0,0,0,0,0,0,0,0,0,0,0,0,0,0,0,0,0,0,0,0,0,0,0,0,0,0,0,0,0,0,0,0,0,0,0,0,0,4,7,0,0,0,3,8,7
POA5161,53,47,98,349,300,647,45,35,81,59,50,111,456,389,844,199,194,396,34,15,52,57,55,106,283,270,553,16,18,32,11,16,25,28,23,56,23,42,69,0,0,0,81,103,180,50,90,144,31,46,75,13,9,16,24,58,81,0,0,0,118,201,325,7,14,19,13,30,42,0,0,0,27,39,65,161,212,370,15,43,61,1193,1296,2492
POA5162,209,180,397,1207,1067,2267,183,142,320,252,236,492,1641,1440,3082,726,688,1410,120,111,235,190,224,418,1036,1017,2056,46,50,100,36,91,130,86,66,151,107,160,267,0,0,0,277,365,647,238,327,566,86,133,219,48,49,93,85,185,270,0,8,5,453,703,1155,21,47,61,67,98,168,3,3,3,91,147,235,766,850,1618,46,85,133,4524,4798,9319
POA5163,77,83,160,462,448,908,60,59,124,88,109,201,614,619,1231,255,257,514,58,68,131,67,82,143,378,407,789,17,24,45,9,30,41,34,28,58,34,80,113,3,0,5,106,160,263,70,98,168,36,62,97,13,19,32,32,70,100,0,3,3,161,246,407,10,32,38,26,48,75,0,0,0,43,78,121,371,403,776,17,19,39,1762,2021,3779
POA5164,37,36,72,203,190,398,16,13,25,15,25,46,241,224,464,123,116,237,13,12,22,11,8,21,152,131,290,9,11,24,3,17,19,8,12,20,11,30,40,0,0,3,33,73,107,28,32,56,13,19,34,3,4,9,12,20,29,0,0,0,57,70,128,11,17,26,10,13,21,0,3,3,18,34,46,230,286,516,5,8,13,769,865,1635
POA5165,32,45,74,155,122,277,25,39,60,20,25,50,196,188,392,89,81,170,28,30,58,20,17,38,136,125,267,4,10,19,4,16,19,19,13,30,17,20,42,0,0,0,47,60,102,32,41,70,23,19,39,8,3,17,14,24,42,0,0,0,81,92,173,3,8,11,11,26,34,0,0,0,11,32,45,281,340,616,13,12,26,799,891,1693
POA5166,9,10,18,65,49,110,15,0,13,10,4,15,86,56,141,36,33,66,6,6,12,6,3,11,47,42,93,0,6,9,3,8,9,7,4,7,6,9,15,0,0,0,16,20,38,6,9,16,3,4,5,0,3,3,6,4,6,0,0,0,15,14,30,0,4,3,0,5,10,0,0,0,0,12,15,64,70,129,4,3,10,242,233,472
POA5167,26,29,48,130,129,260,62,71,130,46,38,82,236,237,473,83,76,154,46,48,91,38,35,65,156,154,314,10,11,19,4,9,19,17,9,26,20,37,52,0,0,0,54,70,117,39,52,88,9,23,33,3,8,12,17,34,51,0,0,0,72,118,186,5,4,11,8,15,24,0,0,0,14,20,32,204,257,467,11,13,19,774,889,1658
POA5168,37,31,69,180,166,344,37,40,80,42,32,78,260,239,496,89,101,191,33,39,69,20,17,31,142,155,297,11,9,17,3,21,27,11,8,15,16,29,45,3,0,3,40,67,107,23,32,60,17,23,36,3,6,12,15,27,39,0,0,0,60,85,139,3,4,6,7,18,22,0,0,0,8,17,31,159,183,346,13,3,13,714,784,1504
POA5169,123,121,252,588,536,1123,207,212,419,103,98,205,897,848,1747,337,301,634,82,92,175,98,92,186,512,484,1000,40,27,67,23,41,62,35,38,76,62,92,154,0,3,4,156,203,362,72,147,219,37,61,102,16,17,34,41,89,126,0,0,0,166,308,469,14,23,33,24,57,80,0,3,3,39,85,121,401,463,858,19,52,68,2313,2562,4875
POA5170,5,8,17,29,27,55,7,6,17,3,6,15,39,40,77,16,19,39,0,3,10,15,15,30,43,39,80,0,0,0,0,3,3,0,0,3,3,4,6,0,0,0,7,11,20,5,11,16,5,7,13,0,4,4,5,5,11,0,0,0,15,28,45,0,0,0,3,0,4,0,0,0,3,0,4,32,38,67,0,0,3,140,162,310
POA5171,36,40,83,164,183,347,22,14,37,83,62,146,272,256,525,68,72,140,18,12,33,96,82,181,188,163,348,12,3,16,0,4,6,15,4,21,10,21,33,0,0,0,35,42,77,41,62,105,11,17,26,4,11,16,8,33,44,0,0,0,67,122,182,0,6,9,8,13,18,0,0,0,11,21,28,147,161,311,4,15,24,757,813,1573
POA5172,16,20,42,130,116,244,10,11,22,51,61,108,183,184,372,60,67,132,11,4,10,62,64,134,134,143,276,4,5,6,3,5,11,11,9,18,9,15,25,0,0,0,31,35,65,31,32,65,7,16,22,7,3,10,14,21,30,0,0,0,52,71,124,3,0,3,7,3,8,0,0,0,9,3,10,111,121,231,11,7,22,548,592,1141
POA5173,87,93,181,448,419,865,130,146,279,127,126,245,697,690,1387,270,245,517,37,29,74,80,94,175,388,371,762,16,21,38,10,35,43,23,29,51,35,67,97,0,0,3,82,151,229,53,61,112,22,45,66,8,16,21,27,69,98,0,0,0,108,196,300,9,14,27,18,40,60,0,0,3,28,57,88,478,496,969,14,17,32,1884,2062,3950
POA5174,12,17,34,80,79,160,23,21,42,25,29,52,125,122,248,49,48,99,9,11,20,33,29,61,90,89,177,3,3,9,0,10,7,13,3,15,11,14,23,0,0,0,28,27,53,9,13,26,3,14,17,0,4,7,8,13,21,0,0,0,20,48,65,0,3,3,0,8,13,0,0,0,3,18,17,102,95,200,14,6,17,391,424,815
POA5201,14,9,26,65,46,112,5,6,11,11,24,32,79,70,151,44,37,76,13,3,12,6,11,24,61,51,114,0,3,3,6,0,5,10,4,16,3,14,18,0,0,0,22,19,41,5,27,29,0,11,9,0,0,4,6,11,15,0,0,0,17,50,64,3,0,4,3,4,5,0,0,0,5,6,12,52,52,105,0,4,4,254,269,516
POA5202,8,7,17,37,27,60,0,0,3,8,5,10,47,28,72,15,8,20,0,3,7,8,15,18,21,26,48,0,0,0,0,0,0,0,0,0,3,0,5,0,0,0,4,3,6,0,3,3,0,0,0,0,0,0,0,5,5,0,0,0,0,6,12,0,0,0,0,3,3,0,0,0,0,3,3,31,17,51,3,0,3,104,100,212
POA5203,3,0,3,44,34,77,0,0,0,3,7,16,45,51,96,26,20,44,0,0,0,8,12,20,34,31,69,0,0,3,0,0,0,3,0,3,0,4,3,0,0,0,6,5,13,0,3,3,0,3,3,0,0,0,0,4,7,0,0,0,3,15,15,0,0,3,3,3,8,0,0,0,5,3,13,44,37,81,0,0,3,146,148,294
POA5204,6,6,17,79,85,164,0,0,0,10,13,22,88,96,185,40,35,73,0,3,0,3,13,20,42,53,91,0,3,3,0,5,5,8,8,9,5,16,18,0,0,0,11,27,43,4,3,7,0,5,8,0,0,0,0,18,13,0,0,0,9,30,35,0,3,3,3,3,13,0,0,0,3,5,9,112,110,225,10,3,15,284,330,614
POA5210,13,15,26,70,67,140,0,0,3,16,14,33,90,83,173,41,44,85,0,0,0,11,23,32,55,59,118,0,3,3,0,0,6,6,0,8,3,9,13,0,0,0,17,11,27,3,9,11,0,3,6,0,3,3,3,7,11,0,0,0,6,24,31,0,0,0,0,6,6,0,0,0,0,8,6,52,60,116,0,0,0,240,263,497
POA5211,62,81,140,319,300,621,13,0,12,183,173,355,517,476,992,208,211,418,8,9,16,106,130,237,324,341,670,11,10,19,9,26,34,16,20,40,35,64,95,7,0,7,73,118,187,25,37,60,21,29,51,8,6,14,21,58,77,0,0,0,69,138,204,14,5,16,8,25,41,0,0,0,19,34,58,414,502,917,25,40,67,1507,1726,3230
POA5212,14,13,21,39,48,92,0,0,0,28,14,48,72,64,137,22,16,40,0,0,0,20,11,33,47,31,71,0,3,3,0,8,10,0,0,7,0,3,9,0,0,0,8,16,22,4,6,13,3,3,5,0,3,3,3,12,16,0,0,0,8,27,35,0,0,0,0,3,3,0,0,0,0,0,0,59,64,129,5,4,8,209,218,431
POA5213,8,3,15,38,38,76,4,0,4,11,10,21,49,49,95,22,19,37,0,0,0,13,8,25,30,26,62,0,0,0,0,4,4,3,0,3,3,3,5,0,0,0,8,9,17,3,8,11,4,0,8,0,0,0,5,11,15,0,0,0,15,20,33,0,0,3,0,3,3,0,0,0,0,3,3,26,20,41,0,0,0,132,132,269
POA5214,32,22,57,167,191,357,8,8,17,79,74,155,251,274,526,76,92,172,8,4,9,52,67,121,132,166,299,3,11,15,0,15,16,14,17,30,24,31,55,0,0,0,38,70,113,7,22,31,10,17,26,0,0,0,9,38,48,0,0,0,33,77,110,9,6,13,7,17,22,0,0,0,16,18,33,236,240,478,17,13,33,764,889,1649
POA5220,0,0,0,12,10,15,0,0,0,0,0,0,12,10,15,0,0,9,0,0,0,0,0,0,0,0,9,0,0,0,0,0,0,0,0,0,0,4,4,0,0,0,0,4,4,0,0,0,0,0,0,0,0,0,0,0,0,0,0,0,0,0,0,0,0,0,0,0,0,0,0,0,0,0,0,3,10,10,5,3,8,22,24,42
POA5221,3,0,4,8,13,21,0,0,0,0,0,3,8,14,19,8,4,11,0,0,0,0,0,0,8,4,11,0,0,0,0,0,0,0,0,0,0,0,0,0,0,0,0,0,0,0,0,0,0,0,0,0,0,0,0,3,5,0,0,0,0,3,5,0,0,0,0,0,0,0,0,0,0,0,0,21,33,53,11,21,33,56,78,131
POA5222,3,6,15,17,13,27,0,0,0,0,0,0,17,13,27,4,9,19,0,0,0,0,0,0,4,9,19,0,0,0,0,0,0,0,0,0,0,0,0,0,0,0,0,4,3,0,0,0,3,0,3,0,0,0,0,3,3,0,0,0,3,3,9,0,0,0,0,3,4,0,0,0,0,6,3,42,43,79,17,14,38,92,97,190
POA5223,17,14,38,151,122,276,0,0,0,3,3,4,155,122,281,96,95,193,0,0,0,4,4,9,96,103,199,0,0,0,0,9,7,10,5,15,5,8,17,0,0,0,13,20,37,0,3,3,7,3,6,0,0,0,3,8,10,0,0,0,8,15,28,0,0,0,3,7,12,0,0,0,3,7,13,185,158,346,92,92,186,576,546,1123
POA5231,7,8,10,41,40,83,4,7,13,11,10,18,52,55,111,23,15,37,3,3,4,15,23,40,36,46,86,0,0,0,0,0,6,7,4,8,3,10,15,0,0,0,10,13,27,8,13,16,0,3,0,3,0,3,6,4,13,4,0,4,22,14,37,0,0,0,0,3,7,0,0,0,0,3,7,25,26,51,3,0,0,161,170,323
POA5232,3,0,3,17,13,28,3,0,4,3,3,7,27,15,42,7,9,12,0,0,4,5,9,12,12,18,30,0,0,0,0,0,0,3,0,3,0,0,0,0,0,0,3,0,3,8,16,25,3,4,3,0,0,3,0,0,0,0,0,0,12,22,28,0,0,4,0,0,0,0,0,0,0,0,4,17,14,25,0,0,0,66,65,139
POA5233,6,5,9,36,30,61,4,3,3,22,20,41,57,49,105,33,29,60,0,0,3,18,18,38,48,45,98,0,3,3,0,0,3,9,4,12,3,7,11,0,0,0,12,17,30,9,21,24,0,3,4,4,4,10,3,3,7,0,0,0,12,34,49,0,3,4,0,3,6,0,0,0,0,8,10,32,41,70,3,6,10,180,204,381
POA5234,14,14,21,59,46,107,6,3,11,6,7,14,73,55,126,47,16,67,3,4,10,7,12,24,62,34,95,0,3,3,0,0,0,0,3,4,4,8,10,0,0,0,9,13,20,3,13,16,0,4,3,0,0,4,6,5,11,0,0,0,7,26,40,0,3,4,3,3,6,0,0,0,4,5,9,44,42,85,0,11,8,211,193,404
POA5235,11,10,21,96,78,176,0,0,0,27,18,46,127,98,223,42,61,98,0,0,4,16,18,30,52,77,131,0,5,5,0,3,4,8,5,14,9,5,12,0,0,0,13,21,40,9,11,17,0,7,3,0,0,0,3,10,11,0,0,0,12,24,37,4,4,4,4,10,11,0,0,0,5,14,17,75,96,174,3,6,12,303,355,657
POA5236,0,3,3,7,4,19,0,0,0,6,0,10,13,9,25,6,9,18,0,3,3,0,0,0,9,8,16,0,0,0,0,0,0,0,0,0,0,0,3,0,0,0,0,0,3,0,3,6,0,0,0,0,0,0,0,0,0,0,0,0,0,7,12,0,0,0,0,0,0,0,0,0,0,0,0,21,13,37,0,0,0,49,42,90
POA5237,3,4,5,14,10,23,0,0,0,3,5,12,13,11,29,10,3,18,0,0,0,0,0,0,10,3,18,0,0,0,0,0,0,0,0,0,0,3,3,0,0,0,0,6,6,0,0,0,0,0,3,0,0,0,4,0,4,0,0,0,6,0,8,0,0,0,0,0,0,0,0,0,0,0,0,15,16,29,0,0,0,50,49,96
POA5238,24,10,31,123,106,230,9,13,17,9,15,20,145,129,272,84,77,157,0,6,7,9,16,28,91,95,189,5,3,6,0,6,6,7,11,14,8,22,30,0,0,0,21,38,53,7,13,22,0,9,6,0,0,0,3,9,10,0,0,0,11,34,40,0,0,0,3,11,13,0,0,0,4,8,11,200,209,413,3,11,7,489,535,1024
POA5240,3,0,3,15,11,25,0,0,0,3,3,9,16,16,29,14,9,27,0,0,0,4,9,9,17,18,41,0,0,0,0,0,0,3,0,3,0,0,0,0,0,0,3,3,3,3,5,4,4,0,7,0,0,0,3,3,8,0,0,0,5,7,14,0,0,0,0,0,0,0,0,0,0,0,0,7,6,15,0,0,0,57,55,111
POA5241,10,7,18,95,87,179,4,5,13,30,36,74,133,136,267,44,50,95,7,8,12,23,32,54,77,87,158,3,4,7,3,3,9,5,6,12,4,14,17,0,0,0,15,30,45,7,24,29,0,9,8,3,0,3,3,13,21,0,0,0,18,42,64,0,0,0,0,6,6,0,0,0,0,6,6,35,60,93,3,9,11,293,383,673
POA5242,10,18,28,36,23,65,3,6,12,39,37,75,82,65,151,19,21,42,9,3,8,28,26,53,55,54,109,0,0,0,0,3,3,3,0,10,0,14,13,0,0,0,12,14,24,15,15,25,0,4,6,3,3,9,5,18,24,0,0,0,25,37,65,0,0,0,3,3,7,0,0,0,3,3,3,38,39,77,3,4,8,224,236,461
POA5243,5,0,12,7,17,22,3,0,3,17,19,41,29,33,64,7,10,21,3,11,14,8,17,25,22,37,61,0,0,0,0,0,0,4,0,3,0,8,8,0,0,0,3,5,11,12,13,24,0,3,4,0,0,0,4,3,6,0,0,0,16,19,37,0,0,0,0,0,0,0,0,0,0,0,0,20,28,46,3,4,9,100,134,233
POA5244,28,22,52,127,137,266,5,10,15,55,66,126,197,212,409,69,67,138,0,9,9,59,57,119,129,129,258,10,6,11,0,0,8,12,4,17,8,10,17,0,0,0,27,24,51,25,41,66,3,12,14,6,3,6,16,19,37,0,0,0,48,76,128,3,3,7,0,11,11,0,0,0,6,13,22,159,115,278,7,3,14,605,600,1205
POA5245,13,12,29,62,56,112,6,4,14,68,59,132,135,121,258,34,36,70,10,20,23,58,53,113,99,112,211,0,7,5,3,0,4,10,3,10,4,10,15,0,0,0,20,16,34,25,29,59,7,10,16,8,0,11,11,23,32,0,0,0,56,60,114,6,3,4,4,4,11,0,0,0,8,8,11,100,109,212,0,6,11,434,442,876
POA5250,26,28,51,160,141,307,14,10,25,36,45,82,214,203,415,41,46,88,26,17,48,69,65,134,141,130,263,0,5,5,0,11,9,12,7,14,12,22,28,0,0,0,19,43,65,25,48,75,4,9,16,3,4,10,13,31,47,0,0,0,48,96,147,3,4,4,7,3,7,0,0,0,6,9,16,55,68,120,0,5,5,505,581,1084
POA5251,100,90,187,431,398,830,89,120,208,198,219,411,715,733,1449,216,229,450,100,92,194,161,133,295,478,457,939,22,34,60,7,51,59,39,37,71,34,88,121,0,0,0,100,206,309,99,170,266,49,75,116,16,25,41,41,102,148,0,0,0,207,365,571,9,21,29,12,42,58,3,0,0,29,65,96,354,454,811,17,35,54,2008,2411,4420
POA5252,46,49,96,294,229,520,40,33,72,50,63,115,383,321,708,148,122,265,30,40,73,52,61,115,233,216,451,10,9,18,4,11,13,22,16,44,22,35,59,0,0,3,59,70,133,28,63,90,13,25,41,3,10,13,21,54,75,0,0,0,65,151,215,0,0,3,10,17,32,0,0,0,12,23,31,177,172,349,8,7,13,977,1020,1998
POA5253,109,90,198,409,411,821,222,216,437,137,119,259,766,747,1518,332,373,706,42,33,66,115,91,202,483,495,980,24,28,56,14,31,44,37,46,83,40,94,132,0,0,0,113,204,313,47,86,135,23,30,55,10,15,19,21,66,88,4,0,3,103,199,306,10,27,37,27,40,66,0,0,0,35,68,106,997,678,1678,93,74,165,2706,2558,5265
POA5254,9,17,35,83,76,153,16,8,23,21,19,44,119,103,217,65,64,124,6,3,9,24,12,37,95,72,168,0,3,0,0,3,0,3,5,5,3,11,9,0,0,0,8,16,21,6,14,20,0,4,5,3,0,4,3,9,16,0,0,0,13,33,39,6,0,6,3,3,9,0,0,0,10,3,13,109,86,194,5,3,9,360,338,704
POA5255,52,62,114,286,280,571,42,33,66,86,81,171,412,389,803,218,220,436,20,28,46,64,76,138,302,324,626,8,16,25,7,23,23,20,24,45,16,38,61,0,0,0,56,101,151,30,49,83,15,17,31,9,10,14,12,39,56,0,3,0,71,118,183,4,9,12,5,16,22,0,0,0,10,27,36,300,349,643,7,15,25,1202,1383,2585
POA5256,3,3,7,26,35,57,0,3,3,10,13,18,34,49,80,22,21,40,0,0,0,7,9,11,31,24,56,0,0,3,0,3,4,0,3,6,0,8,9,0,0,0,7,13,21,0,0,3,0,0,0,0,0,0,0,3,5,0,0,0,4,9,10,0,0,0,0,4,5,0,0,0,0,4,5,58,56,113,0,0,0,130,167,295
POA5259,4,6,15,51,30,74,9,0,9,8,3,13,64,30,92,18,30,40,0,3,3,10,4,16,24,35,58,0,0,0,0,0,5,0,0,3,0,3,3,0,0,0,5,3,8,0,8,3,0,0,0,0,0,0,0,4,8,0,0,0,0,13,17,3,0,0,0,4,4,0,0,0,4,3,10,50,46,102,4,5,12,162,146,307
POA5260,4,10,16,56,60,118,0,4,3,8,11,18,71,70,139,54,39,85,4,0,4,3,6,10,60,47,108,0,0,0,0,3,3,0,3,3,0,10,11,0,0,0,3,11,16,0,0,4,0,3,3,0,0,0,0,3,3,0,0,0,0,9,6,0,0,0,3,11,8,0,0,0,3,12,14,59,72,133,7,3,7,206,224,432
POA5261,7,3,7,17,7,22,0,0,0,0,4,3,16,11,27,9,12,26,0,0,3,3,5,10,17,20,32,0,0,0,0,0,0,0,0,0,0,0,0,0,0,0,0,0,3,0,0,3,0,0,0,0,0,0,0,0,0,0,0,0,0,4,4,0,0,0,0,0,0,0,0,0,0,0,0,14,13,26,0,0,0,52,52,109
POA5262,4,3,5,23,17,37,0,0,0,5,4,9,29,19,46,4,5,12,0,0,0,0,0,0,4,5,12,0,0,0,0,0,0,0,0,0,0,0,3,0,0,0,3,3,3,0,0,0,0,0,0,0,0,0,0,0,0,0,0,0,0,3,3,0,0,0,0,4,4,0,0,0,0,4,4,12,14,25,0,0,0,53,47,105
POA5263,0,0,0,3,3,6,0,0,0,0,0,0,4,3,9,0,3,3,4,0,4,3,0,3,3,3,8,0,0,0,0,0,0,0,0,0,0,0,0,0,0,0,0,0,0,0,0,0,0,0,0,0,0,0,0,0,0,0,0,0,0,0,0,0,0,0,0,0,0,0,0,0,0,0,0,10,10,14,0,0,0,15,13,31
POA5264,4,8,15,36,49,86,0,0,0,0,0,0,37,52,89,16,15,34,0,0,0,3,5,10,18,23,42,0,0,0,0,0,0,3,3,4,3,8,5,0,0,0,7,10,9,0,3,6,0,0,0,0,0,0,0,0,0,0,0,0,0,5,8,6,0,9,3,0,5,0,0,0,7,3,10,55,56,111,7,3,4,138,161,293
POA5265,4,0,4,26,24,55,0,0,0,0,0,0,32,25,58,13,3,16,0,0,0,3,7,13,15,9,24,0,0,0,0,0,0,0,0,0,3,0,5,0,0,0,3,3,5,0,0,0,0,3,3,0,0,0,0,0,0,0,0,0,0,6,6,0,0,0,0,0,0,0,0,0,0,0,0,23,24,52,0,0,0,73,72,149
POA5266,10,6,10,30,23,55,0,0,0,0,0,0,30,23,55,11,10,17,0,0,0,4,0,4,14,9,27,0,0,0,0,0,0,0,0,0,0,0,0,0,0,0,0,3,3,0,0,0,0,0,0,0,0,0,0,3,3,0,0,0,0,3,3,0,0,0,0,0,0,0,0,0,0,0,0,25,14,40,0,0,0,76,68,141
POA5267,12,14,24,122,114,238,0,0,0,0,0,3,125,119,238,50,53,98,0,0,0,0,4,4,51,54,106,0,0,0,0,0,0,4,8,13,4,12,15,0,0,0,8,21,29,0,3,3,0,0,0,0,5,3,0,6,7,0,0,0,0,17,17,0,0,0,0,4,4,0,0,0,0,4,4,83,67,153,3,4,8,281,304,583
POA5268,17,28,45,154,146,298,0,0,0,0,4,4,154,148,301,95,90,186,0,0,0,0,4,3,96,98,188,0,4,4,4,4,9,8,6,16,7,16,26,0,0,0,24,31,56,3,6,13,0,4,4,3,3,6,3,11,11,0,0,0,11,22,30,3,0,3,3,3,9,0,0,0,9,3,17,204,173,375,5,11,16,516,506,1025
POA5269,0,0,3,17,13,27,0,0,0,0,0,0,17,13,27,12,5,13,0,0,0,0,0,0,12,5,13,0,0,0,0,0,0,0,0,0,0,3,3,0,0,0,0,3,4,0,0,0,0,0,0,0,0,0,0,0,0,0,0,0,0,0,0,0,0,0,0,0,0,0,0,0,0,0,0,13,13,22,0,0,0,39,35,71
POA5270,0,4,5,37,24,61,0,0,0,0,0,0,37,24,61,17,22,42,0,0,0,3,0,3,20,22,40,0,0,0,0,0,0,0,0,0,0,4,4,0,0,0,0,3,7,0,0,0,0,0,0,0,0,0,0,3,6,0,0,0,0,3,6,0,0,0,0,4,3,0,0,0,0,4,3,19,15,32,0,0,0,78,72,150
POA5271,58,53,115,326,275,607,4,17,21,65,59,121,398,355,751,162,151,311,25,22,42,13,12,27,200,181,383,3,0,5,3,12,15,12,5,15,18,34,49,0,0,0,33,53,82,3,9,13,5,7,10,5,10,10,7,30,34,0,0,0,23,56,70,5,3,6,16,22,33,0,0,0,19,23,46,229,211,446,51,30,77,1008,963,1965
POA5272,6,3,3,53,28,80,0,0,0,0,0,0,55,28,82,26,15,43,0,0,0,0,3,3,26,18,42,0,0,0,0,0,0,0,0,4,0,8,9,0,0,0,0,10,9,0,3,3,0,0,0,0,0,0,0,5,5,0,0,0,0,3,8,0,0,0,0,0,0,0,0,0,0,0,0,10,28,41,0,0,0,96,95,188
POA5273,0,0,0,15,0,12,0,0,0,0,0,0,15,0,12,0,3,6,0,0,0,0,0,0,0,3,6,0,0,0,0,0,0,0,0,0,0,0,0,0,0,0,0,0,0,0,0,0,0,0,0,0,0,0,0,0,3,0,0,0,0,4,3,0,0,0,0,0,0,0,0,0,0,0,0,3,0,3,0,0,0,18,7,24
POA5275,11,7,18,95,79,176,0,0,0,3,0,3,101,81,181,56,46,101,0,0,0,0,0,0,59,46,104,3,6,7,0,3,3,8,3,11,0,8,9,0,0,0,10,16,25,0,5,4,0,3,3,0,0,0,5,0,5,0,0,0,6,9,15,0,0,0,0,7,11,0,0,0,0,7,11,84,96,178,4,10,18,277,270,541
POA5276,11,4,8,35,32,71,0,0,0,0,0,0,35,32,71,27,17,40,0,0,0,0,0,0,26,17,44,0,0,0,0,0,0,0,4,4,4,3,7,0,0,0,9,3,9,3,0,3,0,6,6,0,0,0,0,5,4,0,0,0,0,10,9,0,0,0,0,3,3,0,0,0,0,4,4,58,60,114,15,23,45,154,160,310
POA5277,18,22,39,110,92,201,37,30,68,4,5,8,145,126,275,55,36,92,13,24,41,8,3,11,81,65,143,0,0,0,3,3,10,7,13,15,6,5,15,0,0,0,16,20,40,0,11,10,3,3,6,7,0,7,5,10,15,0,0,0,18,26,39,4,3,7,3,9,11,0,0,0,8,6,13,91,76,168,32,16,41,405,355,760
POA5278,10,3,11,11,17,28,6,6,12,0,0,0,20,17,44,10,3,10,5,0,10,0,0,0,19,3,20,0,0,0,0,0,0,5,0,5,0,3,3,0,0,0,5,7,10,0,0,0,0,0,0,0,0,0,0,3,3,0,0,0,0,3,3,0,0,0,3,3,3,0,0,0,3,3,5,14,16,25,4,0,4,74,51,125
POA5279,0,0,3,26,23,41,3,4,3,0,0,0,28,27,48,9,19,29,3,0,3,3,0,4,15,16,28,0,0,0,0,0,0,3,0,3,0,10,10,0,0,0,4,12,11,0,0,0,0,0,0,0,0,0,0,0,0,0,0,0,0,0,0,0,0,0,0,0,0,0,0,0,0,0,0,25,21,44,0,0,0,65,82,149
POA5280,34,45,76,231,226,461,97,90,189,6,3,13,341,323,663,151,123,280,54,66,121,12,5,14,215,195,413,19,9,25,0,10,10,30,16,45,13,36,44,0,0,0,61,77,136,3,14,19,3,21,24,3,0,3,4,26,30,0,0,0,11,59,72,0,4,5,5,16,22,0,0,0,5,21,25,269,300,562,9,14,20,950,1025,1976
POA5290,165,139,307,930,903,1834,237,195,425,115,108,231,1287,1205,2486,530,565,1099,134,135,267,75,78,147,735,771,1514,23,37,68,31,73,106,55,72,128,57,127,184,0,4,4,171,321,490,61,110,171,21,70,89,12,20,27,54,119,174,0,0,0,142,316,462,23,25,47,37,69,103,3,0,3,56,94,157,770,818,1587,53,48,98,3379,3711,7092
POA5291,64,44,103,366,319,683,100,88,187,48,38,90,509,446,961,180,205,384,72,79,154,23,32,59,278,313,591,7,5,14,0,5,11,39,24,61,15,41,59,0,0,0,62,75,143,7,28,41,4,13,24,3,9,10,11,45,51,0,0,0,25,95,121,8,3,7,9,19,29,0,0,0,16,25,38,765,280,1044,11,10,23,1728,1292,3025
POA5301,9,4,10,27,25,58,0,0,0,8,0,4,33,26,65,15,8,25,0,0,0,3,3,7,18,17,28,0,0,0,0,0,0,0,0,0,0,0,0,0,0,0,0,0,0,0,0,0,0,0,0,0,0,0,0,3,3,0,0,0,0,3,3,0,0,0,0,4,3,0,0,0,0,4,7,16,17,39,0,3,7,78,73,152
POA5302,0,10,11,29,31,66,0,0,0,0,0,0,32,31,66,14,21,36,0,0,0,0,0,0,19,21,40,0,0,0,0,0,0,3,0,3,0,3,3,0,0,0,4,3,10,0,0,0,0,0,0,0,0,0,0,0,0,0,0,0,0,0,0,0,0,4,0,0,0,0,0,0,0,4,9,33,38,70,0,0,0,94,103,197
POA5303,3,0,3,9,10,16,0,0,0,0,0,0,9,10,16,7,0,13,0,0,0,0,0,0,7,0,13,0,0,0,0,0,0,0,0,0,0,0,3,0,0,0,0,0,3,0,0,0,0,0,0,0,0,0,0,0,0,0,0,0,0,0,0,0,0,0,0,0,0,0,0,0,0,0,0,14,15,21,10,11,21,38,43,80
POA5304,0,0,3,27,34,64,0,0,0,0,3,7,29,42,72,16,16,27,0,0,0,0,0,0,20,16,31,0,0,0,3,0,3,0,3,3,0,0,3,0,0,0,3,4,7,0,0,0,0,0,0,0,0,0,0,0,0,0,0,0,3,0,3,0,0,0,0,0,0,0,0,0,0,0,0,39,29,65,8,23,37,101,115,216
POA5306,0,0,0,10,0,10,0,0,0,0,0,0,10,0,10,3,0,3,0,0,0,0,0,0,3,0,3,0,0,0,0,0,0,0,0,0,0,0,0,0,0,0,0,0,0,0,0,0,0,0,0,0,0,0,0,0,0,0,0,0,0,0,0,0,0,0,0,0,0,0,0,0,0,0,0,3,3,10,0,0,0,14,10,26
POA5307,0,3,6,28,24,52,0,0,0,0,0,0,28,24,52,13,15,25,0,0,0,0,3,4,15,14,32,0,0,0,0,0,0,0,5,5,4,4,7,0,0,0,4,9,11,0,0,0,0,0,0,0,0,0,0,0,0,0,0,0,0,3,3,0,0,0,0,3,3,0,0,0,0,3,3,23,23,45,0,0,0,71,74,140
POA5308,0,3,4,16,3,23,0,0,0,0,0,0,16,3,23,0,6,3,0,0,0,0,0,0,0,6,3,0,0,0,0,0,0,0,0,0,0,0,0,0,0,0,0,0,0,0,0,0,0,0,0,0,0,0,0,0,0,0,0,0,0,0,0,0,0,0,0,0,0,0,0,0,0,0,0,3,3,10,0,0,0,20,15,38
POA5309,0,0,0,3,7,11,0,0,0,0,0,0,10,7,13,0,4,8,0,0,0,0,0,0,0,4,8,0,0,0,0,0,0,0,0,0,0,0,0,0,0,0,0,0,0,0,0,0,0,0,0,0,0,0,0,0,0,0,0,0,0,0,0,0,0,0,0,0,0,0,0,0,0,0,0,10,14,19,0,0,0,23,20,41
POA5310,0,0,0,0,5,11,0,0,0,0,0,0,0,5,11,0,0,0,0,0,0,0,0,0,0,0,0,0,0,0,0,0,0,0,0,0,0,0,0,0,0,0,0,0,0,0,0,0,0,0,0,0,0,0,0,0,0,0,0,0,0,0,0,0,0,0,0,0,0,0,0,0,0,0,0,0,3,6,0,0,0,4,12,15
POA5311,0,0,0,10,4,15,0,0,0,7,13,18,17,14,33,16,23,37,0,0,0,0,0,0,16,24,40,0,0,0,0,0,0,0,0,0,0,0,0,0,0,0,0,0,0,0,0,0,0,0,0,0,0,0,0,0,0,0,0,0,0,4,4,0,0,0,0,0,0,0,0,0,0,0,0,10,12,19,0,0,0,45,54,102
POA5320,3,3,7,10,20,29,0,0,0,3,4,5,13,21,32,12,9,16,0,0,0,0,0,0,7,9,18,0,0,0,0,0,0,0,0,0,0,0,3,0,0,0,3,0,4,0,0,0,3,0,3,0,0,0,0,0,0,0,0,0,3,0,4,0,0,0,0,3,3,0,0,0,0,3,3,21,15,35,0,0,0,52,51,105
POA5321,0,0,0,9,5,14,0,0,0,3,3,4,8,7,17,7,4,15,0,0,0,0,0,0,7,4,15,0,0,0,0,0,0,0,0,0,0,0,0,0,0,0,0,3,5,0,0,0,0,0,0,0,0,0,0,0,0,0,0,0,0,0,0,0,0,0,0,0,0,0,0,0,0,0,0,225,17,244,3,0,3,258,30,281
POA5322,0,3,5,26,25,57,0,0,0,12,12,26,42,42,76,30,26,54,0,0,0,0,0,0,27,26,55,3,0,3,0,3,6,3,0,3,0,0,0,0,0,0,9,5,12,0,3,4,0,0,0,0,0,0,0,3,3,0,0,0,0,9,9,0,0,0,3,0,6,0,0,0,3,0,6,42,38,82,9,3,16,134,121,257
POA5330,15,13,31,119,93,213,6,4,7,23,44,67,154,137,288,93,97,191,0,0,0,0,0,3,93,101,193,3,3,5,3,4,5,11,4,11,9,16,18,0,0,0,24,23,42,3,8,5,0,3,8,0,0,0,6,5,12,0,0,0,9,21,29,4,4,10,4,4,12,0,0,0,8,14,22,136,134,269,7,10,16,441,443,886
POA5331,3,5,4,20,8,26,0,0,3,0,0,0,16,13,30,8,11,21,0,0,0,0,0,0,6,11,18,0,0,0,0,3,3,0,0,0,0,0,0,0,0,0,0,4,4,0,0,0,0,0,0,0,0,0,0,0,0,0,0,0,0,0,0,0,0,0,0,0,0,0,0,0,0,0,0,20,16,37,4,3,12,51,53,106
POA5332,5,0,5,14,29,40,0,0,0,0,0,4,13,30,44,13,8,19,0,0,0,0,0,0,13,8,19,0,0,0,0,0,0,0,0,0,3,0,3,0,0,0,3,0,3,0,0,0,0,0,0,0,0,0,0,0,0,0,0,0,0,3,3,0,0,0,0,0,0,0,0,0,0,0,0,18,20,34,0,0,0,47,61,113
POA5333,30,28,61,196,166,366,33,32,59,41,51,94,264,252,516,172,188,364,0,0,0,0,0,0,174,189,361,0,5,7,3,6,7,18,7,23,7,30,42,0,0,0,29,50,80,7,15,22,0,12,12,3,4,6,10,20,27,0,0,0,16,44,66,3,3,8,4,10,17,0,0,0,11,15,24,148,159,303,20,22,39,695,759,1458
POA5340,4,3,13,52,41,89,18,16,30,4,0,6,70,60,125,28,37,56,0,0,0,3,0,3,26,37,65,0,0,0,0,4,4,4,3,8,4,3,8,0,0,0,13,9,25,10,3,10,0,0,0,0,0,0,0,4,4,0,0,0,12,9,18,0,0,0,3,0,0,0,0,0,3,0,0,78,56,135,126,73,193,326,247,571
POA5341,46,41,90,243,236,476,75,62,142,11,4,19,331,310,640,208,220,424,0,0,0,3,3,9,210,223,437,10,10,16,6,12,17,16,15,27,23,34,54,0,0,0,48,68,120,11,18,26,3,17,16,0,4,5,4,15,24,0,0,0,21,46,65,4,5,13,13,21,30,0,0,0,13,25,39,353,326,678,42,41,87,1068,1084,2152
POA5342,0,7,7,44,51,96,0,3,9,8,7,14,56,62,117,49,29,78,0,0,0,0,7,9,48,35,83,3,0,4,0,0,0,0,0,0,6,3,4,0,0,0,8,9,15,0,4,8,0,0,3,0,0,0,0,3,4,0,0,0,3,10,15,0,3,3,0,0,0,0,0,0,0,5,5,25,25,49,4,0,7,145,149,289
POA5343,27,26,55,157,145,305,47,40,83,28,21,46,230,205,437,142,131,273,0,0,0,0,0,0,142,129,272,9,8,21,5,7,13,16,5,19,10,15,30,0,0,0,41,34,78,3,18,20,9,8,11,0,4,4,11,25,32,0,0,0,20,47,64,0,4,7,12,11,22,0,0,0,13,12,25,215,209,423,34,27,62,722,697,1418
POA5344,6,3,9,50,23,71,11,8,15,3,9,7,59,35,97,39,31,65,0,0,0,0,0,0,39,31,65,0,0,0,0,0,0,0,3,0,0,4,7,0,0,0,3,7,17,0,8,8,0,0,0,0,0,0,0,3,4,0,0,0,4,8,16,0,0,3,3,3,7,0,0,0,0,7,6,52,42,95,0,0,0,167,139,305
POA5345,15,19,35,134,111,246,19,15,40,5,9,16,164,135,297,95,84,177,0,0,0,0,0,5,92,91,183,0,3,4,0,11,11,7,11,14,10,8,21,0,0,0,19,29,55,7,4,11,3,8,10,0,0,0,6,13,17,0,0,0,13,22,38,3,0,3,0,9,9,0,0,0,4,12,16,136,156,295,10,26,39,467,482,944
POA5346,0,0,0,15,15,31,0,0,3,0,0,0,21,14,35,9,12,22,0,0,0,0,0,0,9,12,22,0,0,0,0,0,0,0,0,0,0,3,3,0,0,0,0,3,3,0,0,0,0,0,0,0,0,0,0,0,0,0,0,0,0,3,3,0,0,0,0,0,0,0,0,0,0,0,0,21,13,38,0,0,3,52,48,104
POA5350,4,3,3,14,10,26,6,3,7,13,11,27,34,26,58,4,3,12,7,6,15,3,7,19,17,20,40,0,3,3,0,0,0,4,0,7,0,3,6,0,0,0,3,9,12,0,3,6,0,0,0,0,0,0,0,3,0,0,0,0,4,8,11,0,0,0,0,0,0,0,0,0,0,0,0,21,11,33,0,0,3,82,79,165
POA5351,50,26,84,181,146,323,13,14,25,122,118,248,317,277,592,84,86,165,33,26,54,78,84,164,194,191,387,9,4,14,4,11,10,21,12,29,18,18,33,0,0,0,46,45,93,23,40,68,9,11,26,0,14,11,13,28,48,0,0,0,52,99,156,5,4,3,4,10,15,0,0,0,6,14,22,192,192,390,3,11,9,864,863,1731
POA5352,39,27,64,131,116,252,0,5,4,117,96,213,251,214,466,70,53,124,4,0,4,80,80,159,154,136,285,3,3,9,4,7,12,14,6,17,13,23,31,0,0,0,33,31,69,20,22,38,3,8,12,3,4,7,22,28,41,0,0,0,47,60,106,3,0,7,10,12,26,0,0,0,14,19,34,227,197,427,33,39,76,802,723,1527
POA5353,29,26,54,120,117,243,0,0,0,60,54,111,185,169,359,84,70,152,0,0,0,23,33,54,104,102,209,0,3,4,0,4,4,17,11,30,7,18,23,0,0,0,27,38,57,7,15,26,3,3,13,0,0,0,9,15,20,0,0,0,19,41,54,4,0,3,3,8,9,0,0,0,3,9,15,115,121,235,3,8,12,483,507,991
POA5354,0,3,3,5,3,15,0,0,0,0,0,0,5,3,15,7,3,9,0,0,0,0,3,3,7,7,13,0,0,0,0,0,0,0,0,0,0,0,0,0,0,0,0,0,0,0,0,0,0,0,0,0,0,0,0,3,3,0,0,0,0,3,3,0,0,0,0,0,0,0,0,0,0,0,0,18,11,34,3,4,11,38,38,77
POA5355,46,48,97,229,253,480,3,4,4,155,146,302,386,401,786,178,166,345,9,0,4,42,49,91,222,218,443,3,10,12,4,15,20,16,5,25,29,37,62,0,0,0,52,66,122,9,27,34,3,4,7,0,4,3,16,32,49,0,0,0,32,66,102,5,9,11,8,21,23,0,0,0,9,21,35,171,183,351,15,13,23,937,1019,1959
POA5356,3,3,6,36,23,51,0,0,0,7,7,18,44,25,68,24,29,50,0,0,0,5,0,5,29,29,53,0,0,0,0,0,3,0,0,0,3,7,7,0,0,0,4,4,8,0,0,0,0,0,0,0,0,0,0,6,6,0,0,0,0,7,10,0,0,0,0,0,0,0,0,0,0,0,3,19,21,44,3,3,3,104,96,202
POA5357,0,7,4,12,17,21,0,0,0,0,0,0,12,17,21,6,8,12,0,0,0,0,0,0,6,8,12,0,0,0,0,0,0,0,0,3,0,0,0,0,0,0,0,3,3,0,0,0,0,0,0,0,0,0,0,0,0,0,0,0,0,0,0,0,0,0,0,0,0,0,0,0,0,0,0,30,24,56,0,0,0,44,59,103
POA5360,8,6,13,43,32,79,3,0,3,14,19,37,60,53,114,22,33,57,0,0,0,9,10,22,38,43,77,0,0,0,0,3,3,7,0,5,5,0,3,0,0,0,11,6,15,10,4,16,0,3,3,0,0,0,0,9,7,0,0,0,12,13,25,0,0,0,0,0,0,0,0,0,0,3,4,22,26,46,3,0,3,154,147,308
POA5371,11,10,17,74,46,115,7,3,17,14,11,28,98,58,157,20,22,44,20,26,45,10,9,19,48,57,106,3,0,3,0,5,5,6,5,9,3,3,7,0,0,0,10,16,21,13,16,27,7,3,8,0,0,0,0,5,5,0,0,0,18,22,38,0,0,0,0,3,3,0,0,0,0,3,3,17,20,39,0,0,5,206,182,388
POA5372,10,12,27,145,110,252,3,3,10,10,11,21,159,125,285,55,47,102,14,6,17,6,6,8,72,57,131,6,3,3,0,4,9,8,9,18,7,15,21,0,0,0,26,24,53,3,18,18,0,4,4,0,3,4,6,16,16,0,0,0,10,41,50,3,3,3,0,9,4,0,0,0,3,7,13,60,59,119,0,3,3,342,328,670
POA5373,20,29,42,148,137,287,0,0,0,18,21,38,166,156,326,95,85,185,3,3,4,19,11,31,115,102,218,0,4,4,3,9,8,10,6,16,8,19,29,0,0,0,17,40,63,4,22,29,3,8,12,0,3,9,0,15,12,0,0,0,16,45,63,0,3,3,3,10,18,0,0,0,3,13,23,107,106,209,5,14,18,452,506,960
POA5374,7,10,15,21,24,42,0,0,0,32,46,76,49,69,117,40,36,78,0,0,0,15,9,28,60,44,105,0,0,0,0,0,0,12,0,12,3,5,11,0,0,0,14,11,19,5,4,8,0,0,0,0,0,0,0,4,4,0,0,0,7,9,14,0,0,0,0,3,4,0,0,0,0,3,4,52,43,98,0,4,4,186,186,378
POA5381,0,5,6,8,12,17,0,0,0,7,6,11,12,15,25,13,10,25,0,0,0,0,3,3,13,16,29,0,0,0,0,0,0,0,0,3,3,0,3,0,0,0,0,0,3,0,0,0,0,0,0,0,0,0,0,0,0,0,0,0,0,0,0,0,0,0,0,0,0,0,0,0,0,0,0,19,14,36,0,0,0,51,51,100
POA5400,9,8,14,34,27,58,12,3,13,13,6,23,51,39,95,11,11,26,3,11,13,3,3,7,18,24,42,0,0,0,0,0,3,0,0,0,3,5,10,0,0,0,3,12,12,34,89,122,7,16,25,0,0,0,3,0,5,0,0,0,43,107,147,0,0,0,0,5,7,0,0,0,0,3,8,22,26,49,0,5,8,147,220,371
POA5401,7,7,16,39,28,65,0,0,3,8,3,10,51,31,78,19,8,27,0,0,0,0,8,17,22,22,44,3,3,9,0,0,0,0,3,3,3,4,5,0,0,0,5,7,16,4,0,4,0,0,0,0,0,0,0,5,5,0,0,0,4,8,10,0,0,0,0,4,5,0,0,0,0,4,5,32,43,75,0,0,4,128,126,256
POA5410,0,0,5,10,14,28,0,0,0,0,0,0,13,14,27,0,8,11,0,3,3,3,3,5,0,13,17,0,0,0,0,0,0,0,3,3,3,3,3,0,0,0,3,5,5,0,3,3,0,4,4,0,0,0,0,0,0,0,0,0,0,4,4,0,0,0,0,0,0,0,0,0,0,0,0,15,19,34,0,0,0,35,61,94
POA5411,3,3,7,17,13,36,0,0,0,4,5,7,19,19,36,7,10,19,0,0,0,0,4,3,7,17,24,0,0,0,0,0,0,0,0,0,0,3,3,0,0,0,0,6,6,0,3,3,0,0,0,0,0,0,0,0,0,0,0,0,0,3,3,0,0,0,0,0,0,0,0,0,0,0,0,15,14,33,0,0,0,49,63,110
POA5412,10,3,10,43,38,83,0,0,0,0,0,3,50,38,84,26,19,49,0,0,0,11,12,22,36,33,73,0,0,0,0,4,4,0,3,4,3,3,8,0,0,0,3,12,12,0,0,0,0,0,0,0,0,0,0,4,4,0,0,0,0,9,6,0,0,0,0,4,4,0,0,0,0,4,7,30,31,59,0,4,4,128,129,258
POA5413,4,6,13,37,31,61,0,0,0,9,8,12,38,34,75,11,20,28,0,0,0,10,6,11,20,25,43,0,0,0,0,4,4,0,0,0,4,0,8,0,0,0,3,5,13,0,0,0,0,3,3,0,0,0,0,0,0,0,0,0,0,3,3,0,0,0,0,0,3,0,0,0,0,3,4,28,27,60,0,0,0,99,107,205
POA5414,0,0,4,5,5,9,0,0,0,0,0,0,5,5,9,3,3,9,0,3,3,0,0,0,3,4,13,0,0,0,0,0,0,0,0,0,0,0,0,0,0,0,0,0,0,0,0,0,0,0,0,0,0,0,0,0,0,0,0,0,0,0,3,0,0,0,0,0,0,0,0,0,0,0,0,11,7,22,0,0,0,26,26,49
POA5415,0,0,0,3,3,11,0,0,4,3,0,4,8,4,17,3,3,10,0,0,0,0,0,0,3,3,10,0,0,0,0,0,0,0,3,3,0,0,0,0,0,0,0,3,3,0,0,3,0,0,0,0,0,0,0,0,0,0,0,0,3,6,8,0,0,0,0,0,0,0,0,0,0,0,0,8,6,13,0,0,0,22,29,48
POA5416,0,0,3,4,4,12,0,7,3,4,3,9,8,18,26,10,9,21,0,0,0,0,0,0,10,9,21,0,0,0,0,0,0,0,0,0,0,0,3,0,0,0,0,0,3,0,0,0,0,0,0,0,0,0,0,0,0,0,0,0,0,0,0,0,0,0,0,0,0,0,0,0,0,0,0,5,10,16,0,0,0,30,40,74
POA5417,9,6,20,49,71,120,3,5,9,8,3,11,54,81,134,25,41,65,0,0,0,0,0,0,25,44,68,0,0,0,0,0,0,0,4,3,3,14,16,0,0,0,8,14,23,0,8,8,0,0,0,0,0,0,0,10,9,0,0,0,0,20,21,0,0,0,0,5,5,0,0,0,0,5,5,74,76,149,3,5,4,183,246,426
POA5418,0,0,0,7,6,11,0,0,0,0,0,0,7,6,11,3,0,6,0,0,0,0,0,0,3,0,6,0,0,0,0,0,0,0,0,0,0,0,0,0,0,0,0,0,0,0,0,0,0,0,0,0,0,0,0,0,0,0,0,0,0,3,3,0,0,0,0,0,0,0,0,0,0,0,0,10,0,8,0,0,0,13,14,27
POA5419,0,0,0,3,4,8,0,0,0,0,0,0,3,4,11,4,5,11,0,0,0,0,0,0,4,5,11,0,0,0,0,0,0,0,0,0,0,0,0,0,0,0,0,0,0,0,0,0,0,0,0,0,0,0,0,0,0,0,0,0,0,3,3,0,0,0,0,0,0,0,0,0,0,0,0,3,3,8,0,0,0,10,19,32
POA5420,0,3,3,0,0,3,0,0,0,0,0,0,0,4,4,4,3,9,0,0,0,0,0,0,4,3,9,0,0,0,0,0,0,0,0,0,0,0,0,0,0,0,0,0,0,0,0,0,0,0,0,0,0,0,0,0,0,0,0,0,0,0,0,0,0,0,0,0,0,0,0,0,0,0,0,6,3,13,0,0,0,11,16,26
POA5421,0,0,0,3,4,7,0,0,0,0,0,0,3,4,7,3,3,4,0,0,0,0,0,0,3,3,4,0,0,0,0,0,0,0,0,0,0,4,4,0,0,0,0,7,3,0,0,0,0,0,0,0,0,0,0,0,0,0,0,0,0,0,0,0,0,0,0,0,0,0,0,0,0,0,0,13,8,27,0,0,0,18,23,44
POA5422,5,3,9,20,36,59,35,23,57,0,0,0,54,59,114,43,34,78,0,0,0,4,0,4,47,34,76,3,0,3,3,3,5,3,5,5,5,10,13,0,0,0,15,14,27,0,0,0,0,0,0,0,0,0,0,0,4,0,0,0,0,4,8,0,0,0,0,3,3,0,0,0,0,3,3,84,83,162,10,3,9,207,205,420
POA5431,4,3,7,39,32,71,0,0,0,0,0,0,39,32,71,24,34,53,0,0,0,0,0,0,24,34,53,0,0,0,0,0,0,6,0,6,3,6,12,0,0,0,7,10,17,0,0,3,0,0,0,0,0,0,0,4,4,0,0,0,0,5,11,0,0,0,0,0,0,0,0,0,0,0,0,48,53,98,5,0,7,131,138,263
POA5432,0,0,0,9,0,7,0,0,0,0,0,0,9,0,7,0,0,3,0,0,0,0,0,0,0,0,3,0,0,0,0,0,0,0,0,0,0,0,0,0,0,0,0,0,0,0,0,0,0,0,0,0,0,0,0,0,0,0,0,0,0,0,0,0,0,0,0,0,0,0,0,0,0,0,0,5,8,9,3,0,3,19,8,24
POA5433,0,9,7,40,39,74,8,6,13,0,0,0,51,42,94,33,32,67,3,0,4,0,0,0,34,31,69,0,0,0,0,0,0,0,0,3,5,8,17,0,0,0,9,9,20,0,0,0,0,3,4,0,0,0,3,8,10,0,0,0,6,8,11,0,0,0,0,3,3,0,0,0,0,6,6,43,49,93,4,0,4,144,159,302
POA5434,4,5,8,12,12,26,3,4,3,0,0,0,19,13,34,3,8,6,0,0,0,0,0,0,3,8,12,0,0,0,0,0,0,0,0,0,0,0,0,0,0,0,0,0,0,0,0,0,0,0,0,0,0,3,0,5,5,0,0,0,0,5,3,0,0,0,0,0,0,0,0,0,0,0,0,107,105,213,18,24,37,150,158,308
POA5440,0,0,0,5,6,10,0,0,0,0,0,0,5,6,10,0,3,3,0,0,0,0,0,0,0,3,3,0,0,0,0,0,0,0,0,0,0,0,3,0,0,0,0,0,3,0,0,0,0,0,0,0,0,0,0,0,0,0,0,0,3,0,3,0,0,0,0,0,0,0,0,0,0,0,0,24,15,45,0,0,0,30,34,64
POA5451,9,0,9,27,20,49,0,0,0,3,0,3,30,20,53,15,13,30,0,0,0,3,0,6,22,9,30,3,0,3,0,3,3,0,5,4,0,3,3,0,0,0,6,9,15,0,3,3,0,0,0,0,0,0,0,9,9,0,0,0,0,11,10,0,3,3,0,3,3,0,0,0,0,4,4,34,41,77,0,4,4,95,103,203
POA5452,3,3,10,25,19,43,0,3,6,0,0,0,27,25,51,15,6,24,0,0,0,0,0,0,20,9,24,0,0,0,0,0,0,0,0,0,0,0,3,0,0,0,0,3,4,3,3,3,0,0,0,0,0,0,0,0,0,0,0,0,3,6,5,0,0,0,0,3,3,0,0,0,0,3,3,10,18,28,0,0,0,69,60,126
POA5453,40,36,80,102,110,215,98,108,199,31,31,60,222,251,473,125,127,248,0,0,0,9,9,19,142,137,276,9,3,11,3,4,11,11,12,20,13,25,31,0,0,0,31,40,76,8,7,15,5,11,16,3,0,3,15,19,40,0,0,0,26,35,66,3,3,6,7,11,16,0,0,0,9,14,26,173,171,337,6,10,21,649,695,1346
POA5454,3,0,5,15,16,29,4,3,4,6,0,6,18,19,40,7,9,19,0,0,0,0,0,0,7,9,19,0,0,0,0,0,0,0,3,3,0,0,3,0,0,0,0,3,5,0,0,0,0,0,0,0,0,0,0,0,3,0,0,0,0,4,4,0,0,0,0,0,0,0,0,0,0,4,3,10,7,21,0,0,0,45,49,93
POA5455,0,0,0,0,3,3,0,3,3,3,0,3,5,3,11,3,5,7,0,0,0,0,0,0,3,5,7,0,0,0,0,0,0,0,0,0,0,0,0,0,0,0,0,0,0,0,0,0,0,0,0,0,0,0,0,0,0,0,0,0,0,4,4,0,0,0,0,0,0,0,0,0,0,0,0,4,4,5,0,0,0,10,14,26
POA5460,0,5,6,32,38,65,0,3,5,4,6,7,31,42,76,21,29,47,0,3,3,4,3,13,26,37,61,0,0,0,0,0,0,4,3,7,0,7,4,0,0,0,8,9,14,3,3,4,0,3,3,0,0,0,0,0,0,0,0,0,3,6,9,0,3,3,4,3,4,0,0,0,4,3,8,18,25,40,0,0,0,97,123,217
POA5461,20,18,39,69,65,129,0,3,3,35,44,73,100,111,211,51,40,95,0,0,3,25,29,54,79,76,153,0,0,0,0,0,0,4,3,6,11,11,15,0,0,0,13,15,31,0,12,13,0,3,4,0,0,3,3,8,15,0,0,0,8,18,29,0,3,3,4,6,7,0,0,0,6,6,12,86,89,172,4,14,15,314,342,652
POA5462,8,4,8,23,21,42,3,7,6,4,4,5,28,29,52,15,18,33,0,0,0,3,3,4,18,22,37,0,0,0,0,0,0,0,0,0,0,6,8,0,0,0,0,6,6,0,3,3,0,0,0,0,0,0,0,3,3,0,0,0,0,6,6,0,0,0,0,0,0,0,0,0,0,0,0,12,10,25,0,0,0,61,83,144
POA5464,12,0,13,24,15,45,3,0,7,5,3,6,39,20,59,18,15,35,0,0,0,0,0,3,21,14,37,0,0,3,0,0,0,0,4,4,0,3,3,0,0,0,0,11,11,0,3,3,0,0,0,0,0,0,0,0,0,0,0,0,0,3,3,0,0,0,0,0,0,0,0,0,0,0,0,26,12,39,0,0,0,98,67,162
POA5470,3,0,3,0,0,3,0,0,0,0,0,0,0,0,3,3,0,6,0,0,0,0,0,0,3,0,6,0,0,0,0,0,0,0,0,0,0,0,0,0,0,0,4,0,5,0,0,0,0,0,0,0,0,0,0,0,0,0,0,0,0,0,0,0,0,0,0,0,0,0,0,0,0,0,0,8,3,10,0,0,0,15,8,25
POA5471,0,0,3,5,0,5,0,0,0,0,0,0,5,0,5,0,6,8,0,0,0,0,0,0,0,3,9,0,0,0,0,0,0,0,0,0,0,0,0,0,0,0,0,0,0,0,0,0,0,0,0,0,0,0,0,0,0,0,0,0,0,0,0,0,0,0,0,0,0,0,0,0,0,0,0,0,3,3,0,0,0,14,10,21
POA5472,0,0,0,5,8,11,0,7,7,0,0,0,5,11,11,0,8,10,0,0,0,0,0,0,0,9,12,0,0,0,0,0,0,0,0,0,0,0,0,0,0,0,0,0,0,0,0,0,0,0,0,0,0,0,0,0,0,0,0,0,0,0,0,0,0,0,0,0,0,0,0,0,0,0,0,9,9,17,0,0,0,20,23,39
POA5473,6,3,7,29,26,56,13,11,30,0,3,3,47,42,89,13,17,26,0,0,3,0,0,3,13,20,35,0,3,3,0,6,6,0,0,0,0,3,4,0,0,0,0,10,10,0,0,0,0,0,0,0,0,0,0,3,3,0,0,0,0,6,6,0,0,0,0,0,0,0,0,0,0,0,0,28,23,51,3,0,0,100,107,203
POA5480,12,5,13,20,18,38,12,3,15,0,0,0,36,18,58,20,7,28,0,0,0,0,4,4,21,18,33,0,3,3,0,0,0,3,0,3,0,4,3,0,0,0,5,10,8,0,0,0,0,0,0,0,0,0,0,3,3,0,0,0,0,3,3,0,0,0,0,3,3,0,0,0,0,3,3,29,19,50,0,0,0,98,75,173
POA5481,3,0,3,21,21,41,0,0,0,0,0,0,21,21,41,14,15,24,0,0,0,0,0,3,19,13,32,0,0,0,0,0,0,4,0,4,0,3,3,0,0,0,4,4,4,0,0,0,0,0,0,0,0,0,0,7,7,0,0,0,0,5,5,0,0,0,0,0,0,0,0,0,0,0,0,14,16,30,0,0,0,54,57,109
POA5482,4,3,8,15,20,37,0,0,0,0,0,0,15,20,37,19,22,35,0,0,0,0,0,0,19,22,35,0,0,0,0,0,0,3,0,3,0,5,6,0,0,0,0,5,6,0,0,0,0,0,0,0,0,0,0,0,0,0,0,0,0,3,6,0,0,0,0,0,0,0,0,0,0,0,0,11,16,30,0,0,0,54,65,119
POA5483,0,4,3,23,15,38,0,0,0,0,0,0,23,15,38,12,6,16,0,0,0,0,0,0,12,6,16,0,0,0,0,4,4,0,0,0,0,0,3,0,0,0,0,6,7,0,0,0,0,0,0,0,0,0,0,3,3,0,0,0,0,0,7,0,0,0,0,0,0,0,0,0,0,0,0,16,15,31,0,0,0,54,44,100
POA5485,0,6,5,20,22,43,0,0,0,0,0,0,20,18,44,20,15,30,0,0,0,0,0,0,20,14,32,0,0,0,0,0,0,0,0,3,0,0,3,0,0,0,3,3,5,0,0,0,0,0,0,0,0,0,0,0,0,0,0,0,0,3,6,0,0,0,0,0,0,0,0,0,0,4,4,22,26,50,0,0,0,68,71,145
POA5490,0,0,0,0,7,6,4,0,4,0,0,0,5,7,14,0,3,7,3,3,7,0,0,0,4,6,10,0,0,0,0,0,0,0,0,0,3,3,4,0,0,0,3,4,7,0,0,0,0,0,0,0,0,0,0,0,0,0,0,0,0,0,0,0,0,0,0,0,0,0,0,0,0,0,0,13,11,25,0,0,0,28,31,56
POA5491,7,7,11,45,40,81,23,37,64,0,0,0,67,76,151,44,29,79,3,3,8,0,0,0,51,33,85,0,0,0,0,3,3,3,0,5,10,6,8,0,0,0,8,7,22,0,5,5,0,6,3,0,3,3,3,8,8,0,0,0,3,15,23,0,0,6,0,0,0,0,0,0,5,0,6,65,61,132,9,0,10,218,213,427
POA5493,0,0,0,3,0,3,4,3,3,0,0,0,3,3,8,6,3,6,0,0,0,0,0,0,6,3,6,0,0,0,0,0,0,0,0,0,0,0,0,0,0,0,0,0,0,0,0,0,0,0,0,0,0,0,0,0,0,0,0,0,0,0,0,0,0,0,0,3,3,0,0,0,0,3,3,5,0,6,0,0,0,17,9,29
POA5495,3,0,0,8,11,23,4,0,5,0,0,0,14,13,29,6,7,13,6,4,4,0,0,3,10,14,20,0,0,0,0,0,0,0,3,4,4,3,4,0,0,0,4,4,12,0,0,0,0,3,3,0,0,0,0,0,0,0,0,0,0,7,9,0,0,0,0,0,0,0,0,0,0,0,0,42,36,78,0,0,0,75,77,156
POA5501,44,46,92,272,217,495,28,36,71,95,77,173,397,330,729,109,114,219,41,50,94,73,62,131,222,220,446,7,10,18,7,18,21,12,31,40,12,43,52,0,0,0,36,95,130,37,30,62,0,19,25,6,0,5,10,18,26,0,0,0,46,69,118,0,10,13,5,16,26,0,0,0,14,26,37,291,253,537,11,3,15,1066,1045,2110
POA5502,17,9,20,46,45,93,5,4,9,11,11,24,67,58,125,20,23,42,13,14,22,8,17,25,41,46,91,3,0,3,0,3,3,0,4,7,5,3,9,0,0,0,13,15,22,5,14,22,0,4,4,0,0,0,0,5,4,0,0,0,8,21,30,0,0,0,0,7,7,0,0,0,0,6,7,47,60,107,0,0,0,197,213,408
POA5510,0,0,0,3,0,4,0,0,0,3,3,4,4,6,6,0,0,3,0,0,0,0,0,3,4,3,4,0,0,0,0,0,0,0,0,0,0,3,3,0,0,0,0,3,3,0,0,0,0,0,0,0,0,0,0,0,0,0,0,0,0,0,0,0,0,0,0,3,3,0,0,0,0,3,3,3,0,6,3,0,3,13,18,30
POA5520,0,0,3,36,25,58,0,0,0,0,0,0,36,25,57,17,12,28,0,0,0,0,0,0,13,12,28,0,0,0,0,0,0,0,0,0,0,9,9,0,0,0,0,7,12,0,0,0,0,0,0,0,0,0,0,0,0,0,0,0,0,3,3,0,0,4,0,0,0,0,0,0,0,3,3,14,11,23,0,0,0,67,64,130
POA5521,0,0,4,5,5,18,0,0,0,0,0,0,5,5,18,3,9,10,0,0,0,0,0,0,3,9,10,0,0,0,0,0,0,3,0,3,0,0,0,0,0,0,5,0,4,0,0,0,0,0,0,0,0,0,0,0,0,0,0,0,0,0,0,0,0,0,0,0,0,0,0,0,0,0,0,0,3,11,0,0,0,21,26,45
POA5522,7,6,14,40,26,68,0,0,0,0,0,7,43,34,77,15,28,47,0,0,0,0,0,0,15,28,44,0,0,0,0,0,0,0,0,0,3,5,12,0,0,0,3,4,10,0,0,0,0,3,3,0,0,0,3,3,5,0,0,0,3,6,12,0,0,0,0,0,0,0,0,0,0,0,0,55,71,127,0,0,0,135,149,281
POA5523,8,12,22,83,100,176,3,8,12,0,3,5,85,109,196,19,25,45,15,13,31,6,3,7,45,44,89,0,0,0,7,4,7,3,3,9,4,8,7,0,0,0,13,19,29,0,4,7,0,4,7,0,3,3,3,10,13,0,0,0,8,23,31,0,0,0,3,3,8,0,0,0,4,3,12,60,57,116,0,3,3,218,267,486
POA5540,94,70,170,413,381,789,210,209,422,54,56,111,675,641,1318,266,252,517,181,181,363,46,56,95,486,485,974,16,25,45,4,34,45,39,35,75,46,51,96,0,0,3,108,154,260,17,36,50,4,23,27,3,12,15,19,51,67,0,0,0,39,120,157,18,21,31,8,25,31,0,0,0,23,44,65,548,546,1092,26,18,45,2006,2081,4091
POA5550,5,10,9,38,31,70,0,3,3,13,6,18,52,38,89,20,14,38,0,0,0,8,6,11,27,21,49,3,0,3,0,0,0,3,3,7,7,4,12,0,0,0,9,5,20,0,0,0,3,0,4,0,0,0,0,0,0,0,0,0,3,5,5,0,0,0,0,3,3,0,0,0,0,3,6,23,28,54,0,3,3,122,122,241
POA5552,4,3,9,14,9,29,0,0,0,3,10,13,20,20,41,8,7,13,0,0,0,4,0,4,13,6,18,0,0,0,0,0,0,0,0,0,0,0,0,0,0,0,0,0,0,0,0,0,0,0,0,0,0,0,0,3,4,0,0,0,0,3,3,0,0,0,0,0,0,0,0,0,0,0,0,26,26,47,0,0,0,60,57,116
POA5554,31,20,52,208,159,374,23,17,41,25,36,55,250,210,465,167,151,312,0,3,3,14,14,29,182,167,351,4,4,8,3,0,5,6,9,17,9,20,32,0,0,0,20,42,68,0,13,11,3,4,6,0,0,0,3,12,19,0,0,0,9,32,40,5,3,3,4,15,19,0,0,0,10,20,22,230,219,446,3,8,12,736,717,1456
POA5555,3,0,3,14,7,26,0,0,0,0,0,0,16,7,23,10,8,15,0,0,0,0,0,0,6,10,19,0,3,3,0,0,0,0,0,0,0,0,0,0,0,0,0,3,3,0,0,0,0,0,0,0,0,0,3,0,3,0,0,0,3,0,3,0,0,0,0,0,0,0,0,0,0,0,0,17,13,28,0,0,0,43,48,85
POA5556,23,20,43,117,83,198,23,34,61,6,10,13,144,124,269,96,70,167,0,0,0,6,3,10,101,72,181,4,3,7,3,5,5,6,8,19,8,16,17,0,0,0,25,33,52,0,9,13,3,4,7,4,0,3,3,12,18,0,0,0,11,31,41,0,3,5,3,5,12,0,0,0,4,14,16,181,182,363,8,3,15,497,474,979
POA5558,27,18,44,131,114,241,18,13,30,15,25,43,173,147,319,98,88,188,3,0,3,17,20,40,124,106,230,0,0,3,0,5,9,10,0,16,3,11,17,0,0,0,16,20,44,3,7,13,4,7,6,0,0,3,3,14,12,0,0,0,10,26,39,5,0,8,3,11,19,0,0,0,10,13,19,174,208,380,0,3,3,527,547,1076
POA5560,6,4,12,20,23,41,0,0,0,0,3,3,20,21,46,12,4,24,0,0,0,0,0,3,15,8,24,0,0,0,0,0,0,0,0,0,0,3,4,0,0,0,4,4,9,0,0,0,0,0,0,0,0,0,0,0,0,0,0,0,0,0,0,0,0,0,0,3,6,0,0,0,0,3,6,12,7,20,0,0,0,59,52,109
POA5570,0,0,3,3,7,14,0,0,0,4,3,6,12,12,17,6,6,8,0,0,0,0,0,0,4,6,9,0,0,0,0,0,0,0,0,0,0,3,3,0,0,0,0,7,7,0,0,0,0,0,0,0,0,0,0,0,0,0,0,0,0,3,3,0,0,0,0,0,0,0,0,0,0,0,0,32,24,56,0,0,0,50,50,100
POA5571,3,4,6,48,40,91,0,0,0,18,6,24,62,51,113,29,22,51,0,0,0,3,10,13,35,31,68,0,0,0,0,0,5,0,0,0,3,3,5,0,0,0,6,5,7,0,3,3,0,0,0,0,0,0,0,4,4,0,0,0,0,9,9,0,0,3,0,3,3,0,0,0,0,4,7,60,53,113,0,0,0,173,150,321
POA5572,0,3,3,3,8,8,0,0,0,0,0,0,3,8,8,7,3,11,0,0,0,0,0,0,3,3,7,0,0,0,0,0,0,0,0,0,0,0,0,0,0,0,0,0,0,0,0,0,0,0,0,0,0,0,0,0,0,0,0,0,0,3,3,0,0,0,0,0,0,0,0,0,0,0,0,6,4,6,0,0,0,12,21,33
POA5573,6,11,17,46,51,94,4,5,9,42,50,94,95,108,204,38,27,60,3,0,3,18,7,24,53,32,92,3,0,5,4,3,6,0,3,4,0,5,5,0,0,0,7,11,19,5,8,10,0,3,3,0,3,3,3,6,11,0,0,0,3,22,22,0,0,3,3,7,10,0,0,0,7,9,14,57,55,115,0,3,3,240,246,485
POA5575,14,8,25,95,74,172,0,0,0,4,7,11,101,88,187,53,50,101,0,0,0,5,8,11,56,59,113,0,0,0,0,3,3,3,3,7,3,6,9,0,0,0,8,13,17,4,6,6,3,3,3,0,0,0,0,5,6,0,0,0,8,7,12,0,0,0,0,3,10,0,0,0,0,9,11,67,67,136,3,3,3,253,252,505
POA5576,3,8,9,27,21,44,25,15,43,0,0,0,57,33,94,24,26,51,0,0,3,3,3,5,28,27,61,0,0,0,0,0,0,0,3,3,0,0,0,0,0,0,0,3,3,0,0,0,0,0,0,0,0,0,0,5,5,0,0,0,0,13,13,3,0,3,0,5,8,0,0,0,3,9,7,17,18,34,3,0,0,113,109,222
POA5577,4,0,4,12,18,36,0,0,0,0,0,0,15,18,37,13,7,22,0,0,0,0,0,3,11,7,26,0,0,0,0,0,0,0,3,5,0,0,0,0,0,0,0,5,5,0,0,0,0,0,0,0,0,0,3,0,3,0,0,0,3,0,4,0,0,0,0,0,0,0,0,0,0,3,3,11,13,32,3,0,0,53,53,103
POA5580,0,3,3,12,8,17,0,0,0,0,3,3,10,16,21,6,3,10,0,0,0,3,3,3,8,3,15,0,0,0,0,0,0,0,0,0,0,0,0,0,0,0,0,0,0,0,0,0,0,0,0,0,0,0,0,0,0,0,0,0,0,3,0,0,0,0,0,3,3,0,0,0,0,3,3,4,12,15,0,0,0,24,38,62
POA5581,0,0,3,5,5,11,0,0,0,0,0,0,5,5,11,7,3,7,0,0,0,0,0,0,7,3,7,0,0,0,0,0,0,0,0,0,0,0,0,0,0,0,0,3,3,0,0,3,0,0,0,0,0,0,0,0,0,0,0,0,0,3,3,0,0,0,0,0,0,0,0,0,0,3,3,16,13,27,0,0,0,27,35,60
POA5582,6,7,12,11,12,23,3,0,4,0,0,0,18,14,28,15,10,27,0,0,0,0,0,0,21,10,30,0,0,0,0,0,0,0,0,0,0,0,0,0,0,0,0,0,0,0,0,0,0,3,3,0,0,0,0,4,4,0,0,0,0,6,4,0,0,0,0,0,0,0,0,0,0,0,0,20,17,40,0,0,0,64,52,112
POA5583,3,3,5,16,20,35,7,0,6,3,0,3,28,18,44,16,19,35,0,0,0,3,0,3,15,22,38,0,0,0,0,3,3,0,0,3,0,0,0,0,0,0,0,3,10,4,0,3,0,0,0,0,0,0,0,3,3,0,0,0,3,3,9,0,0,0,0,0,0,0,0,0,0,0,0,28,35,61,0,0,0,80,90,170
POA5600,24,33,62,164,167,325,97,90,180,19,18,40,276,269,543,119,97,221,74,69,142,0,0,0,196,169,364,14,9,20,3,6,15,27,21,45,16,32,51,0,0,0,55,70,129,12,24,31,3,23,26,0,7,12,16,36,47,0,0,0,29,92,120,6,3,5,5,18,27,0,0,0,11,26,37,185,168,351,11,4,15,786,833,1619
POA5601,0,0,0,14,13,26,3,0,3,0,7,10,15,23,41,9,7,12,5,3,7,0,0,0,9,13,23,0,0,0,0,0,0,0,0,0,0,3,3,0,0,0,0,3,3,0,0,3,0,0,0,0,0,0,0,0,3,0,0,0,3,0,5,0,0,0,0,0,0,0,0,0,0,0,0,23,18,42,0,0,0,54,59,116
POA5602,7,6,8,65,44,113,0,0,0,3,0,3,74,44,118,26,24,47,0,0,0,0,0,0,23,26,52,0,0,0,0,0,0,0,0,0,3,4,9,0,0,3,7,5,16,0,3,3,3,0,3,0,0,0,3,4,4,0,0,0,4,5,11,0,0,0,0,3,3,0,0,0,0,3,3,124,101,221,3,5,3,239,197,440
POA5603,4,3,7,32,19,44,0,0,0,0,0,0,32,19,50,13,8,21,0,0,0,0,0,3,13,14,23,0,0,0,0,0,0,0,0,0,0,0,0,0,0,0,0,0,6,0,0,0,0,0,0,0,0,0,0,3,7,0,0,0,0,3,6,0,0,0,0,0,0,0,0,0,0,0,3,33,27,57,0,0,0,85,65,150
POA5604,0,0,0,4,8,12,0,0,0,0,0,0,4,8,12,4,0,4,0,0,0,0,0,0,4,0,4,0,0,0,0,0,0,0,0,0,0,4,4,0,0,0,0,4,3,0,0,0,0,0,0,0,0,0,0,0,0,0,0,0,0,0,0,0,0,0,0,0,0,0,0,0,0,0,0,9,7,17,3,0,3,22,15,34
POA5605,5,6,9,39,52,91,0,6,10,7,8,12,49,65,114,37,26,62,4,4,12,0,12,14,37,39,79,0,3,3,4,4,9,3,0,5,0,5,8,0,0,0,9,15,20,0,3,3,0,0,0,0,0,0,3,5,13,0,0,0,3,11,13,0,0,0,5,0,5,0,0,0,5,3,3,77,65,141,0,5,3,188,208,396
POA5606,98,70,170,399,351,750,142,157,299,95,98,190,638,603,1238,268,221,485,85,126,210,51,79,128,397,429,823,3,20,25,12,15,26,24,20,40,25,67,93,4,3,8,68,125,192,9,28,41,9,33,40,4,12,21,21,74,95,0,0,0,44,151,195,12,10,20,12,27,46,0,0,0,23,41,67,578,562,1144,30,26,55,1885,2002,3887
POA5607,29,24,55,204,151,358,26,29,62,33,25,57,270,204,471,101,82,187,32,24,50,18,23,38,148,131,280,0,5,8,4,4,6,4,3,10,10,15,27,0,0,0,18,30,51,0,6,4,0,6,9,0,6,4,4,14,24,0,0,0,8,33,44,0,0,3,3,6,8,0,0,0,4,5,9,403,177,582,4,6,14,890,622,1512
POA5608,103,92,191,518,476,995,97,86,180,43,46,86,654,605,1262,293,271,561,94,75,166,8,11,15,392,354,743,13,37,51,19,59,79,21,41,60,30,85,116,4,0,8,85,227,313,18,43,58,28,48,77,8,8,14,19,49,67,0,0,3,69,149,217,7,12,26,15,43,59,4,0,0,24,60,81,691,663,1351,17,20,32,2029,2168,4194
POA5609,20,23,38,67,72,140,32,32,65,7,11,20,113,109,224,30,32,60,20,33,51,0,0,0,47,68,116,0,3,3,3,4,7,4,6,14,8,19,22,0,0,0,19,31,54,3,12,9,3,9,7,0,3,3,9,8,16,0,0,0,11,27,41,0,0,0,0,3,7,0,0,0,0,5,4,40,51,85,0,0,0,247,318,558
POA5630,0,0,0,4,6,14,0,0,0,0,0,0,4,12,16,8,0,7,0,0,3,0,3,3,5,8,11,0,0,0,0,0,0,0,0,0,0,0,0,0,0,0,0,0,0,0,0,0,0,0,0,0,0,0,0,0,0,0,0,0,0,0,0,0,0,0,0,0,0,0,0,0,0,0,0,3,11,14,0,0,0,17,34,49
POA5631,12,9,16,55,54,108,0,0,0,0,4,4,55,51,107,33,36,65,0,0,0,0,0,0,33,33,64,0,0,0,0,0,0,0,3,3,0,6,6,0,0,0,0,12,12,0,0,0,0,4,4,0,0,0,0,3,4,0,0,0,3,6,9,0,0,0,0,0,0,0,0,0,0,0,0,36,46,87,0,3,0,137,162,303
POA5632,3,0,3,22,19,36,0,0,0,0,0,0,22,19,36,8,11,20,0,0,0,0,0,0,8,11,20,0,0,0,0,0,0,0,0,0,0,0,0,0,0,0,0,0,5,0,0,0,0,0,0,0,0,0,0,0,0,0,0,0,0,5,5,0,0,0,0,0,0,0,0,0,0,0,3,9,12,21,0,0,0,42,52,88
POA5633,4,0,7,11,9,18,0,0,0,0,0,0,11,9,18,8,4,12,0,3,3,0,0,0,8,10,17,0,0,0,0,0,0,0,0,0,0,0,4,0,0,0,0,4,4,0,0,0,0,0,0,0,0,0,0,0,0,0,0,0,0,3,3,0,0,0,0,0,0,0,0,0,0,0,0,9,14,26,0,0,0,39,36,74
POA5640,8,0,6,47,43,86,0,0,0,0,0,0,47,44,93,32,24,54,0,5,5,0,4,4,30,33,64,0,0,3,0,0,0,0,0,0,0,12,9,0,0,0,7,12,16,0,3,0,0,3,3,0,0,3,0,6,6,0,0,0,3,12,14,3,3,3,0,0,0,0,0,0,3,3,7,67,46,116,0,0,4,161,152,314
POA5641,14,11,21,51,55,106,0,0,0,0,0,0,55,55,108,19,22,39,0,0,0,0,3,3,19,19,41,0,0,0,0,0,0,0,0,0,0,7,7,0,0,0,0,7,7,0,3,3,0,3,3,0,0,0,0,6,6,0,0,0,0,11,14,0,0,0,0,0,0,0,0,0,0,0,0,53,39,93,0,0,3,151,145,294
POA5642,0,0,0,15,17,27,0,0,0,0,6,6,15,19,32,14,9,19,0,0,0,0,0,0,14,9,19,0,0,0,0,0,0,0,0,0,0,3,3,0,0,0,0,3,5,0,0,0,0,0,0,0,0,0,0,0,0,0,0,0,0,0,0,0,0,0,0,0,0,0,0,0,0,0,0,17,13,36,0,0,0,51,52,97
POA5650,0,0,0,6,11,19,0,0,0,0,0,0,7,11,25,5,4,5,0,0,0,0,0,0,5,4,5,0,0,0,0,0,0,0,0,0,0,0,0,0,0,0,0,0,0,0,0,0,0,0,0,0,0,0,0,0,0,0,0,0,0,0,3,0,0,0,0,0,0,0,0,0,0,0,0,10,10,20,0,0,0,23,27,48
POA5651,0,0,0,3,5,8,0,0,0,0,0,0,3,5,8,0,3,8,0,0,0,0,0,0,0,3,8,0,0,0,0,0,0,0,0,0,0,0,0,0,0,0,0,0,0,0,0,0,0,0,0,0,0,0,0,0,0,0,0,0,0,0,0,0,0,0,0,0,0,0,0,0,0,0,0,3,0,3,0,0,0,7,15,20
POA5652,3,10,15,45,49,90,0,3,3,0,0,0,45,52,92,10,8,21,0,0,0,0,0,0,12,8,25,0,0,0,0,0,0,0,3,3,3,3,3,0,0,0,3,7,11,0,0,0,3,0,3,3,0,5,4,3,4,0,0,0,8,3,9,0,0,0,0,0,0,0,0,0,0,0,0,32,34,66,3,4,4,111,113,228
POA5653,0,0,3,5,9,13,0,0,0,0,0,0,5,9,13,0,0,0,0,0,0,0,0,0,0,0,0,0,0,0,0,0,0,0,0,0,0,0,0,0,0,0,0,0,0,0,0,0,0,0,0,0,0,0,0,0,0,0,0,0,0,0,0,0,0,0,0,0,0,0,0,0,0,0,0,3,4,5,0,0,0,10,16,23
POA5654,4,0,7,14,12,31,0,0,0,0,0,0,14,12,31,6,3,7,0,0,0,0,0,0,6,3,7,0,0,0,0,0,0,0,0,0,0,0,0,0,0,0,0,0,0,0,0,0,0,0,0,0,0,0,0,0,0,0,0,0,0,0,0,0,0,0,0,0,0,0,0,0,0,0,0,11,14,20,0,0,0,33,31,69
POA5655,5,0,4,3,3,8,0,0,0,0,0,0,3,3,8,0,3,3,0,0,0,0,0,0,0,3,3,0,0,0,0,0,0,0,0,0,0,4,4,0,0,0,0,3,3,0,0,0,0,0,0,0,0,0,0,0,0,0,0,0,0,0,0,0,0,0,0,0,0,0,0,0,0,0,0,3,3,6,0,0,0,9,18,28
POA5660,0,0,0,3,4,4,0,0,0,0,0,0,3,4,4,0,0,0,0,0,0,0,0,0,0,0,0,0,0,0,0,0,0,0,0,0,0,0,0,0,0,0,0,3,3,0,0,0,0,0,0,0,0,0,0,0,0,0,0,0,0,3,3,0,0,0,0,0,0,0,0,0,0,0,0,0,0,0,0,0,0,8,10,13
POA5661,3,4,6,6,6,13,0,0,0,0,0,0,6,6,13,3,0,5,0,0,0,0,0,0,3,0,5,0,0,0,0,0,0,0,0,0,0,0,0,0,0,0,0,0,0,0,0,0,0,0,0,0,0,0,0,0,0,0,0,0,0,0,0,0,0,0,0,0,0,0,0,0,0,0,0,0,0,3,0,0,0,15,11,28
POA5670,3,9,11,25,18,49,0,0,0,0,0,0,25,24,50,3,4,11,0,0,0,0,0,0,8,4,15,0,0,0,0,0,0,0,0,0,0,3,3,0,0,0,0,3,3,0,0,0,0,0,0,0,0,0,3,0,5,0,0,0,4,3,8,0,3,4,0,0,0,0,0,0,0,3,4,19,14,35,0,0,0,56,57,117
POA5671,0,0,0,8,7,19,0,0,0,0,0,0,8,7,19,3,0,9,0,0,0,0,0,0,3,0,9,0,0,0,0,0,0,0,0,0,0,0,0,0,0,0,0,0,0,0,0,0,0,0,0,0,0,0,0,0,0,0,0,0,0,0,0,0,0,0,0,0,0,0,0,0,0,0,0,6,6,15,4,3,7,24,19,37
POA5680,17,21,31,92,94,189,0,0,0,0,0,0,93,93,189,42,43,86,0,0,0,0,0,0,44,44,91,0,0,0,0,3,3,3,0,3,7,7,15,0,0,0,7,12,21,0,3,3,0,3,3,0,3,3,3,10,14,0,0,0,8,17,20,3,0,3,4,0,4,0,0,0,5,0,5,212,162,375,11,4,13,396,359,755
POA5690,25,28,53,150,135,283,0,0,0,13,14,33,162,155,319,91,99,191,0,0,0,14,13,23,106,112,219,3,0,3,5,3,8,6,3,8,9,20,30,0,0,0,20,29,48,0,10,6,0,9,10,0,3,3,9,14,20,0,0,0,12,30,36,7,0,9,0,4,9,0,0,0,10,5,12,394,360,752,35,11,48,756,730,1486
POA5700,74,86,159,404,380,779,109,80,193,17,18,30,528,479,1001,167,179,345,67,88,154,0,5,5,234,274,507,10,9,14,7,13,16,25,27,51,29,37,67,0,0,0,75,82,154,8,27,34,5,18,24,4,5,13,12,36,50,0,0,0,35,81,122,4,7,13,8,21,27,0,3,3,18,32,44,658,658,1311,43,61,103,1655,1740,3398
POA5701,0,0,0,0,0,0,0,3,3,0,0,0,0,3,3,0,0,0,0,0,0,0,0,0,0,0,0,0,0,0,0,0,0,0,0,0,0,0,0,0,0,0,0,0,0,0,0,0,0,0,0,0,0,0,0,0,0,0,0,0,0,0,0,0,0,0,0,0,0,0,0,0,0,0,0,0,0,0,0,0,0,0,4,3
POA5710,21,15,33,84,79,163,23,22,43,3,8,14,114,110,223,55,58,115,12,12,21,0,0,0,70,64,138,0,0,4,0,3,3,3,0,4,3,4,6,0,0,0,9,7,22,0,3,3,0,6,6,0,3,3,3,8,14,0,0,0,3,19,22,0,0,0,0,3,3,0,0,0,0,5,4,597,70,671,0,0,0,821,295,1115
POA5713,0,0,0,0,0,3,0,0,0,0,0,0,0,0,3,0,0,0,0,0,0,0,0,0,0,0,0,0,0,0,0,0,0,0,0,0,0,0,0,0,0,0,0,0,0,0,0,0,0,0,0,0,0,0,0,0,0,0,0,0,0,0,0,0,0,0,0,0,0,0,0,0,0,0,0,0,0,0,0,0,0,0,0,3
POA5715,0,0,0,4,0,6,0,0,0,0,0,0,4,0,6,0,0,0,0,0,0,0,0,0,0,0,0,0,0,0,0,0,0,0,0,0,0,0,0,0,0,0,0,0,0,0,0,0,0,0,0,0,0,0,0,0,0,0,0,0,0,0,0,0,0,0,0,0,0,0,0,0,0,0,0,6,9,16,0,0,0,11,13,27
POA5717,0,0,0,0,0,0,0,0,0,0,0,0,0,0,0,0,0,0,0,0,0,0,0,0,0,0,0,0,0,0,0,0,0,0,0,0,0,0,3,0,0,0,0,0,3,0,0,0,0,0,0,0,0,0,0,0,0,0,0,0,0,0,0,0,0,0,0,0,0,0,0,0,0,0,0,0,0,3,0,0,0,3,4,5
POA5719,0,0,0,3,0,3,0,0,0,0,0,0,3,0,3,0,0,0,0,0,0,0,0,0,0,0,0,0,0,0,0,0,0,0,0,0,0,0,0,0,0,0,0,0,0,0,0,0,0,0,0,0,0,0,0,0,3,0,0,0,0,0,3,0,0,0,0,0,0,0,0,0,0,0,0,6,4,12,0,0,0,10,3,13
POA5720,3,0,3,3,0,3,0,0,0,0,0,0,3,0,3,3,0,3,0,0,0,0,0,0,3,0,3,0,0,0,0,0,0,0,0,0,3,0,3,0,0,0,4,0,4,0,0,0,3,0,3,0,0,0,3,0,3,0,0,0,5,0,5,0,0,0,0,0,0,0,0,0,0,0,0,41,13,53,9,0,11,69,17,84
POA5722,3,0,0,13,9,23,0,0,0,0,0,0,15,9,20,3,12,9,0,0,0,0,0,0,3,12,9,0,0,0,0,0,0,0,0,0,0,0,3,0,0,0,3,3,3,0,0,0,0,0,0,0,0,0,0,0,0,0,0,0,0,0,0,0,0,0,0,0,0,0,0,0,0,0,0,14,17,24,0,0,0,31,36,72
POA5723,16,4,21,55,53,109,0,0,0,3,3,6,56,63,118,18,23,46,4,0,4,0,0,0,24,23,48,0,0,0,4,7,10,3,0,4,20,12,37,0,0,0,24,22,44,0,3,4,3,4,5,0,0,0,15,16,33,0,0,0,24,24,47,3,0,3,0,3,5,0,0,0,4,5,10,383,192,576,30,31,56,562,365,925
POA5724,3,3,6,16,26,39,0,0,0,0,0,0,16,26,39,9,3,14,0,0,0,3,0,3,7,8,16,0,0,0,0,0,0,0,0,0,3,3,9,0,0,0,3,4,5,0,0,0,0,3,3,0,0,0,0,3,9,0,0,0,0,5,11,0,0,0,0,0,0,0,0,0,0,0,0,46,42,91,9,3,10,82,100,185
POA5725,32,27,63,175,152,323,49,64,116,0,3,3,229,213,437,86,84,172,3,7,8,4,0,3,94,94,192,0,7,4,0,8,8,13,10,22,27,37,64,0,0,3,50,52,105,0,4,4,4,3,9,0,3,3,42,43,88,0,0,0,48,57,106,0,3,3,4,17,16,0,0,0,4,19,21,465,121,590,3,7,10,931,588,1520
POA5730,0,0,0,4,0,5,0,0,0,0,0,0,4,0,3,0,0,0,0,0,0,0,0,0,0,0,0,0,0,0,0,0,0,0,0,0,0,0,0,0,0,0,0,0,0,0,0,0,0,0,0,0,0,0,0,0,0,0,0,0,0,0,0,0,0,0,0,0,0,0,0,0,0,0,0,3,4,7,5,0,5,12,6,21
POA5731,5,0,3,25,16,33,0,0,3,0,0,0,25,14,37,5,3,6,0,0,0,0,0,0,4,3,13,0,0,0,0,0,0,0,0,0,10,0,6,0,0,0,10,7,10,0,0,3,0,0,0,0,0,0,5,0,9,0,0,0,5,3,12,0,0,0,0,0,0,0,0,0,0,0,0,156,60,222,14,0,18,226,90,313
POA5732,0,0,0,3,7,10,0,0,0,0,0,0,3,7,10,4,0,3,0,0,0,0,0,0,4,0,3,0,0,0,0,0,0,0,0,0,5,0,5,0,0,0,5,0,5,0,0,0,0,0,0,0,0,0,0,3,0,0,0,0,0,0,5,0,0,0,3,0,3,0,0,0,4,0,3,24,25,47,3,7,8,47,43,87
POA5733,0,0,0,6,4,12,0,0,0,0,0,0,6,5,16,3,5,7,0,0,0,0,0,0,3,7,5,0,0,0,0,0,0,0,0,0,3,0,3,0,0,0,3,0,3,0,3,3,0,0,0,0,0,0,5,0,5,0,0,0,3,5,9,0,0,0,0,0,0,0,0,0,0,0,3,54,25,77,8,5,11,80,41,127
POA5734,4,4,5,6,3,11,0,0,0,0,0,0,6,7,12,3,8,6,0,0,0,0,0,0,3,4,11,0,0,0,0,0,0,0,0,0,0,0,0,0,0,0,0,0,0,0,0,0,0,0,0,0,0,0,0,0,0,0,0,0,0,0,3,0,0,0,0,0,0,0,0,0,0,0,0,30,33,56,0,4,6,39,51,94
POA5950,0,0,0,0,0,0,0,0,0,0,0,0,0,0,0,0,0,0,0,0,0,0,0,0,0,0,0,0,0,0,0,0,0,0,0,0,0,0,0,0,0,0,0,0,0,0,0,0,0,0,0,0,0,0,0,0,0,0,0,0,0,0,0,0,0,0,0,0,0,0,0,0,0,0,0,0,0,0,0,0,0,0,0,0
POA5960,0,0,0,0,0,0,0,0,0,0,0,0,0,0,0,0,0,0,0,0,0,0,0,0,0,0,0,0,0,0,0,0,0,0,0,0,0,0,0,0,0,0,0,0,0,0,0,0,0,0,0,0,0,0,0,0,0,0,0,0,0,0,0,0,0,0,0,0,0,0,0,0,0,0,0,0,0,0,0,0,0,0,0,0
