POA_CODE_2016,R_0_74_LT_Real_estate_agent,R_0_74_LT_Ste_terr_hsg_auth,R_0_74_LT_Psn_not_Sme_hhd,R_0_74_LT_hs_coop_com_ch_g,R_0_74_LT_Other_Lld_type,R_0_74_LT_Lld_type_ns,R_0_74_Tot,R_75_99_LT_Real_estate_agent,R_75_99_LT_Ste_terr_hsg_auth,R_75_99_LT_Psn_not_Sme_hhd,R_75_99_LT_hs_coop_com_ch_g,R_75_99_LT_Other_Lld_type,R_75_99_LT_Lld_type_ns,R_75_99_Tot,R_100_149_LT_Real_eSte_agent,R_100_149_LT_St_ter_hsg_aut,R_100_149_LT_Psn_not_Sme_hhd,R_100_149_LT_hs_coop_com_ch_g,R_100_149_LT_Other_Lld_type,R_100_149_LT_Lld_type_ns,R_100_149_Tot,R_150_199_LT_Real_eSte_agent,R_150_199_LT_Ste_ter_hsg_aut,R_150_199_LT_Psn_not_Sme_hhd,R_150_199_LT_hs_coop_com_ch_g,R_150_199_LT_Other_Lld_type,R_150_199_LT_Lld_type_ns,R_150_199_Tot,R_200_224_LT_Real_eSte_agent,R_200_224_LT_Ste_ter_hsg_aut,R_200_224_LT_Psn_not_Sme_hhd,R_200_224_LT_hs_coop_com_ch_g,R_200_224_LT_Other_Lld_type,R_200_224_LT_Lld_type_ns,R_200_224_Tot,R_225_274_LT_Real_eSte_agent,R_225_274_LT_Ste_ter_hsg_aut,R_225_274_LT_Psn_not_Sme_hhd,R_225_274_LT_hs_coop_com_ch_g,R_225_274_LT_Other_Lld_type,R_225_274_LT_Lld_type_ns,R_225_274_Tot,R_275_349_LT_Real_eSte_agent,R_275_349_LT_Ste_ter_hsg_aut,R_275_349_LT_Psn_not_Sme_hhd,R_275_349_LT_hs_coop_com_ch_g,R_275_349_LT_Other_Lld_type,R_275_349_LT_Lld_type_ns,R_275_349_Tot,R_350_449_LT_Real_eSte_agent,R_350_449_LT_Ste_ter_hsg_aut,R_350_449_LT_Psn_not_Sme_hhd,R_350_449_LT_hs_coop_com_ch_g,R_350_449_LT_Other_Lld_type,R_350_449_LT_Lld_type_ns,R_350_449_Tot,R_450_549_LT_Real_eSte_agent,R_450_549_LT_Ste_ter_hsg_aut,R_450_549_LT_Psn_not_Sme_hhd,R_450_549_LT_hs_coop_com_ch_g,R_450_549_LT_Other_Lld_type,R_450_549_LT_Lld_type_ns,R_450_549_Tot,R_550_649_LT_Real_eSte_agent,R_550_649_LT_Ste_ter_hsg_aut,R_550_649_LT_Psn_not_Sme_hhd,R_550_649_LT_hs_coop_com_ch_g,R_550_649_LT_Other_Lld_type,R_550_649_LT_Lld_type_ns,R_550_649_Tot,R_650_749_LT_Real_eSte_agent,R_650_749_LT_Ste_ter_hsg_aut,R_650_749_LT_Psn_not_Sme_hhd,R_650_749_LT_hs_coop_com_ch_g,R_650_749_LT_Other_Lld_type,R_650_749_LT_Lld_type_ns,R_650_749_Tot,R_750_849_LT_Real_eSte_agent,R_750_849_LT_Ste_ter_hsg_aut,R_750_849_LT_Psn_not_Sme_hhd,R_750_849_LT_hs_coop_com_ch_g,R_750_849_LT_Other_Lld_type,R_750_849_LT_Lld_type_ns,R_750_849_Tot,R_850_949_LT_Real_estat_agent,R_850_949_LT_Ste_ter_hsg_aut,R_850_949_LT_Psn_not_Sme_hhd,R_850_949_LT_hs_coop_com_ch_g,R_850_949_LT_Other_Lld_type,R_850_949_LT_Lld_type_ns,R_850_949_Tot,R_950_over_LT_Real_eSte_agent,R_950_over_LT_Ste_ter_hsg_aut,R_950_over_LT_Psn_not_Sme_hhd,R_950_ovr_LT_hs_coop_com_ch_g,R_950_over_LT_Other_Lld_type,R_650_over_LT_Lld_type_ns,R_950_over_Tot,Rent_ns_LT_Real_eSte_agent,Rent_ns_LT_Ste_ter_hsg_auth,Rent_ns_LT_Psn_not_Sme_hhd,Rent_ns_LT_hs_coop_com_ch_g,Rent_ns_LT_Other_Lld_type,Rent_ns_LT_Lld_type_ns,Rent_ns_Tot,Tot_LT_Real_eSte_agent,Tot_LT_Ste_ter_hsg_auth,Tot_LT_Psn_not_Sme_hhd,Tot_LT_hs_coop_com_ch_g,Tot_LT_Other_Lld_type,Tot_LT_Lld_type_ns,Tot_Tot
POA5000,18,41,55,13,0,9,140,0,81,3,7,0,0,96,10,133,15,54,4,0,216,50,64,47,72,5,0,232,36,13,29,17,3,0,104,91,38,39,25,0,0,194,337,18,121,23,11,3,517,852,8,216,6,15,5,1104,561,3,135,7,15,0,718,158,0,46,4,11,3,221,60,0,20,0,3,0,79,26,0,8,0,3,0,35,12,0,8,0,0,0,17,8,0,8,0,0,0,14,32,31,32,5,3,6,102,2241,437,778,222,81,31,3790
POA5005,0,0,0,0,0,0,0,0,0,0,0,0,0,0,0,0,0,0,0,0,0,0,0,0,0,0,0,0,0,0,0,0,0,0,0,0,0,0,0,0,0,0,0,0,0,0,0,0,0,0,0,0,0,0,0,0,0,0,0,0,0,0,0,0,0,0,0,0,0,0,0,0,0,0,0,0,0,0,0,0,0,0,0,0,0,0,0,0,0,0,0,0,0,0,0,0,0,0,0,0,0,0,0,0,0,0,0,0,0,0,0,0
POA5006,0,3,19,4,3,9,39,0,21,0,0,0,0,21,0,14,6,3,0,0,19,19,3,11,14,3,0,45,8,0,20,16,0,0,41,54,0,27,0,0,0,83,218,0,85,0,5,3,304,282,0,91,0,0,0,380,122,0,35,0,4,3,159,45,0,17,0,4,0,69,19,0,8,0,0,0,35,12,0,6,0,0,0,18,9,0,5,0,0,0,12,10,0,3,0,0,0,17,11,0,6,3,0,0,25,805,44,342,41,22,14,1264
POA5007,0,18,10,5,0,9,45,0,50,0,30,0,0,81,4,110,16,20,0,0,159,7,51,25,35,0,0,113,14,18,9,10,9,0,55,43,26,30,9,5,0,117,174,20,76,14,4,0,292,345,8,88,0,4,0,446,100,0,22,0,0,0,130,21,0,11,0,0,0,27,0,0,0,0,0,0,3,0,0,3,0,0,0,7,0,0,0,0,0,0,0,0,0,0,0,0,0,0,6,15,3,3,7,0,36,722,309,301,130,33,11,1504
POA5008,0,41,23,0,0,16,91,8,142,0,13,0,3,163,5,198,36,5,6,3,257,14,69,29,28,0,0,148,26,35,33,4,9,0,106,95,49,107,3,14,0,271,206,43,152,12,16,0,427,258,11,134,6,7,0,412,30,0,25,0,4,0,57,12,0,4,0,0,0,17,0,0,3,0,0,0,3,3,0,0,0,0,0,5,0,0,0,0,0,0,3,0,0,0,0,0,0,0,17,32,13,11,0,4,87,668,621,561,91,68,35,2042
POA5009,0,7,10,0,0,7,19,0,10,0,0,0,0,12,0,29,11,0,3,0,49,12,6,20,3,0,0,41,10,6,9,0,0,0,30,31,10,39,0,3,0,88,93,9,61,0,10,0,175,54,0,34,0,3,0,98,18,0,5,0,0,0,22,0,0,0,0,0,0,3,0,0,3,0,0,0,3,0,0,0,0,0,0,0,0,0,0,0,0,0,0,0,0,0,0,0,0,0,8,8,6,3,3,4,33,235,95,203,10,29,9,576
POA5010,0,35,9,0,0,5,53,0,103,0,0,0,0,110,7,160,4,3,0,0,173,10,97,10,7,0,0,125,7,30,6,3,6,0,55,18,30,26,0,6,0,76,64,44,41,0,9,0,153,75,10,17,0,3,0,110,3,4,3,0,0,0,14,0,0,0,0,0,0,0,0,0,0,0,0,0,0,0,0,0,0,0,0,0,0,0,0,0,0,0,0,0,0,0,0,0,0,0,0,15,10,4,0,0,29,181,527,136,17,22,12,901
POA5011,0,7,22,0,0,10,44,0,36,3,3,0,0,42,3,55,16,7,0,3,88,18,30,28,11,3,0,89,19,15,23,3,3,0,62,123,15,97,11,12,4,265,284,19,135,16,9,3,472,289,7,90,0,12,4,400,29,0,23,0,0,0,57,4,0,0,0,0,0,5,0,0,3,0,0,0,3,0,0,0,0,0,0,0,0,0,0,0,0,0,0,0,0,0,0,0,0,0,3,10,10,6,0,3,41,777,207,451,61,51,26,1561
POA5012,0,39,21,3,3,9,76,0,84,6,15,0,0,110,6,163,12,21,5,0,214,15,118,32,36,5,0,205,7,40,43,0,5,0,101,95,44,84,9,20,3,265,198,43,109,3,31,3,391,147,16,49,3,13,0,222,5,0,7,0,4,0,18,3,0,0,0,0,0,3,3,0,0,0,0,0,3,0,0,0,0,0,0,0,0,0,0,0,0,0,0,0,3,0,0,0,0,3,6,31,11,19,0,6,71,498,580,383,114,88,21,1684
POA5013,0,26,20,0,6,5,62,0,102,4,4,0,9,111,0,147,19,9,0,4,180,14,76,25,22,0,0,136,43,25,43,13,6,4,135,86,35,74,14,9,3,225,169,33,92,10,10,0,316,78,9,31,0,0,0,115,3,0,0,0,0,0,9,3,0,3,0,3,0,8,0,0,0,0,0,0,0,0,0,0,0,0,0,0,0,0,0,0,0,0,0,0,0,0,0,0,0,0,6,29,13,4,4,3,51,406,480,329,71,42,26,1351
POA5014,0,25,24,0,0,17,72,0,82,0,6,0,0,97,6,145,19,10,3,3,180,17,60,41,8,0,3,137,25,20,59,3,4,0,114,93,31,74,3,6,0,207,193,30,141,3,13,0,378,154,3,62,0,5,0,233,11,0,3,0,0,0,17,4,3,3,0,0,0,7,3,0,0,0,0,0,3,0,0,0,0,0,0,0,0,0,0,0,0,0,0,0,0,0,0,0,0,0,10,19,14,5,3,3,53,510,429,442,48,37,34,1493
POA5015,3,22,8,0,0,5,42,0,66,0,4,0,0,67,0,86,7,4,0,0,100,4,36,10,10,6,0,63,11,21,11,9,0,0,53,62,18,41,11,0,0,121,213,15,71,0,6,0,302,178,3,43,0,4,0,226,40,0,3,0,0,0,46,11,0,3,0,0,0,11,0,0,0,0,0,0,0,0,0,0,0,0,0,0,0,0,0,0,0,0,0,0,0,0,0,0,0,0,5,15,0,0,0,3,26,525,274,202,37,16,11,1065
POA5016,0,6,21,0,0,9,36,0,35,0,0,0,0,34,0,56,14,3,0,0,82,11,18,13,8,5,0,61,17,5,17,3,3,0,44,68,14,27,8,24,0,140,157,19,61,3,11,0,253,167,3,51,0,3,0,223,25,0,3,0,0,0,29,9,0,0,0,0,0,10,3,0,0,0,0,0,3,0,0,0,0,0,0,3,0,0,0,0,0,0,3,3,0,0,0,0,0,4,3,5,6,4,3,3,29,462,169,222,31,53,14,959
POA5017,0,28,11,0,0,5,45,0,79,0,4,0,0,88,0,124,3,3,0,0,131,7,71,13,8,0,0,101,0,28,8,0,0,0,37,31,37,27,7,0,0,113,92,44,25,3,0,0,172,66,9,17,0,3,0,99,6,0,4,0,0,0,8,0,0,0,0,0,0,7,0,0,0,0,0,0,0,0,0,0,0,0,0,0,0,0,0,0,0,0,0,0,0,0,0,0,0,0,3,17,3,4,3,0,29,212,442,112,36,13,7,828
POA5018,0,3,12,0,0,4,16,0,22,0,0,0,0,32,0,12,0,3,0,0,16,0,3,6,0,0,0,10,0,3,4,0,0,0,6,4,3,16,0,0,0,25,77,0,31,0,3,3,113,89,0,31,0,3,0,114,19,0,3,0,0,0,24,6,0,0,0,0,0,4,0,0,0,0,0,0,3,0,0,0,0,0,0,0,0,0,0,0,0,0,0,0,0,0,0,0,0,0,0,6,3,0,0,0,9,195,48,98,11,7,10,374
POA5019,0,21,15,0,4,9,46,0,89,5,0,0,3,98,3,169,7,6,0,0,191,14,81,22,20,7,0,137,10,24,34,3,0,0,72,85,38,52,0,5,3,182,174,21,102,3,3,0,309,144,3,60,0,0,0,209,58,0,11,0,0,0,72,14,0,4,0,0,0,21,4,0,3,0,0,0,8,0,0,0,0,0,0,0,0,0,0,0,0,0,0,3,0,0,0,0,0,3,12,25,10,4,5,0,50,525,475,320,41,24,15,1396
POA5020,0,3,5,0,0,0,7,0,0,0,6,0,0,7,0,3,3,0,0,0,5,0,0,5,0,0,0,3,0,0,4,0,0,0,4,3,0,3,0,0,0,11,34,0,18,0,0,0,47,43,0,16,0,0,0,62,18,0,5,0,0,0,29,6,0,0,0,0,0,6,3,0,0,0,0,0,3,0,0,0,0,0,0,0,0,0,0,0,0,0,0,0,0,0,0,0,0,0,0,0,0,3,0,0,4,109,11,54,7,0,0,189
POA5021,0,0,7,0,0,9,16,0,0,0,5,3,0,9,3,17,3,0,0,0,26,6,12,3,0,0,0,17,0,0,3,0,0,0,3,13,0,9,0,0,0,29,90,6,25,0,0,0,126,61,3,26,0,0,0,85,33,0,12,0,0,0,43,23,0,9,0,0,0,29,11,0,3,0,0,0,14,0,0,0,0,0,0,0,0,0,0,0,0,0,0,0,0,0,0,0,0,0,3,0,8,5,0,0,13,237,44,116,11,3,6,415
POA5022,3,47,16,3,0,10,83,0,97,5,11,0,0,112,5,119,17,7,4,0,156,14,45,33,3,0,0,95,28,11,32,0,0,0,80,143,10,81,0,11,3,245,200,12,126,0,6,0,340,195,8,90,0,4,0,299,125,0,48,0,3,0,169,72,0,20,0,3,0,91,32,0,4,0,0,0,35,20,0,0,0,0,0,19,16,0,3,0,0,0,14,8,0,0,0,0,0,12,13,6,14,8,6,4,53,872,372,482,31,35,23,1810
POA5023,3,54,30,8,3,19,113,0,118,3,9,4,3,142,3,244,25,9,3,0,278,30,135,43,13,6,0,222,42,43,51,4,0,4,146,147,49,114,13,13,0,341,286,67,167,7,22,3,552,343,15,166,0,10,3,540,49,3,12,0,0,0,64,4,0,5,0,0,0,8,4,3,4,0,0,0,4,0,0,0,0,0,0,0,0,0,0,0,0,0,0,0,0,0,0,0,0,0,12,38,19,9,0,0,80,916,760,637,66,69,45,2502
POA5024,0,7,23,0,3,8,36,3,18,0,0,0,0,27,3,41,7,4,0,0,55,28,11,26,0,3,0,63,47,0,30,0,0,0,75,140,0,60,0,3,0,208,163,5,128,0,13,0,307,188,0,97,0,4,0,290,92,0,16,0,0,0,111,35,0,6,0,0,0,41,23,0,3,0,0,0,24,3,0,0,0,0,0,4,0,0,0,0,0,0,0,0,0,0,0,0,0,0,19,7,16,3,7,3,53,731,81,429,10,34,12,1297
POA5025,0,7,11,0,3,10,29,0,24,0,0,0,0,26,0,54,3,0,0,0,58,7,20,10,4,4,0,45,3,3,19,4,0,0,37,29,7,27,3,3,0,72,75,20,64,0,7,0,163,126,4,63,0,3,0,198,37,0,16,0,0,0,56,6,0,3,0,0,0,17,4,0,0,0,0,0,3,0,0,0,0,0,0,0,0,0,0,0,0,0,0,0,0,0,0,0,0,0,3,11,4,0,5,3,24,293,151,233,14,25,16,721
POA5031,0,24,29,4,0,18,69,3,50,0,5,0,0,55,4,96,22,3,0,0,138,21,43,34,32,13,0,141,27,9,31,7,3,0,83,86,7,73,11,8,0,188,170,21,140,12,12,0,354,272,12,126,4,3,0,415,109,0,40,0,0,0,146,14,0,11,0,0,0,27,3,0,0,0,0,0,7,0,0,6,0,0,0,7,4,0,0,0,0,0,3,0,0,4,0,0,0,4,7,17,13,0,0,3,47,725,290,534,77,43,24,1688
POA5032,5,25,21,3,3,16,70,0,38,3,10,0,0,48,8,50,20,9,3,0,94,25,34,39,18,3,0,117,43,8,43,5,8,0,110,210,7,118,3,16,0,357,234,3,117,0,11,3,374,163,4,114,0,9,0,295,60,0,28,0,7,0,87,16,0,3,0,0,0,23,9,0,0,0,0,0,9,3,0,0,0,0,0,8,3,0,0,0,0,0,3,0,0,0,0,0,0,0,14,9,8,3,0,3,41,791,187,514,55,64,29,1641
POA5033,3,11,16,20,3,13,67,0,32,0,3,0,0,34,12,66,25,8,3,0,111,24,34,30,22,8,0,117,33,13,36,14,5,3,106,109,13,66,22,6,0,227,230,19,106,20,6,0,385,178,0,76,3,0,0,261,56,0,26,0,3,0,81,3,0,4,0,0,0,12,0,0,3,0,0,0,3,0,0,0,0,0,0,3,0,0,0,0,0,0,0,0,0,0,0,0,0,0,13,8,9,9,3,0,54,663,200,398,138,36,22,1458
POA5034,0,0,22,0,3,10,38,0,9,0,0,0,0,15,9,20,14,9,0,0,55,10,11,28,6,0,0,59,15,3,27,3,0,0,52,121,3,57,0,3,0,187,242,3,115,3,3,0,363,163,0,102,3,3,0,267,85,0,30,0,0,0,118,22,0,14,0,0,0,32,12,0,3,0,0,0,16,0,0,4,0,0,0,3,6,0,4,0,0,0,7,6,0,4,0,0,0,8,8,3,12,3,0,0,29,696,57,438,25,17,14,1249
POA5035,3,10,19,3,0,9,45,0,17,0,3,0,0,20,5,33,20,9,3,0,71,12,20,25,26,0,0,77,25,8,30,7,0,0,64,172,12,65,0,3,0,254,166,0,79,0,3,0,254,120,0,47,0,3,0,168,41,0,18,0,0,0,53,6,0,4,0,0,0,11,4,0,0,0,0,0,4,0,0,0,0,0,0,0,0,0,0,0,0,0,0,0,0,0,0,0,0,0,7,0,6,0,0,4,25,565,106,304,52,19,14,1060
POA5037,6,16,15,3,0,12,48,0,54,5,3,0,0,64,6,55,21,23,8,0,116,25,26,43,16,8,0,109,46,17,35,4,3,0,107,164,3,86,4,4,0,270,172,9,116,3,14,0,310,234,6,94,0,4,0,339,50,0,25,3,3,0,83,10,0,3,0,0,0,16,0,0,0,0,0,0,0,3,0,0,0,0,0,3,0,0,0,0,0,0,0,0,0,0,0,0,0,0,8,11,13,8,3,0,49,727,195,464,66,50,14,1512
POA5038,0,26,23,3,3,17,76,0,67,3,3,0,0,74,12,117,45,12,0,4,185,46,42,75,18,9,0,186,56,14,62,6,4,0,141,269,15,119,3,10,3,420,412,11,227,6,10,0,666,320,11,144,0,6,0,475,66,0,29,0,0,0,96,9,0,5,0,0,0,19,0,0,3,0,0,0,3,0,0,0,0,0,0,0,0,0,0,0,0,0,0,0,0,0,0,0,0,3,15,17,23,11,7,0,74,1214,321,757,61,49,26,2437
POA5039,0,29,15,3,0,7,53,0,69,4,7,0,0,80,6,112,22,7,4,3,147,15,47,28,16,0,0,103,14,24,18,3,3,0,59,86,18,49,6,11,0,172,133,18,100,3,10,0,261,162,4,87,0,8,3,252,27,0,9,0,0,0,39,8,0,4,0,0,0,9,0,0,4,0,0,0,4,0,0,0,0,0,0,0,0,0,0,0,0,0,0,0,0,0,0,0,0,0,9,14,10,5,0,3,49,456,333,356,46,33,16,1235
POA5040,0,14,0,0,0,3,21,0,51,0,0,0,0,51,0,52,3,0,0,0,57,0,40,0,0,0,0,42,0,5,3,0,0,0,7,0,9,3,0,0,0,9,9,10,3,0,0,0,20,22,4,10,0,0,0,32,7,0,8,0,0,0,12,0,0,0,0,0,0,0,0,0,0,0,0,0,0,0,0,0,0,0,0,0,0,0,0,0,0,0,0,0,0,0,0,0,0,0,0,6,0,0,0,0,7,33,192,36,5,3,3,276
POA5041,0,4,20,4,0,12,40,0,10,3,3,0,0,19,4,9,20,5,0,3,44,3,12,31,13,0,0,60,13,0,25,3,0,0,40,118,5,71,5,0,0,199,157,3,88,4,9,3,264,143,0,65,0,3,0,215,54,0,13,0,0,0,67,9,0,10,0,0,0,23,4,0,4,0,0,0,10,9,0,0,0,0,0,9,0,0,0,0,0,0,0,0,0,0,0,0,0,0,10,3,9,0,4,3,22,529,52,363,38,16,27,1024
POA5042,0,14,21,0,0,14,57,0,29,0,6,0,0,44,8,38,26,14,3,0,90,15,23,31,8,7,0,86,33,11,28,11,3,0,84,129,10,84,7,11,0,242,215,8,112,0,13,0,345,180,0,88,0,16,0,284,37,0,23,0,0,0,56,8,0,3,0,3,0,15,0,0,3,0,0,0,4,0,0,3,0,0,0,4,0,0,0,0,0,0,0,0,0,0,0,0,0,7,13,13,10,8,3,4,50,636,148,437,67,55,20,1368
POA5043,4,46,33,9,5,10,106,4,158,4,16,0,0,183,15,297,29,69,3,0,414,21,245,43,101,5,6,424,30,89,48,16,3,0,186,150,69,121,21,6,0,374,421,65,193,17,11,3,705,430,22,139,6,17,3,616,71,3,31,4,0,0,107,9,3,9,0,0,0,16,6,0,0,0,0,0,4,0,0,0,0,0,0,4,0,0,0,0,0,0,3,0,0,0,0,0,0,9,8,60,22,14,8,3,116,1158,1059,676,284,70,35,3278
POA5044,0,7,8,3,0,10,36,0,29,0,6,0,0,33,3,53,5,23,0,0,90,6,15,21,16,3,0,56,5,0,31,0,0,0,44,45,0,42,0,0,0,93,183,0,91,0,4,0,286,155,0,78,0,8,0,237,76,0,21,0,0,0,99,25,0,7,0,0,0,32,14,0,0,0,0,0,15,0,0,0,0,0,0,5,3,0,0,0,0,0,3,3,0,3,0,0,0,3,9,3,17,9,0,3,32,525,110,326,60,22,20,1061
POA5045,3,6,48,5,0,28,80,0,15,3,25,0,7,52,6,25,27,10,0,0,82,28,9,51,17,6,3,109,57,0,58,3,3,0,126,354,3,102,4,6,4,470,506,3,193,0,10,3,710,361,0,119,0,7,0,482,171,0,38,0,3,0,214,83,0,16,0,0,0,101,36,0,10,0,0,0,44,14,0,5,0,0,0,19,10,0,4,0,0,0,9,10,0,0,0,0,0,10,28,3,28,6,0,3,64,1665,69,694,71,34,46,2572
POA5046,0,29,18,0,0,6,54,0,55,0,0,0,0,62,3,128,17,14,0,3,166,15,53,12,11,0,0,90,8,11,20,3,0,3,39,77,10,41,0,4,0,131,180,18,78,3,6,0,282,275,3,88,0,4,0,374,75,0,20,0,0,0,93,3,0,6,0,0,0,6,0,0,3,0,0,0,3,0,0,0,0,0,0,0,0,0,0,0,0,0,0,0,0,0,0,0,0,0,10,20,16,3,0,0,48,648,324,316,39,16,16,1351
POA5047,0,18,5,0,3,6,36,0,63,0,3,0,0,69,0,101,9,23,3,3,140,3,66,17,21,0,0,105,9,32,9,8,0,0,59,14,32,35,3,0,0,80,106,16,60,0,3,0,191,308,15,98,5,4,3,423,30,0,15,0,0,0,46,5,0,3,0,0,0,6,0,0,0,0,0,0,3,0,0,0,0,0,0,0,0,0,0,0,0,0,0,0,3,3,0,0,0,8,3,17,0,3,3,0,28,482,363,264,64,22,17,1209
POA5048,0,14,21,3,0,16,53,0,32,0,3,0,3,38,3,99,12,13,6,0,127,12,49,19,20,5,3,102,14,18,21,12,0,0,61,83,24,57,8,3,0,173,219,12,102,0,8,0,345,260,9,121,3,3,0,400,86,0,24,0,0,0,112,19,0,7,0,0,0,28,3,0,3,0,0,0,6,5,0,0,0,0,0,5,0,0,3,0,0,0,3,5,0,4,0,0,0,8,16,16,14,11,0,0,52,729,277,416,69,20,24,1531
POA5049,3,0,19,0,0,3,24,0,4,0,0,0,0,3,4,3,4,0,0,0,18,7,5,16,0,3,0,29,12,0,11,0,0,0,20,55,0,23,0,0,0,88,110,0,59,0,0,3,174,138,0,57,0,3,0,198,51,0,21,0,0,0,66,21,0,3,0,0,0,25,6,0,4,0,0,0,10,4,0,3,0,0,0,8,0,0,5,0,0,0,7,3,0,0,0,0,0,3,0,3,16,0,0,0,17,415,20,238,3,13,10,699
POA5050,0,0,5,0,0,5,9,0,0,0,0,0,0,0,0,0,5,3,0,0,15,4,0,8,3,0,0,13,0,0,7,0,0,0,7,15,0,10,0,0,0,27,33,0,19,0,0,0,51,48,0,23,0,0,0,79,10,0,11,0,0,0,17,0,0,3,0,0,0,4,0,0,0,0,0,0,0,0,0,0,0,0,0,0,0,0,0,0,0,0,0,0,0,0,0,0,0,0,0,0,0,7,0,0,6,111,0,95,14,3,5,236
POA5051,0,0,8,0,0,15,26,0,0,4,0,0,0,9,0,9,6,0,0,0,19,3,3,19,0,0,0,23,3,0,7,0,0,0,14,17,3,26,0,0,0,50,84,0,51,0,4,0,146,91,0,42,0,3,0,130,41,0,24,0,0,0,64,26,0,5,0,0,0,34,8,0,0,0,0,0,7,0,0,0,0,0,0,3,0,0,0,3,0,0,6,0,0,0,0,0,0,0,0,0,3,0,0,0,5,266,19,210,11,14,15,536
POA5052,0,0,5,0,0,0,6,0,0,0,0,0,0,0,0,0,5,3,0,0,10,0,0,6,7,0,0,11,0,0,8,0,0,0,8,15,0,4,0,0,0,16,28,0,13,0,0,0,36,52,0,20,0,0,0,70,23,0,4,0,0,0,26,13,0,0,0,0,0,13,3,0,0,0,0,0,3,0,0,0,0,0,0,0,3,0,0,0,0,0,4,0,0,0,0,0,0,0,0,0,0,3,0,0,4,125,0,59,17,3,4,209
POA5061,0,3,14,0,0,5,24,0,14,0,3,0,0,13,3,24,21,3,0,0,47,3,12,23,14,0,0,47,11,0,18,0,0,0,32,83,0,44,0,0,0,131,157,3,95,0,3,0,257,165,0,51,0,0,0,219,101,0,48,0,0,0,148,40,0,9,0,0,0,49,27,0,5,0,0,0,32,17,0,3,0,0,0,20,3,0,3,0,0,0,7,4,0,0,0,3,0,6,3,0,6,0,0,0,15,631,55,328,24,10,12,1059
POA5062,0,3,25,0,7,21,56,3,20,0,17,0,0,48,5,18,17,12,4,0,62,0,6,19,24,0,0,56,15,4,31,0,3,3,53,105,0,43,3,4,0,151,179,0,88,0,5,0,271,127,0,70,0,0,0,205,57,0,23,0,0,0,84,29,0,14,0,0,0,44,22,0,3,0,0,0,27,9,0,0,0,0,0,11,5,0,0,0,0,0,4,11,0,0,0,0,0,15,11,3,12,7,0,4,35,584,58,342,64,25,35,1101
POA5063,3,21,22,6,0,17,65,0,33,3,11,0,0,55,3,66,12,3,0,0,93,9,18,34,19,4,0,83,16,6,30,0,3,0,58,90,7,54,3,3,0,153,211,0,118,0,3,0,335,257,0,115,0,3,0,379,143,0,42,0,0,0,190,73,0,13,0,0,0,84,27,0,3,0,0,0,31,13,0,0,0,0,0,20,4,0,4,0,0,0,4,3,0,0,0,0,0,3,6,7,6,3,3,3,34,868,163,468,45,20,28,1581
POA5064,0,0,12,3,5,9,30,0,0,0,4,0,0,6,0,3,4,3,3,0,11,12,0,11,10,0,0,41,3,0,11,0,0,0,20,20,0,14,0,0,0,37,67,0,34,0,0,0,114,84,0,36,0,0,0,127,56,0,26,0,0,0,80,29,0,10,0,0,0,38,18,0,8,0,0,0,24,11,0,9,0,0,0,13,3,0,0,0,0,0,3,8,0,4,0,0,0,10,3,0,10,5,3,0,20,322,9,178,27,14,16,570
POA5065,3,11,20,3,6,7,47,6,18,0,15,0,0,36,6,40,13,3,3,0,66,8,3,18,0,3,0,37,22,0,16,0,0,0,38,133,3,49,0,6,0,189,242,0,87,0,8,0,335,101,0,55,0,3,3,162,76,0,38,0,0,0,112,41,0,11,0,0,0,49,17,0,3,0,0,0,24,5,0,0,0,0,0,5,0,0,0,0,0,0,3,12,0,3,0,0,0,9,12,9,9,3,0,0,33,680,84,327,25,22,14,1154
POA5066,0,0,18,0,0,15,39,0,0,0,0,0,0,4,0,0,5,0,0,0,10,3,4,11,3,0,0,23,8,0,5,0,0,0,13,28,0,13,0,0,0,47,70,0,44,0,3,0,124,92,0,39,0,3,0,138,68,0,26,0,0,0,94,29,0,17,0,0,0,40,15,0,8,0,0,0,23,10,0,0,0,0,0,13,3,0,0,0,0,0,3,7,0,0,0,0,0,7,3,0,6,3,3,0,12,338,5,197,8,9,19,582
POA5067,0,17,26,0,6,10,68,0,49,3,6,0,0,60,11,69,15,14,5,0,117,17,21,40,6,5,0,93,22,7,25,0,3,0,65,114,7,79,0,0,0,194,263,0,102,3,3,0,376,265,0,138,0,3,0,415,186,0,63,0,3,0,253,74,0,18,0,3,0,100,42,0,9,0,0,0,53,17,0,4,0,0,0,23,3,0,3,0,0,0,9,10,0,8,0,0,0,22,8,12,8,10,0,3,47,1041,199,552,44,30,18,1892
POA5068,0,11,20,11,0,20,70,0,26,13,37,0,3,77,5,42,20,11,5,0,87,9,15,42,11,0,0,64,17,0,29,0,0,0,46,124,9,84,4,4,3,232,314,5,138,0,8,0,463,200,0,101,0,6,0,315,81,0,39,0,0,0,121,33,0,9,0,0,0,42,20,0,8,0,0,0,23,9,0,0,0,0,0,9,3,0,0,0,0,0,3,3,0,3,0,0,0,3,8,3,15,12,3,7,51,831,104,516,81,36,35,1599
POA5069,0,12,18,5,3,16,53,0,25,0,0,0,0,32,10,54,10,7,0,0,85,14,9,20,11,0,0,47,17,4,12,0,0,0,41,107,0,42,0,0,0,157,157,3,83,0,5,0,249,140,3,57,0,0,0,199,70,0,21,0,0,0,91,35,0,13,0,0,0,49,11,0,10,0,0,0,24,3,0,3,0,0,0,11,0,0,0,0,0,0,0,3,0,3,0,0,0,11,6,4,6,0,7,0,22,579,128,290,24,19,12,1054
POA5070,0,10,30,9,7,14,69,0,52,3,9,3,0,71,5,100,25,30,0,0,156,18,36,58,10,3,0,125,31,15,30,4,3,0,90,194,13,123,0,16,0,345,373,9,146,7,19,3,561,236,0,111,0,7,0,356,72,0,24,0,0,0,93,23,0,5,0,0,0,32,4,0,4,0,0,0,12,5,0,0,0,0,0,6,4,0,0,0,0,0,4,3,4,3,0,0,0,7,11,9,18,14,4,5,60,992,252,579,89,60,26,1988
POA5072,0,10,23,0,0,13,46,0,27,0,3,0,0,30,4,57,18,9,7,0,97,19,16,34,4,0,3,77,14,4,23,0,0,0,50,78,13,40,0,0,0,133,210,5,82,4,3,0,306,162,0,69,0,0,3,233,91,0,25,3,0,0,118,26,0,10,0,0,0,38,5,0,0,0,0,0,10,7,0,3,0,0,0,9,0,0,0,0,0,0,0,0,0,0,0,0,0,4,4,10,13,3,3,0,36,626,147,344,29,19,21,1189
POA5073,3,7,24,0,3,20,58,0,31,0,0,0,0,32,0,72,33,9,3,0,114,4,22,40,13,4,0,77,23,8,30,3,6,0,70,104,10,81,4,7,0,211,252,3,120,5,14,0,396,264,3,110,0,5,0,383,66,0,24,0,0,0,88,23,0,6,0,3,0,29,4,0,3,0,0,0,7,0,0,0,0,0,0,0,0,0,0,0,0,0,3,0,0,0,0,0,0,5,10,12,21,7,3,5,58,767,165,491,40,48,27,1531
POA5074,7,11,23,7,3,10,58,0,65,0,16,3,3,88,6,73,20,17,4,5,127,15,48,20,19,0,0,102,22,9,28,15,0,0,77,115,12,71,9,19,3,228,292,16,152,7,12,5,479,218,8,98,4,6,3,330,33,0,9,0,0,0,42,3,0,5,0,0,0,9,0,0,0,0,0,0,3,0,0,0,0,0,0,0,0,0,0,0,0,0,0,0,0,0,0,0,0,0,14,14,11,3,0,5,52,707,262,434,99,54,34,1596
POA5075,0,6,17,0,0,17,43,0,14,3,0,0,0,21,0,39,14,5,3,0,66,9,17,16,4,3,0,46,6,4,11,0,0,0,25,50,16,29,0,0,0,98,190,3,99,0,3,0,313,156,3,47,0,5,0,212,19,0,12,0,0,0,32,3,0,4,0,0,0,7,0,0,0,0,0,0,3,0,0,3,0,0,0,3,0,0,0,0,0,0,0,0,0,0,0,0,0,0,10,4,13,0,0,0,27,452,113,266,14,27,17,892
POA5076,0,0,17,0,0,3,24,0,0,0,0,0,0,3,0,3,3,5,0,0,9,0,0,3,3,0,0,11,0,0,11,0,0,0,12,14,0,12,0,3,0,28,76,0,59,0,5,0,142,101,0,45,0,0,0,144,17,0,10,0,0,0,24,0,0,0,0,0,0,3,0,0,0,0,0,0,0,0,0,0,0,0,0,0,0,0,0,0,0,0,0,0,0,0,0,0,0,0,0,0,8,0,0,0,11,212,7,173,9,13,3,414
POA5081,0,27,26,0,0,11,73,0,44,0,5,0,0,45,0,66,14,8,0,4,103,7,12,17,3,3,0,49,9,14,16,0,0,0,40,67,6,34,0,5,0,115,137,3,74,0,5,0,218,168,0,61,0,3,0,232,83,3,25,0,0,0,111,24,0,10,0,0,0,38,20,0,7,0,0,0,19,4,0,0,0,0,0,11,4,0,0,0,0,0,9,7,0,3,0,0,0,9,11,6,14,0,0,0,33,536,187,307,26,26,18,1101
POA5082,0,15,33,3,0,15,64,0,29,0,8,0,0,47,6,70,27,18,0,0,121,21,27,28,28,10,5,120,29,6,28,3,3,0,69,183,17,98,3,16,0,324,286,12,117,4,9,4,429,282,7,119,4,4,0,412,86,0,35,0,3,0,123,26,0,7,0,0,0,34,11,0,0,0,0,0,6,7,0,3,0,0,0,10,8,0,0,0,0,0,8,0,0,0,0,0,0,0,13,6,12,3,0,0,37,954,184,506,73,53,23,1792
POA5083,0,3,24,0,0,10,36,0,28,0,3,0,0,35,4,42,12,0,0,0,63,3,32,19,16,3,0,67,6,6,21,3,0,0,38,102,10,55,3,3,0,171,205,11,84,7,13,0,317,137,3,46,0,4,0,194,33,3,14,0,0,4,54,4,0,0,0,0,0,4,4,0,0,0,0,0,7,3,0,0,0,0,0,3,0,0,0,0,0,0,0,0,0,0,0,0,0,0,4,9,16,4,3,3,41,514,141,283,41,35,16,1024
POA5084,0,32,16,10,7,7,72,0,94,8,5,0,0,107,8,197,12,4,7,0,224,16,125,37,25,11,0,208,29,44,29,7,6,0,115,116,50,82,21,22,3,290,196,49,99,3,29,3,379,136,7,67,3,9,0,224,11,0,10,0,3,0,20,3,3,0,0,0,0,10,3,0,0,0,0,0,4,0,0,0,0,0,0,3,0,0,0,0,0,0,0,0,0,0,0,0,0,0,9,34,21,9,4,0,74,528,635,384,77,90,21,1738
POA5085,0,43,26,0,0,9,78,0,81,0,3,0,0,85,12,184,14,31,3,0,249,22,92,38,27,3,0,184,33,40,29,17,10,0,133,123,39,67,14,28,0,279,450,51,187,7,52,4,751,520,21,139,3,25,3,709,67,0,21,0,0,0,92,3,0,3,0,0,0,8,3,0,0,0,0,0,3,3,0,0,0,0,0,4,0,0,0,0,0,0,0,0,3,0,0,0,0,3,19,26,16,8,5,7,74,1250,590,543,116,125,24,2652
POA5086,7,21,23,3,3,14,69,0,96,0,4,0,3,101,10,228,24,32,8,5,297,39,105,31,64,4,3,243,19,29,30,26,3,0,102,96,37,80,12,26,0,252,303,59,129,15,17,0,521,404,24,83,0,16,3,532,31,3,11,0,0,0,43,3,3,3,0,0,0,8,0,0,0,0,0,0,0,0,0,0,0,0,0,0,0,3,0,0,0,0,3,0,0,0,0,0,0,0,13,37,11,7,3,5,75,916,636,417,165,71,29,2237
POA5087,0,19,22,0,0,9,62,0,56,4,3,0,0,65,3,108,17,13,3,0,143,10,51,30,31,3,0,134,36,18,38,13,7,0,104,178,29,91,9,27,0,331,227,22,125,4,13,0,391,279,5,80,3,7,4,376,25,0,10,0,0,0,34,3,0,5,0,0,0,7,0,0,4,0,0,0,4,0,0,0,0,0,0,0,0,0,0,0,0,0,0,0,3,0,0,0,0,3,17,14,10,8,3,3,57,771,331,428,83,68,14,1702
POA5088,0,9,10,0,0,0,16,0,25,0,0,0,0,25,3,29,6,0,0,0,46,0,17,10,8,0,0,41,0,4,6,0,0,0,17,42,8,29,9,3,0,82,87,12,40,0,8,0,144,55,6,14,0,0,0,77,3,0,0,0,0,0,8,0,0,0,0,0,0,0,0,0,0,0,0,0,0,0,0,0,0,0,0,0,0,0,0,0,0,0,0,0,0,0,0,0,0,0,0,11,9,0,3,0,17,195,128,120,20,11,3,475
POA5089,0,0,5,0,0,6,14,0,3,0,0,0,0,3,0,0,0,0,0,0,0,6,0,3,0,0,0,8,0,0,4,0,0,0,9,9,0,16,0,0,0,23,69,0,31,0,3,0,109,54,0,29,0,3,0,84,11,0,0,0,0,0,15,3,0,0,0,0,0,3,0,0,0,0,0,0,0,0,0,0,0,0,0,0,0,0,0,0,0,0,0,0,0,0,0,0,0,0,3,0,4,0,0,0,7,153,3,101,0,9,14,275
POA5090,0,0,12,3,0,3,16,0,9,0,6,3,0,16,0,14,0,7,0,0,25,3,9,12,3,0,0,26,3,0,17,3,0,0,27,52,10,59,4,3,0,129,131,0,86,3,8,0,233,66,0,26,0,3,0,95,5,0,3,0,0,0,8,0,0,0,0,0,0,3,0,0,0,0,0,0,0,0,0,0,0,0,0,0,0,0,0,0,0,0,0,0,0,0,0,0,0,0,3,0,7,9,0,0,26,270,47,217,40,23,5,601
POA5091,0,0,6,0,0,9,15,0,0,0,0,0,0,0,0,0,6,0,0,0,10,15,0,7,0,0,0,20,0,0,9,0,0,0,13,20,0,15,0,0,0,36,80,0,64,0,0,0,145,57,0,29,0,0,0,87,10,0,0,0,0,0,5,0,0,0,0,0,0,0,0,0,0,0,0,0,0,0,0,0,0,0,0,0,0,0,0,0,0,0,0,0,0,0,0,0,0,0,3,0,3,0,0,0,11,186,5,147,3,0,9,349
POA5092,0,10,24,0,3,6,43,0,39,0,7,0,0,46,0,48,9,13,3,0,76,8,18,28,3,0,0,57,10,11,31,3,0,0,54,81,6,71,0,3,3,159,360,8,183,0,19,4,583,184,3,73,0,3,0,260,12,0,5,0,0,0,17,3,0,0,0,0,0,3,0,0,0,0,0,0,0,0,0,0,0,0,0,0,0,0,3,0,0,0,3,0,0,0,0,0,0,0,3,6,16,3,0,0,34,658,151,449,38,31,20,1341
POA5093,0,6,8,3,0,7,25,0,14,0,3,0,0,13,0,57,3,0,0,0,69,4,33,20,6,0,0,63,13,17,13,0,4,0,45,31,14,39,10,0,0,99,173,15,95,3,16,0,300,67,0,24,0,8,0,99,12,0,7,0,0,0,15,0,0,0,0,0,0,0,0,0,0,0,0,0,0,0,0,0,0,0,0,0,0,0,0,0,0,0,0,0,0,0,0,0,0,0,5,7,4,4,4,0,22,301,160,221,27,30,7,754
POA5094,0,0,0,0,0,0,0,0,0,0,0,0,0,0,0,0,0,0,0,0,3,4,3,7,0,0,0,21,3,0,3,0,0,0,3,7,0,7,0,0,0,15,16,4,11,0,0,0,32,3,0,0,0,0,0,7,0,0,0,0,0,0,3,0,0,0,0,0,0,0,0,0,0,0,0,0,0,0,0,0,0,0,0,0,0,0,0,0,0,0,0,0,0,0,0,0,0,0,4,3,3,0,0,0,7,47,8,32,0,4,3,97
POA5095,3,17,28,3,0,9,71,3,44,3,0,0,0,52,4,66,19,11,3,0,98,23,44,27,14,4,0,109,12,20,33,7,7,0,73,65,31,55,5,28,0,190,765,25,174,3,61,0,1031,671,8,118,0,11,0,811,121,0,32,0,0,0,156,25,0,6,0,3,0,36,11,0,0,0,0,0,15,0,0,0,0,0,0,0,0,0,0,0,0,0,0,0,0,0,0,0,0,3,30,13,16,4,7,4,75,1732,266,520,49,136,18,2717
POA5096,0,11,17,0,0,7,39,0,51,0,0,0,3,56,5,50,17,3,0,0,81,7,26,26,9,3,0,63,3,8,29,0,4,0,50,76,31,59,5,9,3,187,261,15,131,0,20,3,433,60,0,20,0,0,0,83,5,0,3,0,0,0,7,0,0,0,0,0,0,3,0,0,0,0,0,0,0,0,0,0,0,0,0,0,0,0,0,0,0,0,0,0,0,0,0,0,0,0,12,15,15,0,0,4,47,448,213,316,19,38,20,1055
POA5097,0,0,15,3,3,8,29,0,20,0,4,5,0,33,3,12,7,5,0,0,29,5,0,27,3,3,0,33,4,0,30,3,0,0,38,50,3,64,0,5,0,115,216,3,134,0,5,0,368,117,0,50,0,0,0,169,4,0,0,0,0,0,8,0,0,0,0,0,0,0,0,0,0,0,0,0,0,0,0,0,0,0,0,0,0,0,0,0,0,0,0,0,0,0,0,0,0,3,9,3,5,3,3,0,22,417,45,330,24,25,14,857
POA5098,3,6,6,4,5,9,35,0,30,0,5,3,4,46,3,54,14,10,3,3,86,5,47,10,14,0,0,82,4,25,10,7,0,0,45,41,23,39,16,12,0,140,213,17,126,3,20,0,371,78,7,38,0,3,0,133,8,0,0,0,3,0,14,3,0,0,0,0,0,3,0,0,0,0,0,0,0,0,0,0,0,0,0,0,0,0,0,0,0,0,0,0,0,0,0,0,0,0,4,20,4,0,0,4,36,370,231,269,63,39,20,993
POA5106,0,0,0,0,0,0,0,0,0,0,0,0,0,0,0,0,0,0,0,0,0,0,0,0,0,0,0,0,0,0,0,0,0,0,0,0,0,0,0,0,0,0,0,0,0,0,0,0,0,0,0,0,0,0,0,0,0,0,0,0,0,0,0,0,0,0,0,0,0,0,0,0,0,0,0,0,0,0,0,0,0,0,0,0,0,0,0,0,0,0,0,0,0,0,0,0,0,0,0,0,0,0,0,0,0,0,0,0,0,0,0,0
POA5107,4,36,17,3,4,10,78,0,101,0,3,0,0,109,3,158,6,3,0,0,169,8,88,28,22,3,0,143,7,34,26,12,0,0,82,72,85,67,12,17,4,255,320,24,138,6,28,3,522,98,4,29,0,3,3,137,7,0,3,0,3,0,13,0,0,0,0,0,0,3,0,0,0,0,0,0,0,0,0,0,0,0,0,0,0,0,0,0,0,0,0,0,0,0,0,0,0,0,10,34,23,3,3,3,76,535,566,336,62,64,25,1589
POA5108,10,53,48,3,10,27,140,0,219,4,14,0,3,244,14,313,47,16,3,4,406,125,210,85,60,15,4,501,172,95,138,35,23,4,471,584,132,350,29,50,15,1164,1035,67,374,25,71,4,1570,127,9,55,0,9,0,200,8,3,8,0,0,0,19,5,0,3,0,0,0,13,4,0,0,0,0,0,5,0,0,5,0,0,0,7,0,0,0,0,0,0,0,4,5,0,0,0,0,9,44,67,54,3,5,6,180,2117,1174,1172,192,193,64,4917
POA5109,5,18,22,0,0,14,64,0,66,0,3,0,0,71,3,104,19,3,3,8,131,37,71,29,8,3,0,150,51,29,51,8,7,0,133,139,64,124,8,8,4,347,442,14,215,0,23,3,709,69,0,44,0,0,0,112,3,0,0,0,0,0,8,3,0,0,0,0,0,0,0,0,0,0,0,0,0,0,0,0,0,0,0,0,0,0,0,0,0,0,0,0,0,0,0,0,0,0,12,23,19,0,3,0,59,761,395,525,31,45,27,1788
POA5110,0,0,16,0,0,0,24,0,5,0,0,0,0,8,3,7,14,0,13,0,40,6,14,7,0,12,0,41,5,4,13,0,10,0,34,36,5,35,0,42,0,121,249,7,81,0,10,0,353,50,0,14,0,6,0,71,10,0,3,0,0,0,8,0,0,4,0,0,0,4,0,0,0,0,0,0,0,0,0,0,0,0,0,0,0,0,0,0,0,0,0,0,0,0,0,0,0,0,9,0,6,0,6,0,26,362,48,200,7,102,9,727
POA5111,0,0,0,0,0,0,0,0,0,0,0,0,0,0,0,0,0,0,0,0,0,0,0,0,0,0,0,0,0,0,0,0,0,0,0,0,0,0,0,0,0,0,0,0,0,0,0,0,0,0,0,0,0,0,0,0,0,0,0,0,0,0,0,0,0,0,0,0,0,0,0,0,0,0,0,0,0,0,0,0,0,0,0,0,0,0,0,0,0,0,0,0,0,0,0,0,0,0,0,0,0,0,0,0,0,0,0,0,0,0,0,0
POA5112,3,109,34,4,3,13,171,0,203,0,16,3,5,226,14,357,22,74,10,3,480,101,225,57,102,5,4,500,210,138,92,47,13,3,500,414,63,133,23,19,3,664,251,21,103,13,16,7,420,37,5,16,3,0,0,69,0,0,3,0,0,0,9,3,0,0,3,0,0,7,0,0,0,0,3,0,6,0,0,0,0,0,0,0,0,0,0,0,0,0,0,0,0,0,0,0,0,3,19,66,10,11,5,9,128,1065,1192,476,316,86,51,3180
POA5113,10,58,13,3,3,10,92,3,190,3,12,0,0,211,25,324,22,15,0,3,401,156,205,109,42,7,4,518,339,82,95,6,13,3,540,760,57,215,6,26,3,1072,249,5,77,0,10,4,354,5,4,8,0,0,0,15,6,0,3,0,0,0,15,3,0,0,0,0,0,3,0,0,0,0,0,0,0,0,0,0,0,0,0,3,0,0,0,0,0,0,3,3,0,0,0,0,0,4,33,46,17,3,5,6,117,1600,983,566,91,65,37,3350
POA5114,8,17,14,4,3,12,61,0,59,0,4,0,0,62,17,111,14,9,3,3,158,67,100,37,26,3,3,239,92,44,71,15,3,6,231,660,94,211,14,167,4,1144,1150,16,281,5,38,8,1489,179,3,58,3,4,0,245,21,0,3,0,0,0,24,3,0,4,0,0,0,6,0,0,0,0,0,0,0,0,0,0,0,0,0,0,0,0,0,0,0,0,0,0,0,0,0,0,0,3,43,20,28,3,7,3,106,2236,467,727,74,233,36,3766
POA5115,3,18,6,7,0,3,42,0,43,0,0,0,0,45,5,81,10,0,0,0,92,16,40,5,3,3,0,71,10,26,13,9,5,0,59,296,43,52,8,80,0,473,627,10,75,0,13,4,730,82,0,13,0,0,0,99,5,0,4,0,0,0,13,0,0,0,0,0,0,3,3,0,0,0,0,0,3,0,0,0,0,0,0,0,0,0,0,0,0,0,0,0,0,0,0,0,0,3,11,6,9,0,3,0,28,1064,269,192,22,115,15,1667
POA5116,0,10,4,0,0,3,18,0,31,0,3,0,0,37,0,58,5,3,21,0,87,15,33,17,12,8,0,78,23,16,22,6,7,0,71,199,18,42,7,50,3,306,311,3,93,3,8,4,416,81,0,18,12,7,3,123,10,0,0,0,3,0,18,3,0,0,0,0,0,3,3,0,0,0,0,0,3,0,0,0,0,0,0,0,0,0,0,0,0,0,0,0,0,0,0,0,0,3,4,11,3,0,0,3,26,647,170,208,39,101,20,1186
POA5117,0,0,3,0,0,7,5,0,0,0,0,3,0,3,0,0,0,0,0,0,0,0,0,0,0,0,0,0,0,0,0,0,3,0,3,3,0,6,0,0,0,16,3,0,3,0,0,0,3,7,0,3,0,0,0,12,0,0,0,0,0,0,3,0,0,0,0,0,0,0,0,0,0,0,0,0,0,0,0,0,0,0,0,0,0,0,0,0,0,0,0,0,0,0,0,0,0,0,0,0,3,0,4,0,3,15,0,28,0,7,6,58
POA5118,3,14,25,7,0,12,59,0,60,0,9,3,0,73,9,87,30,3,3,0,130,33,29,48,11,0,0,121,47,23,54,3,0,0,129,231,10,114,0,25,7,382,352,0,121,3,30,0,509,115,0,16,4,3,0,141,27,0,8,0,3,0,33,0,0,0,0,0,0,3,0,0,0,0,0,0,0,0,0,0,0,0,0,0,0,0,0,0,0,0,0,0,0,0,0,0,0,0,16,11,14,3,4,3,59,821,245,427,47,78,26,1638
POA5120,0,0,4,0,0,0,4,0,0,0,0,0,0,0,0,0,5,0,6,0,9,0,0,8,0,13,0,19,0,0,0,0,5,0,3,8,0,14,0,0,0,17,9,0,10,0,0,0,21,3,0,6,0,0,0,7,3,0,3,0,0,0,5,0,0,0,0,0,0,0,0,0,0,0,0,0,0,0,0,0,0,0,0,0,0,0,0,0,0,0,0,0,0,0,0,0,0,0,0,0,0,0,0,0,3,27,0,43,0,24,0,93
POA5121,0,0,3,0,0,0,7,0,0,0,0,0,0,0,0,0,0,0,4,0,4,0,0,3,0,0,0,3,0,0,5,0,0,0,5,6,0,13,0,0,0,15,15,0,9,0,0,0,22,9,0,3,0,0,0,16,0,0,3,0,0,0,3,0,0,0,0,0,0,3,0,0,0,0,0,0,0,0,0,0,0,0,0,0,0,0,0,0,0,0,0,0,0,0,0,0,0,0,0,0,0,0,0,0,0,42,0,31,0,7,4,83
POA5125,0,24,17,0,3,4,44,0,74,0,4,3,0,84,0,175,9,14,0,0,196,4,85,15,19,0,0,118,0,28,12,3,0,0,40,16,34,35,5,22,0,115,276,44,123,0,26,0,466,247,5,69,0,6,3,332,40,0,9,0,0,0,57,7,0,0,0,0,0,7,0,0,0,0,0,0,0,0,0,0,0,0,0,3,0,0,0,0,0,0,0,0,3,0,0,0,0,3,4,20,12,3,3,0,42,596,490,289,45,61,9,1496
POA5126,0,0,9,0,0,3,20,0,16,0,0,0,0,16,4,17,3,0,0,0,23,0,10,3,0,0,0,16,0,11,11,0,0,0,22,12,0,27,0,0,0,33,80,7,62,0,3,0,152,55,0,26,0,0,0,84,0,0,0,0,0,0,3,0,0,0,0,0,0,0,0,0,0,0,0,0,0,0,0,0,0,0,0,0,0,0,0,0,0,0,0,0,0,0,0,0,0,0,5,3,4,0,0,0,15,159,62,140,4,4,7,377
POA5127,0,13,4,0,0,4,26,0,36,0,0,0,0,36,0,59,8,0,0,0,71,0,38,6,0,0,0,42,0,14,9,0,0,0,22,19,12,19,0,3,0,55,101,29,71,0,3,3,208,77,0,27,0,0,0,102,15,0,3,0,0,0,19,0,0,0,0,0,0,0,0,0,0,0,0,0,0,0,0,0,0,0,0,0,0,0,0,0,0,0,0,0,0,0,0,0,0,0,3,14,0,0,0,0,18,215,213,148,3,7,4,595
POA5131,0,0,0,0,0,0,0,0,0,0,0,0,0,0,0,0,0,0,0,0,0,0,0,0,0,0,0,0,0,0,0,0,0,0,0,0,0,0,0,0,0,0,0,0,0,0,0,0,3,0,0,0,0,0,0,0,0,0,0,0,0,0,0,0,0,0,0,0,0,3,0,0,0,0,0,0,0,0,0,0,0,0,0,0,0,0,0,0,0,0,0,0,0,0,0,0,0,0,0,0,0,0,0,0,0,0,0,11,0,0,0,11
POA5132,0,0,3,0,0,0,4,0,0,0,0,0,0,0,0,0,0,0,0,0,0,0,0,0,0,0,0,3,0,0,0,0,0,0,0,0,0,0,0,0,0,3,0,0,0,0,0,0,0,0,0,0,0,0,0,0,0,0,0,0,0,0,0,0,0,0,0,0,0,0,0,0,0,0,0,0,0,0,0,0,0,0,0,0,0,0,0,0,0,0,0,0,0,0,0,0,0,0,0,0,0,0,0,0,0,3,0,4,0,0,0,17
POA5133,0,0,0,0,0,0,0,0,0,0,0,0,0,0,0,0,0,0,0,0,0,0,0,0,0,0,0,0,0,0,0,0,0,0,0,0,0,0,0,0,0,0,0,0,3,0,0,0,3,3,0,0,0,0,0,3,0,0,0,0,0,0,0,0,0,0,0,0,0,0,0,0,0,0,0,0,0,0,0,0,0,0,0,0,0,0,0,0,0,0,0,0,0,0,0,0,0,0,0,0,0,0,0,0,0,3,0,5,0,0,0,7
POA5134,0,0,0,0,0,3,3,0,0,0,0,0,0,0,0,0,0,0,0,0,0,0,0,3,0,0,0,6,0,0,0,0,0,0,0,0,0,0,0,0,0,4,3,0,3,0,0,0,8,0,0,0,0,0,0,0,0,0,0,0,0,0,0,0,0,0,0,0,0,0,0,0,0,0,0,0,0,0,0,0,0,0,0,0,0,0,0,0,0,0,0,0,0,0,0,0,0,0,0,0,0,0,0,0,0,7,0,10,0,0,3,22
POA5136,0,0,0,0,0,4,4,0,0,0,0,0,0,0,0,0,0,0,0,0,3,0,0,0,0,0,0,0,0,0,3,0,0,0,3,3,0,3,0,0,0,3,3,0,4,0,0,0,4,3,0,3,0,0,0,6,3,0,0,0,0,0,7,0,0,0,0,0,0,0,0,0,0,0,0,0,0,0,0,0,0,0,0,0,0,0,0,0,0,0,0,0,0,0,0,0,0,0,0,0,0,0,0,0,3,11,0,16,0,7,4,28
POA5137,0,0,3,0,0,0,3,0,0,0,0,0,0,0,0,0,0,0,0,0,0,0,0,0,0,0,0,0,0,0,0,0,0,0,0,0,0,3,0,0,0,3,3,0,5,0,0,0,10,3,0,3,0,0,0,9,0,0,0,0,0,0,0,0,0,0,0,0,0,0,0,0,0,0,0,0,0,0,0,0,0,0,0,0,0,0,0,0,0,0,0,0,0,0,0,0,0,0,0,0,0,0,0,0,0,9,0,15,0,0,0,26
POA5138,0,0,0,0,0,0,0,0,0,0,0,0,0,0,0,0,3,0,0,0,3,0,0,0,0,0,0,0,0,0,0,0,0,0,0,0,0,0,0,0,0,0,0,0,4,0,0,0,3,0,0,0,0,0,0,0,3,0,0,0,0,0,3,0,0,0,0,0,0,0,0,0,0,0,0,0,0,0,0,0,0,0,0,0,0,0,0,0,0,0,0,0,0,0,0,0,0,0,0,0,0,0,0,0,0,4,0,10,0,0,0,13
POA5139,0,0,0,0,0,0,3,0,0,0,0,0,0,0,0,0,0,0,0,0,0,0,0,0,0,0,0,0,0,0,0,0,0,0,0,0,0,0,0,0,0,0,3,0,0,0,0,0,3,0,0,0,0,0,0,0,0,0,0,0,0,0,0,0,0,0,0,0,0,0,0,0,0,0,0,0,0,0,0,0,0,0,0,0,0,0,0,0,0,0,0,0,0,0,0,0,0,0,0,0,0,0,0,0,0,7,0,4,0,0,0,10
POA5140,0,0,0,0,0,0,0,0,0,0,0,0,0,0,0,0,0,0,0,0,0,0,0,0,0,0,0,0,0,0,0,0,0,0,0,0,0,0,0,0,0,0,0,0,0,0,0,0,0,0,0,0,0,0,0,0,0,0,0,0,0,0,0,0,0,0,0,0,0,0,0,0,0,0,0,0,0,0,0,0,0,0,0,0,0,0,0,0,0,0,0,0,0,0,0,0,0,0,0,0,0,0,0,0,0,3,0,0,0,0,0,5
POA5141,0,0,3,0,0,0,4,0,0,0,0,0,0,0,0,0,0,0,0,0,0,0,0,0,0,0,0,0,0,0,0,0,0,0,0,0,0,0,0,0,0,0,0,0,0,0,0,0,0,3,0,0,0,0,0,6,0,0,0,0,0,0,0,0,0,0,0,0,0,0,0,0,0,0,0,0,0,0,0,0,0,0,0,0,0,0,0,0,0,0,0,0,0,0,0,0,0,0,0,0,0,0,0,0,3,7,0,5,3,0,0,18
POA5142,0,0,0,0,0,0,0,0,0,0,0,0,0,0,0,0,4,0,0,0,4,0,0,0,0,0,0,0,0,0,3,0,0,0,4,0,0,3,0,0,0,6,3,0,3,0,0,0,3,3,0,0,0,0,0,7,3,0,3,0,0,0,9,0,0,0,0,0,0,0,0,0,0,0,0,0,0,0,0,0,0,0,0,0,0,0,0,0,0,0,0,0,0,0,0,0,0,0,0,0,0,0,0,0,0,8,0,17,0,3,0,27
POA5144,0,0,3,0,0,0,7,0,0,0,0,0,0,0,0,0,0,0,0,0,0,0,0,0,0,0,0,3,0,0,0,0,0,0,0,0,0,0,0,0,0,3,0,0,0,0,0,0,0,5,0,3,0,0,0,6,4,0,0,0,0,0,4,0,0,0,0,0,0,0,0,0,0,0,0,0,0,0,0,0,0,0,0,0,0,0,0,0,0,0,0,0,0,0,0,0,0,0,0,0,0,0,0,0,0,5,0,10,0,0,0,17
POA5150,0,0,0,0,0,0,0,0,0,0,0,0,0,0,0,0,0,0,0,0,0,0,0,0,0,0,0,0,0,0,0,0,0,0,0,0,0,0,0,0,0,0,0,0,0,0,0,0,0,0,0,0,0,0,0,0,0,0,0,0,0,0,0,0,0,0,0,0,0,0,0,0,0,0,0,0,0,0,0,0,0,0,0,0,0,0,0,0,0,0,0,0,0,0,0,0,0,0,0,0,0,0,0,0,0,0,0,0,0,0,0,0
POA5151,0,0,0,0,0,0,3,0,0,0,0,0,0,0,0,0,0,0,0,0,0,0,0,0,0,0,0,0,0,0,0,0,0,0,0,0,0,0,0,0,0,0,0,0,3,0,0,0,3,3,0,3,0,0,0,6,0,0,0,0,0,0,0,0,0,0,0,0,0,0,0,0,0,0,0,0,0,0,0,0,0,0,0,0,0,0,0,0,0,0,0,0,0,0,0,0,0,0,0,0,0,0,0,0,0,3,0,3,0,0,3,15
POA5152,0,0,17,0,0,7,25,0,0,0,0,0,0,0,0,0,3,7,7,0,17,0,0,3,0,0,0,5,0,0,9,0,0,0,9,0,0,0,0,0,0,4,8,0,19,0,0,0,32,24,0,19,0,0,0,49,24,0,16,0,0,0,41,25,0,4,0,0,0,23,10,0,3,0,0,0,11,3,0,0,0,0,0,3,0,0,0,0,0,0,0,0,0,0,0,0,0,0,0,0,6,0,0,0,8,95,0,98,12,3,7,212
POA5153,0,0,9,0,3,7,20,0,0,0,0,0,0,3,0,0,3,0,0,0,3,0,0,12,0,0,0,9,0,0,11,0,0,0,13,4,0,15,0,0,0,23,21,0,33,0,0,0,56,26,0,17,0,0,0,42,7,0,5,0,0,0,8,3,0,3,0,0,0,6,0,0,0,0,0,0,0,0,0,0,0,0,0,0,0,0,0,0,0,0,0,0,0,0,0,0,0,0,3,0,9,0,0,0,10,68,3,112,0,7,13,210
POA5154,0,0,0,0,0,0,0,0,0,0,0,0,0,0,0,0,0,0,0,0,0,3,0,4,0,0,0,7,0,0,6,0,0,0,6,0,0,0,0,0,0,0,3,0,3,0,0,0,7,6,0,6,0,0,0,15,9,0,0,0,0,0,10,3,0,0,0,0,0,7,4,0,0,0,0,0,6,4,0,0,0,0,0,4,0,0,0,0,0,0,0,0,0,0,0,0,0,0,0,0,3,0,3,0,5,36,0,31,3,3,0,69
POA5155,0,0,5,0,0,4,15,0,0,0,0,0,0,0,0,0,0,0,0,0,4,0,0,4,0,0,0,9,0,0,3,0,0,0,3,0,0,11,0,0,0,11,15,0,12,0,0,0,26,47,0,21,0,0,0,65,11,0,3,0,0,0,22,0,0,0,0,0,0,0,0,0,0,0,0,0,3,0,0,0,0,0,0,0,0,0,0,0,0,0,0,0,0,0,0,0,0,0,0,0,0,0,0,3,3,83,0,59,5,3,9,163
POA5156,0,0,0,0,0,0,6,0,0,0,0,0,0,0,0,0,0,0,0,0,0,0,0,0,0,0,0,0,0,0,0,0,0,0,3,0,0,0,0,0,0,0,0,0,3,0,0,0,5,4,0,0,0,0,0,6,0,0,0,0,0,0,0,0,0,0,0,0,0,0,0,0,0,0,0,0,0,0,0,0,0,0,0,0,0,0,0,0,0,0,0,0,0,0,0,0,0,0,0,0,0,0,0,0,0,11,0,13,0,3,0,26
POA5157,0,0,14,0,0,8,24,0,0,0,0,0,0,0,0,0,0,0,0,0,0,3,0,4,0,0,0,14,0,0,6,0,0,0,7,0,0,3,0,0,0,6,9,0,4,0,0,0,12,3,0,3,0,0,0,7,0,0,0,0,0,0,0,5,0,0,0,0,0,5,0,0,0,0,0,0,0,3,0,0,0,0,0,3,0,0,0,0,0,0,0,0,0,0,0,0,0,0,0,0,4,0,0,0,3,24,0,51,3,0,8,84
POA5158,0,0,24,0,0,7,32,0,12,0,0,0,0,9,0,14,9,3,0,0,30,6,8,20,3,0,0,38,4,3,22,0,0,0,37,25,3,43,0,3,0,71,312,3,161,3,9,0,489,364,0,99,0,5,0,478,43,0,10,3,0,0,54,11,0,0,0,0,0,9,3,0,0,0,0,0,6,0,0,0,0,0,0,3,0,0,0,0,0,0,0,0,0,0,0,0,0,0,7,3,9,3,0,0,24,783,48,392,19,23,17,1281
POA5159,0,8,27,3,0,16,65,0,11,0,3,0,0,13,0,25,7,8,3,0,51,0,25,30,8,23,0,94,3,3,20,0,6,0,35,16,10,58,0,6,0,88,312,21,195,3,5,0,531,367,3,130,0,6,0,504,56,0,16,0,0,0,75,12,0,3,0,0,0,16,6,0,0,0,0,0,10,3,0,0,0,0,0,3,0,0,0,0,0,0,0,3,0,0,0,0,0,3,12,4,14,10,4,6,45,790,107,509,32,60,30,1529
POA5160,0,0,0,0,0,0,0,0,0,0,0,0,0,0,0,0,0,0,0,0,0,0,0,4,0,0,0,4,0,0,0,0,0,0,0,0,0,0,0,0,0,0,0,0,0,0,0,0,0,0,0,0,0,0,0,0,0,0,0,0,0,0,0,0,0,0,0,0,0,0,0,0,0,0,0,0,0,0,0,0,0,0,0,0,0,0,0,0,0,0,0,0,0,0,0,0,0,0,0,0,0,0,0,0,0,0,0,4,0,0,0,4
POA5161,0,3,6,0,0,10,26,0,5,0,3,0,0,7,0,18,3,5,0,0,32,3,5,11,5,0,0,27,3,3,13,0,0,0,23,49,9,63,4,5,3,134,247,7,150,11,7,0,423,96,0,34,4,0,0,132,3,0,0,0,0,0,5,0,0,0,0,0,0,0,0,0,0,0,0,0,4,0,0,0,0,0,0,0,0,0,0,0,0,0,0,0,0,0,0,0,0,0,8,0,8,0,0,0,15,409,47,303,47,14,8,831
POA5162,5,40,17,0,0,15,80,0,172,0,6,3,0,187,6,228,35,12,5,3,288,12,119,38,23,17,3,215,19,38,68,12,16,0,157,244,84,218,20,17,5,596,891,24,417,10,22,0,1368,216,4,85,0,8,4,315,16,0,4,0,0,0,21,5,0,3,0,0,0,8,0,0,0,0,0,0,3,0,0,0,0,0,0,0,0,0,0,0,0,0,0,0,3,0,0,0,0,3,17,42,22,6,3,7,95,1442,773,909,101,94,33,3346
POA5163,0,30,20,0,3,3,53,0,127,3,0,0,0,126,4,145,4,3,3,4,161,5,91,29,29,0,0,165,5,36,34,14,0,0,92,84,61,88,15,3,0,255,354,18,163,7,8,4,559,43,4,26,0,0,0,82,0,0,0,0,0,0,3,0,0,0,0,0,0,3,0,0,0,0,0,0,0,0,0,0,0,0,0,0,0,3,0,0,0,0,3,0,0,0,0,0,0,3,9,30,9,4,0,0,55,520,553,377,75,23,13,1554
POA5164,0,31,7,4,0,0,44,0,89,0,19,0,3,108,0,155,4,14,0,3,178,3,95,4,17,0,0,128,3,28,11,9,0,0,55,38,30,41,12,0,0,121,193,17,55,4,3,0,273,10,6,4,0,0,0,13,0,0,0,0,0,0,3,0,0,0,0,0,0,0,0,0,0,0,0,0,0,0,0,0,0,0,0,0,0,0,0,0,0,0,0,0,0,0,0,0,0,0,3,29,5,3,0,0,41,249,484,139,87,4,11,960
POA5165,0,3,8,0,0,7,20,4,11,3,0,0,0,17,0,19,7,3,0,0,32,27,12,11,0,0,0,55,20,6,27,0,0,0,48,114,0,65,0,4,0,186,300,5,70,4,3,3,389,116,0,25,0,0,0,139,8,0,3,0,0,0,7,3,0,3,0,0,0,4,3,0,0,0,0,0,3,0,0,0,0,0,0,0,0,0,0,0,0,0,0,0,0,0,0,0,0,0,8,12,7,3,0,0,27,604,67,229,11,9,14,932
POA5166,0,0,3,0,0,0,8,0,19,0,0,0,0,16,0,13,0,0,0,0,15,0,5,0,0,0,0,9,3,3,3,0,0,0,9,30,7,19,0,0,0,59,76,3,27,0,3,0,108,10,0,0,0,0,0,14,0,0,0,0,0,0,0,0,0,0,0,0,0,0,0,0,0,0,0,0,0,0,0,0,0,0,0,0,0,0,0,0,0,0,0,0,0,0,0,0,0,0,0,0,0,0,0,3,3,119,49,60,3,4,5,241
POA5167,0,3,6,0,0,3,11,0,24,0,0,0,0,24,0,3,8,11,0,0,19,14,5,22,0,0,0,38,10,0,17,0,3,0,27,38,0,28,0,0,0,68,158,0,67,0,3,0,231,73,0,34,0,3,0,105,8,0,8,0,0,0,17,0,0,0,0,0,0,4,0,0,0,0,0,0,0,0,0,0,0,0,0,0,0,0,0,0,0,0,0,0,0,0,0,0,0,0,6,5,4,0,0,0,18,305,44,186,12,11,5,571
POA5168,0,16,3,0,0,3,23,0,50,0,0,0,0,52,0,94,6,9,0,0,111,4,49,5,18,0,0,84,5,16,8,4,0,0,35,35,49,14,7,0,0,108,125,4,41,0,3,0,177,53,3,11,0,0,0,69,3,0,4,0,0,0,7,3,0,0,0,0,0,5,0,0,0,0,0,0,0,0,0,0,0,0,0,0,0,0,0,0,0,0,0,0,0,0,0,0,0,0,4,12,5,0,5,0,22,226,304,110,45,9,3,696
POA5169,0,14,11,6,0,3,30,0,27,3,0,3,0,33,4,68,9,11,0,0,91,15,54,15,29,3,0,120,7,20,21,9,0,0,53,77,26,58,14,0,3,181,551,14,181,5,11,3,768,431,3,88,0,5,0,528,14,0,7,0,0,0,20,3,0,0,0,0,0,6,0,0,0,0,0,0,0,0,0,0,0,0,0,0,0,0,0,0,0,0,0,0,0,0,0,0,0,0,14,20,14,6,3,0,57,1111,253,408,84,24,7,1884
POA5170,0,0,4,0,0,0,3,0,0,0,0,0,0,0,0,0,0,0,0,0,5,0,0,0,0,0,0,0,0,0,3,0,0,0,3,4,0,16,0,0,0,20,24,0,18,0,0,0,46,19,0,0,0,0,0,18,0,0,0,0,0,0,0,0,0,0,0,0,0,0,0,0,0,0,0,0,0,0,0,0,0,0,0,0,0,0,0,0,0,0,0,0,0,0,0,0,0,0,0,0,0,0,0,0,0,57,0,40,4,0,0,98
POA5171,0,0,7,0,3,8,20,0,3,0,0,0,0,5,0,0,7,0,3,0,17,4,0,14,0,3,0,21,9,0,9,0,0,0,16,27,0,24,0,0,0,48,69,0,28,0,5,0,107,55,0,19,0,0,0,71,8,0,3,0,0,0,9,5,0,0,0,0,0,5,0,0,0,0,0,0,0,0,0,0,0,0,0,0,0,0,0,0,0,0,0,0,0,0,0,0,0,0,0,0,0,0,0,0,3,172,5,119,4,15,13,324
POA5172,0,0,11,0,3,5,17,0,3,0,0,0,0,3,0,0,6,0,0,0,7,0,0,7,0,0,0,9,0,0,4,0,0,0,9,12,0,26,0,0,0,37,38,0,29,0,0,0,67,26,0,9,0,0,0,31,8,0,0,0,0,0,12,0,0,0,0,0,0,0,0,0,0,0,0,0,0,0,0,0,0,0,0,0,0,0,0,0,0,0,0,0,0,0,0,0,0,0,0,0,4,0,0,0,4,92,4,89,4,7,10,204
POA5173,4,0,8,0,0,12,23,0,0,0,0,0,0,0,0,3,15,4,3,0,22,15,7,24,7,4,3,63,31,5,23,3,7,0,74,170,5,98,4,9,0,289,492,0,135,3,3,3,634,192,0,44,0,0,0,242,4,0,3,0,0,0,12,3,0,0,0,0,0,7,0,0,0,0,0,0,3,0,0,0,0,0,0,0,0,0,0,0,0,0,0,0,0,0,0,0,0,0,7,3,5,0,3,0,22,924,28,368,21,31,18,1391
POA5174,0,0,0,0,0,3,9,0,0,0,0,0,0,0,0,0,5,0,0,0,5,3,0,10,0,0,0,14,7,0,10,0,0,0,18,47,0,19,0,0,0,66,63,0,17,0,0,0,86,22,0,6,0,0,0,32,0,0,3,0,0,0,3,0,0,0,0,0,0,0,0,0,0,0,0,0,0,0,0,0,0,0,0,0,0,0,0,0,0,0,0,0,0,0,0,0,0,0,3,0,3,0,4,0,5,145,0,68,0,8,6,231
POA5201,0,0,7,0,0,3,15,0,0,0,0,0,0,3,0,3,5,0,0,0,5,0,0,5,0,0,0,9,0,0,5,0,0,0,7,3,0,10,0,0,0,14,8,0,12,0,0,0,23,10,0,3,0,0,0,9,0,0,3,0,0,0,0,0,0,0,0,0,0,0,0,0,0,0,0,0,0,0,0,0,0,0,0,0,0,0,0,0,0,0,0,0,0,0,0,0,0,0,3,0,3,0,0,0,4,30,4,54,0,5,0,98
POA5202,0,0,3,0,0,0,7,0,0,0,0,0,0,0,0,0,3,0,0,0,6,0,0,5,0,3,0,6,0,0,3,0,0,0,3,6,0,0,0,0,0,13,0,0,4,0,0,0,5,3,0,0,0,0,0,3,0,0,0,0,0,0,0,0,0,0,0,0,0,0,0,0,0,0,0,0,0,0,0,0,0,0,0,0,0,0,0,0,0,0,0,0,0,0,0,0,0,0,0,0,3,0,0,0,3,11,0,27,0,7,0,45
POA5203,0,0,0,0,3,4,9,0,4,0,0,0,0,4,0,5,3,0,3,0,11,0,3,6,0,0,0,7,3,0,12,0,0,0,12,12,0,10,0,0,0,21,7,0,10,0,0,0,14,5,0,3,0,0,0,5,0,0,0,0,0,0,0,0,0,0,0,0,0,0,0,0,0,0,0,0,0,0,0,0,0,0,0,0,0,0,0,0,0,0,0,0,0,0,0,0,0,0,0,0,0,3,0,0,6,29,15,38,3,6,3,100
POA5204,0,0,5,0,6,7,21,0,0,0,0,0,0,0,5,0,3,0,6,0,12,19,3,13,0,3,0,34,11,0,18,0,3,0,33,42,0,17,0,3,0,65,48,0,16,0,3,0,66,10,0,4,0,0,0,8,3,0,0,0,0,0,3,0,0,0,0,0,0,0,0,0,0,0,0,0,0,0,0,0,0,0,0,0,0,0,0,0,0,0,0,0,0,0,0,0,0,0,3,0,3,0,3,0,9,146,3,79,0,24,6,262
POA5210,0,0,0,0,0,0,5,0,0,0,0,0,0,0,0,0,0,0,0,0,3,3,0,0,0,0,0,4,0,0,9,0,0,0,10,4,0,9,0,0,0,9,19,0,15,0,0,0,37,3,0,0,0,0,0,8,0,0,0,0,0,0,0,0,0,0,0,0,0,0,0,0,0,0,0,0,0,0,0,0,0,0,0,0,0,0,0,0,0,0,0,0,0,0,0,0,0,0,0,0,0,0,0,0,3,34,0,35,0,5,3,78
POA5211,0,0,41,5,8,19,69,0,11,4,13,5,0,25,7,21,34,18,17,0,106,41,18,50,23,9,0,144,55,4,66,5,11,0,140,272,7,116,3,9,0,403,384,0,93,3,3,3,484,74,0,16,0,0,3,94,5,0,4,0,0,0,11,0,0,0,0,0,0,3,0,0,0,0,0,0,0,0,0,0,0,0,0,0,0,0,0,0,0,0,0,0,0,3,0,0,0,3,17,3,3,9,11,0,42,855,62,422,81,66,31,1525
POA5212,0,0,6,0,0,5,8,0,0,0,0,0,0,0,0,5,3,3,0,0,15,10,7,3,0,3,0,24,10,0,15,0,0,0,22,40,0,14,0,4,0,66,30,0,12,0,3,0,46,4,0,3,0,0,0,10,0,0,0,0,0,0,0,0,0,0,0,0,0,0,0,0,0,0,0,0,0,0,0,0,0,0,0,0,0,0,0,0,0,0,0,0,0,0,0,0,0,0,0,4,0,0,0,0,3,96,21,57,11,7,3,191
POA5213,0,0,0,0,0,4,5,0,0,3,0,0,0,3,0,0,0,0,0,0,3,0,0,11,0,0,0,19,0,0,4,0,0,0,6,15,0,11,0,0,0,27,21,0,8,0,0,0,26,4,0,4,0,0,0,12,0,0,0,0,0,0,0,0,0,0,0,0,0,0,0,0,0,0,0,0,0,0,0,0,0,0,0,0,0,0,0,0,0,0,0,0,0,0,0,0,0,0,0,0,0,0,0,0,0,47,0,44,0,4,4,103
POA5214,3,3,20,0,6,13,39,0,13,3,5,3,0,20,7,9,18,0,4,0,42,24,15,44,4,3,5,97,36,9,49,8,3,0,104,163,5,71,4,3,0,248,175,0,53,0,3,3,235,21,0,7,0,0,0,36,3,0,3,0,0,0,10,0,0,0,0,0,0,0,0,0,0,0,0,0,4,0,0,0,0,0,0,0,0,0,0,0,0,0,0,0,0,0,0,0,0,3,6,4,10,0,3,0,20,443,56,270,31,29,20,844
POA5220,0,0,0,0,0,0,0,0,0,0,0,0,0,0,0,0,0,0,0,0,0,3,0,5,0,0,0,11,0,0,0,0,0,0,3,0,0,0,0,0,0,0,0,0,0,0,0,0,0,0,0,0,0,0,0,0,0,0,0,0,0,0,0,0,0,0,0,0,0,0,0,0,0,0,0,0,0,0,0,0,0,0,0,0,0,0,0,0,0,0,0,0,0,0,0,0,0,0,0,0,0,0,0,0,0,8,0,7,0,0,0,21
POA5221,0,0,4,0,0,3,4,0,0,0,0,0,0,0,0,0,0,0,0,0,0,3,0,7,0,0,0,9,0,0,0,0,0,0,3,0,0,4,0,0,0,4,0,0,0,0,0,0,0,0,0,0,0,0,0,0,0,0,0,0,0,0,0,0,0,0,0,0,0,0,0,0,0,0,0,0,0,0,0,0,0,0,0,0,0,0,0,0,0,0,0,0,0,0,0,0,0,0,0,0,0,0,0,0,0,6,0,16,0,0,3,20
POA5222,0,0,6,0,0,7,12,0,0,0,0,0,0,0,0,0,3,0,0,0,3,6,0,5,3,0,0,17,4,0,4,0,0,0,10,0,0,7,0,0,0,6,0,0,0,0,0,0,4,0,0,0,0,0,0,0,0,0,0,0,0,0,0,0,0,0,0,0,0,0,0,0,0,0,0,0,0,0,0,0,0,0,0,0,0,0,0,0,0,0,0,0,0,0,0,0,0,0,0,0,0,0,0,0,0,12,0,27,3,4,10,52
POA5223,4,8,20,3,9,18,56,0,5,3,0,0,0,16,12,10,31,0,5,0,65,35,6,32,0,7,0,83,21,7,19,0,0,0,37,46,0,17,0,0,0,60,19,0,6,0,0,0,23,0,0,0,0,0,0,0,0,0,0,0,0,0,0,0,0,0,0,0,0,0,0,0,0,0,0,0,0,0,0,0,0,0,0,0,0,0,0,0,0,0,0,0,0,0,0,0,0,0,3,0,9,0,4,0,16,135,37,132,16,25,21,364
POA5231,0,0,7,0,0,0,4,0,0,0,0,0,0,0,0,0,0,0,0,0,0,0,0,0,0,0,0,4,0,0,3,0,0,0,3,0,0,0,0,0,0,4,5,0,6,0,0,0,8,3,0,3,0,0,0,7,0,0,0,0,0,0,0,0,0,0,0,0,0,0,0,0,0,0,0,0,0,0,0,0,0,0,0,0,0,0,0,0,0,0,0,0,0,0,0,0,0,0,0,0,3,0,0,0,3,12,0,24,0,3,0,35
POA5232,0,0,3,0,0,0,3,0,0,0,0,0,0,0,0,0,0,0,0,0,0,0,0,0,0,0,0,0,0,0,0,0,0,0,0,0,0,0,0,0,0,0,0,0,0,0,0,0,0,0,0,0,0,0,0,0,0,0,0,0,0,0,0,0,0,0,0,0,0,0,0,0,0,0,0,0,0,0,0,0,0,0,0,0,0,0,0,0,0,0,0,0,0,0,0,0,0,0,0,0,0,0,0,0,0,3,0,3,0,0,0,3
POA5233,0,0,6,0,0,0,5,0,0,0,0,0,0,3,0,3,0,0,0,0,3,0,0,3,0,0,0,11,4,0,3,0,0,0,9,3,0,5,0,0,0,8,9,0,3,0,0,0,14,9,0,7,0,0,0,16,0,0,0,0,0,0,0,0,0,0,0,0,0,3,0,0,0,0,0,0,0,0,0,0,0,0,0,0,0,0,0,0,0,0,0,0,0,0,0,0,0,0,0,0,3,0,0,0,4,23,4,29,3,8,0,64
POA5234,0,0,4,0,3,3,8,0,0,0,0,0,0,0,0,0,4,0,0,0,7,0,0,6,0,0,0,6,0,0,6,0,0,0,6,4,0,3,0,0,0,11,10,0,12,0,0,0,18,4,0,5,0,0,0,6,0,0,0,0,0,0,0,0,0,0,0,0,0,0,0,0,0,0,0,0,0,0,0,0,0,0,0,0,0,0,0,0,0,0,0,0,0,0,0,0,0,0,0,0,0,0,0,0,5,21,0,39,0,3,3,65
POA5235,0,0,7,0,6,5,22,0,0,0,0,0,0,0,0,0,4,6,3,3,12,7,0,3,0,0,0,9,9,0,17,0,3,0,33,12,0,16,0,0,3,34,11,0,15,0,0,0,31,3,0,5,0,0,0,7,3,0,0,0,0,0,3,0,0,0,0,0,0,0,0,0,0,0,0,0,0,0,0,0,0,0,0,0,0,0,0,0,0,0,0,0,0,0,0,0,0,0,0,0,0,0,0,0,5,48,3,65,3,13,9,143
POA5236,0,0,0,0,0,0,3,0,0,0,0,0,0,0,0,0,0,0,0,0,0,0,0,0,0,0,0,0,0,0,3,0,0,0,3,4,0,0,0,0,0,6,3,0,0,0,0,0,3,0,0,0,0,0,0,0,0,0,0,0,0,0,0,0,0,0,0,0,0,0,0,0,0,0,0,0,0,0,0,0,0,0,0,0,0,0,0,0,0,0,0,0,0,0,0,0,0,0,0,0,0,0,0,0,0,6,0,4,0,0,0,8
POA5237,0,0,0,0,0,3,3,0,0,0,0,0,0,0,0,0,0,0,0,0,0,0,0,3,0,0,0,3,0,0,0,0,0,0,3,3,0,0,0,0,0,3,0,0,0,0,0,0,0,0,0,0,0,0,0,0,0,0,0,0,0,0,0,0,0,0,0,0,0,0,0,0,0,0,0,0,0,0,0,0,0,0,0,0,0,0,0,0,0,0,0,0,0,0,0,0,0,0,0,0,0,0,0,0,0,3,0,4,0,0,3,16
POA5238,0,0,14,0,3,3,27,0,10,0,0,0,0,13,12,19,23,7,3,0,62,55,8,32,0,9,0,103,31,9,26,0,3,0,72,47,0,31,0,0,0,79,17,0,15,0,0,0,33,0,0,4,0,0,0,4,0,0,0,0,0,0,0,0,0,0,0,0,0,0,0,0,0,0,0,0,0,0,0,0,0,0,0,0,0,0,0,0,0,0,0,0,0,0,0,0,0,0,0,0,3,0,0,0,17,163,52,150,12,25,12,407
POA5240,0,0,0,0,0,0,0,0,0,0,0,0,0,0,0,0,0,0,0,0,0,0,0,0,0,0,0,0,0,0,3,0,0,0,5,0,0,3,0,0,0,3,4,0,3,0,0,0,6,4,0,0,0,0,0,5,0,0,0,0,0,0,0,0,0,0,0,0,0,0,0,0,0,0,0,0,0,0,0,0,0,0,0,0,0,0,0,0,0,0,0,0,0,0,0,0,0,0,0,0,0,0,0,0,0,10,0,12,0,0,0,20
POA5241,0,5,6,0,0,3,14,0,3,0,0,0,0,3,0,9,3,0,4,0,15,0,3,7,0,0,0,6,0,0,4,0,0,0,7,8,3,5,0,0,0,20,34,0,27,0,0,0,62,19,0,8,0,0,0,23,0,0,0,0,0,0,0,0,0,0,0,0,0,0,0,0,0,0,0,0,0,0,0,0,0,0,0,0,0,0,0,0,0,0,0,0,0,0,0,0,0,0,3,0,3,0,0,0,7,70,24,55,3,3,3,160
POA5242,0,0,0,0,0,4,3,0,0,0,0,0,0,0,0,0,0,0,0,0,0,0,3,3,0,0,0,6,0,0,9,0,0,0,11,10,0,4,0,0,0,11,28,0,10,0,0,0,38,9,0,5,0,0,0,17,3,0,0,0,0,0,6,0,0,4,0,0,0,4,0,0,0,0,0,0,0,0,0,0,0,0,0,0,0,0,0,0,0,0,0,0,0,0,0,0,0,0,0,0,0,0,0,0,3,53,3,28,0,4,4,93
POA5243,0,0,0,0,0,0,3,0,0,0,0,0,0,0,0,0,0,0,0,0,0,3,0,4,0,0,0,4,3,0,0,0,0,0,3,4,0,0,0,0,0,3,7,0,3,0,0,0,10,8,0,6,0,0,0,11,0,0,3,0,0,0,4,3,0,0,0,0,0,3,0,0,0,0,0,0,0,0,0,0,0,0,0,0,0,0,0,0,0,0,0,0,0,0,0,0,0,0,0,0,3,0,0,0,3,28,0,20,0,4,0,46
POA5244,0,4,5,0,0,3,14,0,0,0,0,0,0,3,0,4,3,5,0,0,17,3,0,5,3,0,0,15,3,0,6,3,0,0,15,14,5,16,0,3,0,42,55,0,22,0,6,0,80,31,0,14,0,0,0,50,0,0,0,0,0,0,0,0,0,0,0,0,0,0,0,0,0,0,0,0,0,0,0,0,0,0,0,0,0,0,0,0,0,0,0,0,0,3,0,0,0,3,3,0,0,3,0,0,13,113,14,82,16,14,9,239
POA5245,0,0,3,3,4,3,13,0,0,0,0,0,0,0,0,0,3,0,0,0,7,0,0,3,6,0,0,14,0,0,6,8,3,0,13,0,0,3,3,3,0,11,6,0,15,0,3,0,26,28,0,9,0,0,0,42,15,0,3,0,0,0,14,0,0,3,0,0,0,3,0,0,0,0,0,0,3,0,0,0,0,0,0,0,0,0,0,0,0,0,0,0,0,0,0,0,0,0,3,0,0,3,0,0,9,59,0,57,23,15,3,148
POA5250,0,0,0,0,0,0,0,0,0,0,0,0,0,3,0,0,0,0,0,0,4,0,3,3,3,0,0,12,0,0,3,0,0,0,7,7,0,10,0,0,0,19,31,4,21,0,0,0,51,51,0,6,0,0,0,58,11,0,5,0,0,0,14,3,0,0,0,0,0,3,0,0,0,0,0,0,0,0,0,0,0,0,0,0,0,0,0,0,0,0,0,0,0,0,0,0,0,0,0,0,0,0,0,0,0,100,9,51,3,0,0,162
POA5251,3,14,25,0,5,11,56,0,48,0,0,3,0,52,7,98,12,9,0,3,131,6,47,23,22,3,0,107,7,15,22,5,3,0,48,72,33,48,8,9,3,173,392,30,139,4,14,3,578,395,3,85,5,7,3,494,44,0,9,3,0,0,57,9,0,0,0,0,0,5,4,0,0,0,0,0,4,0,0,0,0,0,0,0,0,0,0,0,0,0,0,0,0,0,0,0,0,4,9,15,13,6,0,4,44,938,291,379,76,53,26,1758
POA5252,0,0,17,0,3,6,23,0,3,0,0,0,0,3,0,8,0,4,0,0,11,0,3,7,0,4,0,20,4,3,12,0,0,3,22,33,11,26,0,23,0,98,128,0,41,0,5,0,176,108,0,19,0,0,0,125,7,0,0,0,0,0,3,0,3,3,0,0,0,10,0,0,0,0,0,0,0,0,0,0,0,0,0,0,0,0,0,0,0,0,0,0,0,0,0,0,0,0,3,0,6,0,0,0,13,283,32,126,10,36,8,493
POA5253,7,29,22,3,16,14,91,7,109,18,3,3,3,145,28,172,55,28,14,8,303,176,121,76,15,10,0,401,206,55,79,3,12,3,355,681,23,128,4,21,6,860,201,5,47,0,3,0,264,16,3,9,0,0,0,30,6,0,5,0,0,0,10,3,0,0,0,0,0,6,0,0,0,0,0,0,0,0,0,0,0,0,0,0,0,0,0,0,0,0,0,3,0,0,0,0,0,5,18,41,19,5,15,9,101,1342,561,454,66,92,44,2564
POA5254,0,0,13,0,7,6,26,0,0,0,0,0,0,4,0,0,7,0,0,0,9,3,0,5,0,0,0,12,3,0,7,0,0,0,11,10,0,5,0,0,0,15,8,0,9,0,0,0,14,0,0,0,0,0,0,3,0,0,0,0,0,0,0,0,0,0,0,0,0,0,0,0,0,0,0,0,0,0,0,0,0,0,0,0,0,0,0,0,0,0,0,0,0,0,0,0,0,0,0,0,0,0,3,0,9,27,0,55,0,18,8,106
POA5255,0,4,19,0,7,22,56,0,12,0,0,0,0,15,0,31,8,5,11,0,57,8,24,26,5,0,0,67,7,4,22,3,4,0,45,72,4,39,4,0,0,122,166,3,67,0,7,0,238,69,0,17,0,0,0,90,4,0,0,0,0,0,5,3,0,0,0,0,0,3,0,0,0,0,0,0,0,0,0,0,0,0,0,0,0,0,0,0,0,0,0,0,0,0,0,0,0,0,3,3,4,4,3,4,16,338,85,212,20,29,30,712
POA5256,0,0,4,0,0,6,5,0,0,0,0,0,0,0,0,0,4,0,3,0,7,0,0,12,0,0,0,15,4,0,3,0,0,0,9,13,0,8,0,0,0,24,8,0,7,0,0,0,15,0,0,0,0,0,0,4,0,0,0,0,0,0,0,0,0,0,0,0,0,0,0,0,0,0,0,0,0,0,0,0,0,0,0,0,0,0,0,0,0,0,0,0,0,0,0,0,0,0,0,0,6,0,0,0,6,30,3,44,0,9,4,91
POA5259,0,4,7,0,13,4,28,0,5,0,0,3,0,11,0,5,9,3,6,0,24,4,0,7,0,3,0,13,4,0,0,0,0,0,7,3,0,6,0,0,0,10,0,0,0,0,0,0,3,0,0,0,0,0,0,0,0,0,0,0,0,0,0,0,0,0,0,0,0,0,0,0,0,0,0,0,0,0,0,0,0,0,0,0,0,0,0,0,0,0,0,0,0,0,0,0,0,0,0,0,0,0,3,0,3,12,19,22,9,27,9,102
POA5260,3,4,6,0,0,3,19,0,3,0,0,0,0,7,0,4,10,0,10,0,23,10,0,17,0,3,0,35,22,0,17,0,0,0,44,20,0,10,0,0,0,27,0,0,0,0,0,0,0,0,0,0,0,0,0,0,0,0,0,0,0,0,0,0,0,0,0,0,0,0,0,0,0,0,0,0,0,0,0,0,0,0,0,0,0,0,0,0,0,0,0,0,0,0,0,0,0,0,0,0,0,0,0,0,4,60,7,65,0,16,7,155
POA5261,0,0,7,0,0,3,15,0,0,0,0,0,0,0,3,0,5,0,0,0,4,0,0,4,0,0,0,4,0,0,3,0,0,0,3,0,0,0,0,0,0,0,0,0,0,0,0,0,0,0,0,0,0,0,0,0,0,0,0,0,0,0,0,0,0,0,0,0,0,0,0,0,0,0,0,0,0,0,0,0,0,0,0,0,0,0,0,0,0,0,0,0,0,0,0,0,0,0,0,0,0,0,0,0,7,3,0,13,0,7,3,25
POA5262,0,0,8,0,3,3,13,0,0,0,0,0,0,0,0,0,3,0,0,0,4,0,0,5,0,0,0,5,0,0,0,0,0,0,3,3,0,0,0,0,0,3,0,0,0,0,0,0,0,0,0,0,0,0,0,0,0,0,0,0,0,0,0,0,0,0,0,0,0,0,0,0,0,0,0,0,0,0,0,0,0,0,0,0,0,0,0,0,0,0,0,0,0,0,0,0,0,0,0,0,0,0,3,0,3,6,0,16,0,8,3,37
POA5263,0,0,0,0,11,0,14,0,0,0,0,0,0,0,0,0,0,0,0,0,3,0,0,0,0,0,0,0,0,0,0,0,0,0,0,0,0,0,0,0,0,0,0,0,0,0,0,0,0,0,0,0,0,0,0,0,0,0,0,0,0,0,0,0,0,0,0,0,0,0,0,0,0,0,0,0,0,0,0,0,0,0,0,0,0,0,0,0,0,0,0,0,0,0,0,0,0,0,0,0,0,0,3,0,3,0,0,7,0,12,0,21
POA5264,3,3,5,0,10,9,30,0,3,4,0,3,0,8,0,4,13,0,3,0,25,17,10,9,0,0,0,39,14,0,6,0,0,0,24,4,3,3,0,0,0,4,4,0,0,0,0,0,4,0,0,0,0,0,0,5,0,0,0,0,0,0,0,0,0,0,0,0,0,0,0,0,0,0,0,0,0,0,0,0,0,0,0,0,0,0,0,0,0,0,0,0,0,0,0,0,0,0,0,3,0,0,0,0,9,36,24,50,0,19,7,142
POA5265,0,0,6,0,4,4,18,0,0,0,0,0,0,0,0,0,8,0,0,0,9,3,0,9,0,0,0,10,0,0,0,0,0,0,3,0,0,0,0,0,0,0,0,0,0,0,0,0,0,0,0,0,0,0,0,0,0,0,0,0,0,0,0,0,0,0,0,0,0,0,0,0,0,0,0,0,0,0,0,0,0,0,0,0,0,0,0,0,0,0,0,0,0,0,0,0,0,0,0,0,3,0,4,0,3,5,0,19,0,10,4,40
POA5266,0,0,4,0,13,3,29,0,0,0,0,0,0,0,0,0,13,0,3,0,21,0,0,9,0,0,0,6,0,0,0,0,0,0,3,0,0,0,0,0,0,0,0,0,0,0,0,0,0,0,0,0,0,0,0,0,0,0,0,0,0,0,0,0,0,0,0,0,0,0,0,0,0,0,0,0,0,0,0,0,0,0,0,0,0,0,0,0,0,0,0,0,0,0,0,0,0,0,0,0,0,0,7,0,5,3,0,30,0,28,3,67
POA5267,0,0,13,0,32,16,59,0,3,0,0,0,0,4,13,3,20,7,12,0,48,33,0,12,0,3,0,44,4,0,3,0,0,0,6,0,0,0,0,0,0,3,0,0,0,0,0,0,3,0,0,0,0,0,0,0,0,0,0,0,0,0,0,0,0,0,0,0,0,0,0,0,0,0,0,0,0,0,0,0,0,0,0,0,0,0,0,0,0,0,0,0,0,0,0,0,0,0,0,0,3,0,4,0,9,51,5,52,8,50,18,186
POA5268,0,0,18,0,5,12,40,0,5,7,0,0,0,10,3,13,15,6,7,0,45,42,8,21,0,5,0,78,50,0,23,0,0,0,75,41,0,5,0,3,0,53,5,0,0,0,0,0,11,0,0,0,0,0,0,0,0,0,0,0,0,0,0,0,0,0,0,0,0,0,0,0,0,0,0,0,0,0,0,0,0,0,0,0,0,0,0,0,0,0,0,0,0,0,0,0,0,0,0,0,5,0,5,0,15,146,27,97,11,25,14,326
POA5269,0,0,0,0,6,0,6,0,0,0,0,0,0,0,0,0,3,0,0,0,3,0,0,3,0,0,0,3,0,0,0,0,0,0,0,0,0,0,0,0,0,0,0,0,0,0,0,0,0,0,0,0,0,0,0,0,0,0,0,0,0,0,0,0,0,0,0,0,0,0,0,0,0,0,0,0,0,0,0,0,0,0,0,0,0,0,0,0,0,0,0,0,0,0,0,0,0,0,0,0,0,0,0,0,0,0,0,7,0,3,0,12
POA5270,0,0,4,0,3,0,10,0,0,0,0,0,0,0,0,0,0,0,0,0,3,0,0,3,0,0,0,3,4,0,0,0,0,0,8,0,0,0,0,0,0,0,0,0,3,0,0,0,4,0,0,0,0,0,0,0,0,0,0,0,0,0,0,0,0,0,0,0,0,0,0,0,0,0,0,0,0,0,0,0,0,0,0,0,0,0,0,0,0,0,0,0,0,0,0,0,0,0,0,0,3,0,3,0,3,10,0,18,0,8,0,29
POA5271,4,7,17,5,26,17,74,0,18,8,0,0,0,21,25,39,40,6,10,7,130,80,12,39,6,13,0,159,54,4,36,0,9,0,105,108,0,40,3,6,4,167,54,0,22,0,0,0,71,3,0,0,0,0,0,3,0,0,0,0,0,0,0,0,0,0,0,0,0,0,0,0,0,0,0,0,0,0,0,0,0,0,0,0,0,0,0,0,0,0,0,0,0,0,0,0,0,3,8,4,5,3,8,3,37,341,93,208,21,80,25,771
POA5272,0,0,3,0,23,7,35,0,0,10,0,0,0,9,0,3,13,0,4,0,21,0,0,8,0,0,0,14,0,0,0,0,0,0,0,0,0,0,0,0,0,0,0,0,0,0,0,0,0,0,0,0,0,0,0,0,0,0,0,0,0,0,0,0,0,0,0,0,0,0,0,0,0,0,0,0,0,0,0,0,0,0,0,0,0,0,0,0,0,0,0,0,0,0,0,0,0,0,0,0,3,0,4,0,12,5,3,36,0,34,7,90
POA5273,0,0,0,0,3,4,9,0,0,0,0,0,0,0,0,0,0,0,0,0,0,0,0,0,0,0,0,0,0,0,0,0,0,0,0,0,0,0,0,0,0,0,0,0,0,0,0,0,0,0,0,0,0,0,0,0,0,0,0,0,0,0,0,0,0,0,0,0,0,0,0,0,0,0,0,0,0,0,0,0,0,0,0,0,0,0,0,0,0,0,0,0,0,0,0,0,0,0,0,0,0,0,0,0,0,0,0,4,0,3,4,7
POA5275,0,0,9,0,21,21,54,0,0,4,0,0,0,3,13,6,19,3,7,0,44,19,10,27,3,7,0,66,25,0,11,0,0,0,43,19,0,6,0,0,0,27,0,0,0,0,0,0,3,0,0,3,0,0,0,3,0,0,0,0,0,0,0,0,0,0,0,0,0,0,0,0,0,0,0,0,0,0,0,0,0,0,0,0,0,0,0,0,0,0,0,0,0,0,0,0,0,0,0,0,3,0,7,0,17,81,22,86,8,41,23,258
POA5276,0,0,3,0,0,4,13,0,3,0,0,0,0,3,0,3,0,0,0,0,12,8,0,12,0,4,3,28,8,3,9,0,0,0,17,24,0,8,0,0,0,30,14,0,3,0,0,0,19,0,0,0,0,0,0,0,0,0,0,0,0,0,0,0,0,0,0,0,0,0,0,0,0,0,0,0,0,0,0,0,0,0,0,0,0,0,0,0,0,0,0,0,0,0,0,0,0,0,0,0,3,0,5,0,7,59,7,39,3,10,4,129
POA5277,0,0,15,0,20,7,37,0,5,4,3,0,0,15,16,4,17,5,8,5,60,33,4,20,0,11,3,77,21,0,12,0,0,0,40,20,0,8,0,3,0,31,5,0,0,0,0,0,7,0,0,0,0,0,0,3,0,0,0,0,3,0,3,0,0,0,0,0,0,0,0,0,0,0,0,0,0,0,0,0,0,0,0,0,0,0,0,0,0,0,0,0,0,0,0,0,0,0,0,0,0,4,4,0,16,110,20,84,11,42,17,284
POA5278,0,0,3,0,0,0,4,0,0,0,0,0,0,0,3,0,7,0,0,0,15,9,0,3,0,0,0,12,0,0,0,0,0,0,0,0,0,0,0,0,0,0,0,0,0,0,0,0,0,0,0,0,0,0,0,0,0,0,0,0,0,0,0,0,0,0,0,0,0,0,0,0,0,0,0,0,0,0,0,0,0,0,0,0,0,0,0,0,0,0,0,0,0,0,0,0,0,0,0,0,0,0,0,0,0,13,0,17,0,0,0,31
POA5279,0,0,3,0,0,0,8,0,0,0,0,0,0,0,6,3,8,0,0,0,12,4,0,4,0,0,0,8,0,0,3,0,0,0,3,0,0,0,0,0,0,3,0,0,0,0,0,0,0,0,0,0,0,0,0,0,0,0,0,0,0,0,0,0,0,0,0,0,0,0,0,0,0,0,0,0,0,0,0,0,0,0,0,0,0,0,0,0,0,0,0,0,0,0,0,0,0,0,0,0,0,0,0,0,0,7,3,17,0,5,0,28
POA5280,7,9,25,0,10,25,71,15,21,8,0,0,0,42,85,60,40,0,15,0,189,110,31,43,8,11,3,202,45,3,20,0,0,0,74,31,0,10,0,3,0,50,7,0,7,0,0,0,17,0,0,0,0,0,0,3,0,0,0,0,0,0,0,0,0,0,0,0,0,0,0,0,0,0,0,0,0,0,0,0,0,0,0,0,0,0,0,0,0,0,0,0,0,0,0,0,0,0,3,7,8,0,4,3,27,302,126,160,10,46,28,672
POA5290,3,41,30,4,4,21,102,10,161,13,8,0,3,187,262,280,56,30,16,7,658,380,249,118,22,38,4,812,283,68,114,9,20,3,505,527,31,113,20,13,0,709,253,5,42,0,3,0,310,68,3,6,0,3,0,82,3,0,3,0,0,0,4,3,3,0,0,0,0,3,0,0,0,0,0,0,0,0,0,0,0,0,0,0,0,0,0,0,0,0,0,0,0,4,0,0,0,5,21,38,17,3,3,8,95,1820,880,517,100,104,58,3477
POA5291,0,0,30,0,14,37,85,0,0,7,0,3,0,9,15,0,29,0,15,0,58,27,0,43,0,12,0,84,13,0,31,0,3,0,44,23,0,21,0,0,0,48,26,0,4,0,3,0,34,18,0,5,0,0,0,24,0,0,0,0,0,0,4,0,0,0,0,0,0,0,0,0,0,0,0,0,0,0,0,0,0,0,0,0,0,0,0,0,0,0,0,0,0,0,0,0,0,0,0,0,4,0,11,0,17,132,0,175,0,64,35,411
POA5301,0,0,6,0,5,9,26,0,0,0,0,0,0,3,0,0,5,0,3,0,10,3,0,3,0,0,0,3,0,0,0,0,0,0,0,0,0,0,0,0,0,0,0,0,0,0,0,0,0,0,0,0,0,0,0,0,0,0,0,0,0,0,0,0,0,0,0,0,0,0,0,0,0,0,0,0,0,0,0,0,0,0,0,0,0,0,0,0,0,0,0,0,0,0,0,0,0,0,0,0,3,0,0,0,4,3,0,20,0,15,9,44
POA5302,0,0,3,0,12,4,20,0,0,0,0,0,0,3,0,7,12,0,3,0,21,0,0,14,3,3,0,20,0,0,3,0,4,0,9,0,0,0,0,0,0,0,0,0,0,0,0,0,0,0,0,0,0,0,0,0,0,0,0,0,0,0,0,0,0,0,0,0,0,0,0,0,0,0,0,0,0,0,0,0,0,0,0,0,0,0,0,0,0,0,0,0,0,0,0,0,0,0,0,0,5,0,3,0,10,0,11,38,3,24,4,81
POA5303,0,0,0,0,10,0,8,0,0,0,0,0,0,0,0,0,0,0,0,0,0,0,0,0,0,0,0,0,0,0,0,0,0,0,0,0,0,0,0,0,0,0,0,0,0,0,0,0,0,0,0,0,0,0,0,0,0,0,0,0,0,0,0,0,0,0,0,0,0,0,0,0,0,0,0,0,0,0,0,0,0,0,0,0,0,0,0,0,0,0,0,0,0,0,0,0,0,0,0,0,0,0,3,0,3,0,0,3,0,14,0,16
POA5304,0,0,3,0,3,7,14,0,0,0,0,0,0,0,0,0,6,0,7,0,14,0,3,12,3,8,0,21,0,0,5,0,0,0,9,0,0,0,0,0,0,0,0,0,0,0,0,0,0,0,0,0,0,0,0,0,0,0,0,0,0,0,0,0,0,0,0,0,0,0,0,0,0,0,0,0,0,0,0,0,0,0,0,0,0,0,0,0,0,0,0,0,0,0,0,0,0,0,0,0,7,0,0,0,7,0,5,28,4,14,12,63
POA5306,0,0,0,0,0,0,3,0,0,0,0,0,0,0,0,0,3,0,0,0,3,0,0,0,0,0,0,0,0,0,0,0,0,0,0,0,0,0,0,0,0,0,0,0,0,0,0,0,0,0,0,0,0,0,0,0,0,0,0,0,0,0,0,0,0,0,0,0,0,0,0,0,0,0,0,0,0,0,0,0,0,0,0,0,0,0,0,0,0,0,0,0,0,0,0,0,0,0,0,0,3,0,0,0,3,0,0,3,0,0,0,5
POA5307,0,3,0,0,0,0,5,0,0,0,0,0,0,0,0,3,4,0,3,0,16,0,0,4,0,0,0,12,0,0,3,0,0,0,3,0,0,3,0,0,0,3,0,0,0,0,0,0,0,0,0,0,0,0,0,0,0,0,0,0,0,0,0,0,0,0,0,0,0,0,0,0,0,0,0,0,0,0,0,0,0,0,0,0,0,0,0,0,0,0,0,0,0,0,0,0,0,0,0,0,5,0,0,0,3,5,9,19,0,9,0,42
POA5308,0,0,3,0,3,0,8,0,0,0,0,0,0,0,0,0,0,0,0,0,0,0,0,3,0,0,0,3,0,0,0,0,0,0,0,0,0,0,0,0,0,0,0,0,0,0,0,0,0,0,0,0,0,0,0,0,0,0,0,0,0,0,0,0,0,0,0,0,0,0,0,0,0,0,0,0,0,0,0,0,0,0,0,0,0,0,0,0,0,0,0,0,0,0,0,0,0,0,0,0,3,0,0,0,5,0,0,8,0,7,0,16
POA5309,0,0,0,0,3,0,6,0,0,0,0,0,0,0,0,0,0,0,0,0,0,0,0,0,0,0,0,0,0,0,0,0,0,0,0,0,0,0,0,0,0,0,0,0,0,0,0,0,0,0,0,0,0,0,0,0,0,0,0,0,0,0,0,0,0,0,0,0,0,0,0,0,0,0,0,0,0,0,0,0,0,0,0,0,0,0,0,0,0,0,0,0,0,0,0,0,0,0,0,0,3,0,0,0,3,0,0,6,0,3,0,10
POA5310,0,0,0,0,0,0,0,0,0,0,0,0,0,0,0,0,0,0,0,0,0,0,0,0,0,0,0,0,0,0,0,0,0,0,0,0,0,0,0,0,0,0,0,0,0,0,0,0,0,0,0,0,0,0,0,0,0,0,0,0,0,0,0,0,0,0,0,0,0,0,0,0,0,0,0,0,0,0,0,0,0,0,0,0,0,0,0,0,0,0,0,0,0,0,0,0,0,0,0,0,3,0,0,0,3,0,0,5,0,0,0,5
POA5311,0,0,8,0,5,3,12,0,0,0,0,0,0,0,0,0,6,0,0,0,10,0,0,0,0,0,0,3,0,0,0,0,0,0,0,3,0,0,0,0,0,0,0,0,0,0,0,0,0,0,0,0,0,0,0,0,0,0,0,0,0,0,0,0,0,0,0,0,0,0,0,0,0,0,0,0,0,0,0,0,0,0,0,0,0,0,0,0,0,0,0,0,0,0,0,0,0,0,0,0,3,0,0,0,3,4,0,21,0,9,3,37
POA5320,0,0,3,0,4,0,12,0,3,0,0,0,0,4,0,0,0,0,0,0,7,3,0,13,0,3,0,19,3,0,7,0,0,0,10,3,0,0,0,0,0,0,0,0,0,0,0,0,0,0,0,0,0,0,0,0,0,0,0,0,0,0,0,0,0,0,0,0,0,0,0,0,0,0,0,0,0,0,0,0,0,0,0,0,0,0,0,0,0,0,0,0,0,0,0,0,0,0,0,0,3,0,3,0,8,7,10,29,0,8,0,58
POA5321,0,0,0,0,0,0,0,0,0,3,0,0,0,3,0,3,4,0,4,0,11,4,0,3,0,4,0,10,0,0,0,0,0,0,0,0,0,0,0,0,0,0,0,0,0,0,0,0,0,0,0,0,0,0,0,0,0,0,0,0,0,0,0,0,0,0,0,0,0,0,0,0,0,0,0,0,0,0,0,0,0,0,0,0,0,0,0,0,0,0,0,0,0,0,0,0,0,0,0,0,0,0,0,0,0,4,3,15,0,8,0,23
POA5322,0,0,3,0,3,4,15,0,0,0,0,10,0,11,3,0,10,0,0,0,15,8,0,4,0,3,0,13,3,0,3,0,0,0,6,0,0,3,0,0,0,7,4,0,0,0,0,0,4,0,0,0,0,0,0,0,0,0,0,0,0,0,0,0,0,0,0,0,0,0,0,0,0,0,0,0,0,0,0,0,0,0,0,0,0,0,0,0,0,0,0,0,0,0,0,0,0,0,0,0,0,0,0,0,3,18,0,28,0,22,4,71
POA5330,0,6,12,0,19,14,44,0,15,3,0,0,0,18,12,24,21,5,12,3,77,28,15,41,15,15,3,115,21,3,30,0,4,0,54,25,0,8,0,4,0,39,7,0,5,0,0,0,12,0,0,0,0,0,0,8,0,0,0,0,0,0,3,0,0,0,0,0,0,0,0,0,0,0,0,0,0,0,0,0,0,0,0,0,0,0,0,0,0,0,0,0,0,0,0,0,0,0,0,0,0,4,4,0,11,96,67,120,27,55,20,382
POA5331,0,0,3,0,0,0,3,0,0,0,0,0,0,0,0,0,0,0,4,0,3,0,0,6,0,0,0,6,0,0,0,0,0,0,0,0,0,0,0,0,0,0,0,0,0,0,0,0,0,0,0,0,0,0,0,0,0,0,0,0,0,0,0,0,0,0,0,0,0,0,0,0,0,0,0,0,0,0,0,0,0,0,0,0,0,0,0,0,0,0,0,0,0,0,0,0,0,0,0,0,0,0,0,0,0,3,0,13,0,3,0,15
POA5332,0,0,4,0,0,0,3,0,0,0,0,0,0,0,0,0,3,0,0,0,4,0,0,7,0,3,0,11,0,0,0,0,0,0,0,0,0,0,0,0,0,3,0,0,0,0,0,0,0,0,0,0,0,0,0,0,0,0,0,0,0,0,0,0,0,0,0,0,0,0,0,0,0,0,0,0,0,0,0,0,0,0,0,0,0,0,0,0,0,0,0,0,0,0,0,0,0,0,0,0,0,0,0,0,0,3,0,21,0,3,0,27
POA5333,0,8,8,0,10,10,33,0,20,0,4,3,0,31,16,19,40,3,14,0,98,50,16,51,6,15,0,150,30,5,34,0,5,0,79,57,3,31,0,0,0,99,33,0,17,0,3,0,52,9,0,3,0,0,0,13,5,0,0,0,0,0,5,0,0,0,0,0,0,0,0,0,0,0,0,0,0,0,0,0,0,0,0,0,0,0,0,0,0,0,0,0,0,0,0,0,0,0,6,0,6,0,4,0,17,205,80,197,21,60,13,578
POA5340,0,3,5,0,11,4,25,0,0,0,0,0,0,0,12,0,3,0,7,0,24,12,0,19,0,10,0,38,6,0,6,0,0,0,16,8,0,7,0,7,0,20,11,0,0,0,0,0,11,0,0,0,0,0,0,0,0,0,0,0,0,0,0,0,0,0,0,0,0,0,0,0,0,0,0,0,0,0,0,0,0,0,0,0,0,0,0,0,0,0,0,0,0,0,0,0,0,0,5,0,0,0,0,0,7,53,4,39,4,38,4,136
POA5341,3,3,23,0,13,12,60,4,40,3,16,0,5,68,21,44,54,16,20,0,155,110,39,96,4,32,0,293,46,10,52,0,0,0,107,58,0,27,0,6,0,97,36,0,28,0,3,0,63,11,0,4,0,0,0,17,0,0,0,0,0,0,0,0,0,0,0,0,0,0,0,0,0,0,0,0,0,0,0,0,0,0,0,0,0,0,0,0,0,0,0,0,0,0,0,0,0,3,4,6,14,7,0,0,32,296,148,295,45,86,22,897
POA5342,0,0,7,0,0,3,15,0,0,0,0,0,0,0,0,0,7,0,0,0,7,8,0,4,0,0,0,13,4,0,3,0,0,0,12,10,0,3,0,0,0,10,0,0,3,0,0,0,6,0,0,0,0,0,0,0,0,0,0,0,0,0,0,0,0,0,0,0,0,0,0,0,0,0,0,0,0,0,0,0,0,0,0,0,0,0,0,0,0,0,0,0,0,0,0,0,0,0,0,0,0,0,0,0,3,19,0,30,0,3,4,55
POA5343,0,7,5,5,9,9,36,0,31,0,13,5,0,45,8,59,7,3,17,0,98,121,41,51,11,16,3,243,65,10,28,4,8,0,107,94,3,13,0,3,0,118,35,0,4,0,0,0,39,15,0,5,0,0,0,18,3,0,0,0,0,0,3,0,0,0,0,0,0,0,0,0,0,0,0,0,0,0,0,0,0,0,0,0,0,0,0,0,0,0,0,0,0,0,0,0,0,0,0,14,9,0,0,0,21,351,165,124,39,57,11,748
POA5344,0,0,3,0,0,3,8,0,0,0,0,0,0,0,0,0,11,0,0,0,12,12,0,6,0,0,0,21,7,0,4,0,0,0,11,4,0,0,0,0,0,8,3,0,0,0,0,0,6,0,0,0,0,0,0,0,0,0,0,0,0,0,0,0,0,0,0,0,0,0,0,0,0,0,0,0,0,0,0,0,0,0,0,0,0,0,0,0,0,0,0,0,0,0,0,0,0,0,3,0,0,0,0,0,3,26,0,31,0,0,3,64
POA5345,0,3,11,0,0,19,37,0,17,7,0,0,4,29,15,30,32,3,4,0,78,57,20,52,0,11,0,136,21,7,21,0,3,0,49,29,0,11,0,3,0,44,11,0,3,0,0,0,12,0,0,0,0,0,0,6,0,0,0,0,0,0,0,0,0,0,0,0,0,0,0,0,0,0,0,0,0,0,0,0,0,0,0,0,0,0,0,0,0,0,0,0,0,0,0,0,0,0,4,8,4,0,0,3,21,136,82,142,3,22,19,415
POA5346,0,0,3,0,0,3,7,0,0,0,0,0,0,0,0,0,3,0,0,0,3,6,0,4,0,0,0,17,0,0,5,0,0,0,3,3,0,0,0,0,0,4,0,0,0,0,0,0,0,0,0,0,0,0,0,0,0,0,0,0,0,0,0,0,0,0,0,0,0,0,0,0,0,0,0,0,0,0,0,0,0,0,0,0,0,0,0,0,0,0,0,0,0,0,0,0,0,0,0,0,0,0,0,0,0,10,0,16,0,4,3,34
POA5350,0,0,0,0,0,0,4,0,0,0,0,0,0,0,0,0,0,0,4,0,8,0,0,0,0,0,0,0,0,0,0,0,0,0,0,0,0,0,0,0,0,0,0,0,0,0,0,0,0,4,0,0,0,0,0,0,0,0,0,0,0,0,0,0,0,0,0,0,0,0,0,0,0,0,0,0,0,0,0,0,0,0,0,0,0,0,0,0,0,0,0,0,0,0,0,0,0,0,0,0,0,0,0,0,0,4,0,3,0,4,0,12
POA5351,0,0,3,0,0,11,23,0,0,0,0,0,0,3,0,0,6,0,4,0,16,4,0,12,6,0,0,23,12,3,15,8,0,0,38,31,0,15,0,3,0,51,37,0,36,0,0,0,73,23,0,7,0,0,0,30,3,0,0,0,0,0,3,0,0,0,0,0,0,0,0,0,0,0,0,0,0,0,0,0,0,0,0,0,0,0,0,0,0,0,0,0,0,0,0,0,0,0,3,0,3,0,3,0,10,106,10,97,18,20,12,268
POA5352,0,0,15,0,9,11,32,0,0,0,3,0,0,3,3,4,8,3,9,0,23,15,3,8,7,6,0,35,23,0,23,0,3,0,48,53,0,31,3,0,0,92,122,3,33,0,9,0,161,33,0,5,0,0,0,41,7,0,0,0,0,0,7,0,0,0,0,0,0,0,0,0,0,0,0,0,0,0,0,0,0,0,0,0,0,0,0,0,0,0,0,0,0,0,0,0,0,0,4,0,5,5,3,3,16,260,9,123,25,32,14,458
POA5353,0,3,13,0,4,14,33,0,0,0,0,3,0,7,0,16,12,0,0,0,30,3,15,23,3,0,0,48,17,5,17,0,0,0,43,29,3,29,0,0,0,73,26,3,17,0,0,0,48,8,0,3,0,0,0,15,0,0,0,0,0,0,0,0,0,0,0,0,0,0,0,0,0,0,0,0,0,0,0,0,0,0,0,0,0,0,0,0,0,0,0,0,0,0,0,0,0,0,0,0,0,0,0,0,8,97,48,116,6,17,12,304
POA5354,0,0,0,0,3,6,10,0,0,0,0,0,0,0,0,3,3,0,0,0,4,3,0,0,0,0,0,4,0,0,4,0,0,0,4,0,0,0,0,0,0,4,0,0,0,0,0,0,0,0,0,0,0,0,0,0,0,0,0,0,0,0,0,0,0,0,0,0,0,0,0,0,0,0,0,0,0,0,0,0,0,0,0,0,0,0,0,0,0,0,0,0,0,0,0,0,0,0,0,0,0,0,0,0,4,3,3,11,0,7,4,32
POA5355,0,3,11,3,10,14,43,0,4,3,10,0,0,16,6,8,11,16,5,0,41,7,17,23,21,12,0,77,16,3,20,5,0,0,45,61,3,39,0,3,0,115,161,0,44,0,4,4,221,52,0,7,0,0,0,61,0,0,3,0,0,0,0,0,0,0,0,0,0,0,0,0,0,0,0,0,0,0,0,0,0,0,0,0,0,0,0,0,0,0,0,0,0,0,0,0,0,0,8,4,5,9,0,0,26,313,49,168,65,34,17,651
POA5356,0,0,3,0,0,0,3,0,0,0,0,0,0,0,0,0,7,0,0,0,5,0,0,4,0,0,0,4,4,0,3,0,0,0,4,11,0,5,0,0,0,9,0,0,0,0,0,0,3,0,0,0,0,0,0,0,0,0,0,0,0,0,0,0,0,0,0,0,0,0,0,0,0,0,0,0,0,0,0,0,0,0,0,0,0,0,0,0,0,0,0,0,0,0,0,0,0,0,0,0,0,0,0,0,0,16,0,20,0,3,0,36
POA5357,0,0,4,0,10,4,12,0,0,0,0,0,0,3,0,0,3,0,3,0,7,0,0,11,3,0,0,10,0,0,0,0,0,0,4,0,0,3,0,0,0,3,0,0,0,0,0,0,0,0,0,0,0,0,0,0,0,0,0,0,0,0,0,0,0,0,0,0,0,0,0,0,0,0,0,0,0,0,0,0,0,0,0,0,0,0,0,0,0,0,0,0,0,0,0,0,0,0,0,0,0,0,0,0,0,4,0,16,3,11,4,40
POA5360,0,0,3,0,0,0,3,0,0,0,0,0,0,0,0,0,0,0,0,0,4,0,0,0,0,0,0,0,0,0,5,0,0,0,7,5,0,0,0,0,0,7,9,0,3,0,0,0,15,9,0,0,0,0,0,5,0,0,0,0,0,0,0,0,0,0,0,0,0,0,0,0,0,0,0,0,0,0,0,0,0,0,0,0,0,0,0,0,0,0,0,0,0,0,0,0,0,0,0,0,0,0,0,0,0,23,0,11,0,0,0,41
POA5371,0,0,0,0,0,0,3,0,0,0,0,0,0,0,0,0,0,0,3,0,3,0,0,4,0,0,0,3,0,0,3,0,0,0,3,3,0,0,0,0,0,3,0,0,6,0,0,0,8,4,0,0,0,0,0,4,0,0,0,0,0,0,0,0,0,0,0,0,0,0,0,0,0,0,0,0,0,0,0,0,0,0,0,0,0,0,0,0,0,0,0,0,0,0,0,0,0,0,0,0,0,0,0,0,3,11,0,18,0,8,0,32
POA5372,0,0,5,0,0,0,8,0,0,0,0,0,0,0,0,3,4,0,0,0,10,0,0,4,0,0,0,9,4,0,3,0,0,0,8,8,0,12,0,0,0,18,21,0,7,0,0,0,28,17,0,3,0,0,0,24,3,0,0,0,0,0,3,0,0,0,0,0,0,0,0,0,0,0,0,0,0,0,0,0,0,0,0,0,0,0,0,0,0,0,0,0,0,0,0,0,0,0,0,0,3,0,0,0,7,54,8,48,0,0,0,116
POA5373,0,0,5,0,0,7,15,0,10,0,3,0,0,16,3,11,4,4,3,0,24,19,9,18,0,0,0,46,13,0,25,0,0,0,43,37,0,27,0,8,0,75,15,0,12,0,4,0,35,7,0,0,0,0,0,4,0,0,0,0,0,0,5,0,0,0,0,0,0,0,0,0,0,0,0,0,0,0,0,0,0,0,0,0,0,0,0,0,0,0,0,0,0,0,0,0,0,0,3,0,5,0,0,0,13,102,26,107,10,23,7,267
POA5374,0,0,5,0,3,9,14,0,0,0,0,0,0,0,4,0,5,0,3,0,14,3,0,17,0,0,0,23,10,0,9,0,0,0,18,9,0,4,0,0,0,13,0,0,0,0,0,0,3,0,0,3,0,0,0,5,0,0,0,0,0,0,0,0,0,0,0,0,0,0,0,0,0,0,0,0,0,0,0,0,0,0,0,0,0,0,0,0,0,0,0,0,0,0,0,0,0,0,0,0,0,0,4,0,9,26,3,54,7,14,8,102
POA5381,0,0,3,0,0,0,10,0,0,0,0,0,0,0,0,0,3,3,0,0,8,0,0,0,0,0,0,0,0,0,0,0,0,0,0,0,0,0,0,0,0,0,0,0,0,0,0,0,0,0,0,0,0,0,0,0,0,0,0,0,0,0,0,0,0,0,0,0,0,0,0,0,0,0,0,0,0,0,0,0,0,0,0,0,0,0,0,0,0,0,0,0,0,0,0,0,0,0,0,0,0,0,0,0,0,3,0,15,3,0,0,20
POA5400,0,0,3,0,0,0,3,0,0,0,0,0,0,0,0,0,0,0,0,0,0,0,0,0,0,0,0,0,0,0,0,0,0,0,0,4,0,7,0,0,0,12,0,0,0,0,0,0,5,3,0,0,0,0,0,3,0,0,0,0,0,0,0,0,0,0,0,0,0,0,0,0,0,0,0,0,0,0,0,0,0,0,0,0,0,0,0,0,0,0,0,0,0,0,0,0,0,0,0,0,0,0,3,0,3,10,0,14,0,3,0,28
POA5401,0,0,10,0,3,3,11,0,0,0,3,0,0,4,0,0,0,0,0,0,3,0,0,3,0,0,0,8,0,0,4,0,0,0,3,5,0,10,0,0,0,19,0,0,5,0,0,0,9,0,0,0,0,0,0,0,0,0,0,0,0,0,0,0,0,0,0,0,0,0,0,0,0,0,0,0,0,0,0,0,0,0,0,0,0,0,0,0,0,0,0,0,0,0,0,0,0,0,0,3,3,0,0,0,5,10,5,35,12,6,3,63
POA5410,0,0,3,0,0,0,3,0,0,0,0,0,0,0,0,0,0,0,0,0,0,0,0,0,0,0,0,4,0,0,0,0,0,0,0,3,0,0,0,3,0,3,0,0,0,0,0,0,0,0,0,0,0,0,0,0,0,0,0,0,0,0,0,0,0,0,0,0,0,0,0,0,0,0,0,0,0,0,0,0,0,0,0,0,0,0,0,0,0,0,0,0,0,0,0,0,0,0,0,0,3,0,0,0,3,3,0,6,0,4,0,15
POA5411,0,0,0,0,0,0,0,0,0,0,0,0,0,0,0,0,0,0,0,0,0,0,0,4,0,0,0,4,0,0,3,0,0,0,3,3,0,3,0,0,0,5,3,0,0,0,0,0,3,0,0,0,0,0,0,0,0,0,0,0,0,0,0,0,0,0,0,0,0,0,0,0,0,0,0,0,0,0,0,0,0,0,0,0,0,0,0,0,0,0,0,0,0,0,0,0,0,0,0,0,0,0,0,0,0,9,0,8,0,0,0,13
POA5412,0,0,4,0,0,7,11,0,0,0,0,0,0,0,0,0,3,9,0,0,15,3,0,7,0,0,0,14,5,0,5,0,0,0,23,30,0,11,0,0,0,35,0,0,3,0,0,0,5,0,0,0,0,0,0,0,0,0,0,0,0,0,0,0,0,0,0,0,0,0,0,0,0,0,0,0,0,0,0,0,0,0,0,0,0,0,0,0,0,0,0,0,0,0,0,0,0,0,0,0,0,0,0,0,0,43,3,37,10,4,10,107
POA5413,0,0,5,0,0,5,12,0,0,4,0,0,0,4,0,3,3,3,0,0,8,5,0,3,8,0,0,17,5,0,3,0,0,0,10,9,0,3,0,0,0,15,0,0,0,0,0,0,0,0,0,0,0,0,0,0,0,0,0,0,0,0,0,0,0,0,0,0,0,0,0,0,0,0,0,0,0,0,0,0,0,0,0,0,0,0,0,0,0,0,0,0,0,0,0,0,0,0,0,0,0,0,0,0,0,18,3,24,14,5,5,69
POA5414,0,0,0,0,0,3,0,0,0,0,0,0,0,0,0,0,7,0,0,0,7,0,0,3,0,0,0,3,0,0,0,0,0,0,0,0,0,0,0,0,0,0,0,0,0,0,0,0,0,0,0,0,0,0,0,0,0,0,0,0,0,0,0,0,0,0,0,0,0,0,0,0,0,0,0,0,0,0,0,0,0,0,0,0,0,0,0,0,0,0,0,0,0,0,0,0,0,0,0,0,0,0,0,0,0,0,0,9,0,3,3,18
POA5415,0,0,0,0,0,3,5,0,0,0,0,0,0,0,0,0,0,0,0,0,0,0,0,3,0,4,0,4,0,0,0,0,0,0,0,0,0,3,0,0,0,3,0,0,0,0,0,0,0,0,0,0,0,0,0,3,0,0,0,0,0,0,0,0,0,0,0,0,0,0,0,0,0,0,0,0,0,0,0,0,0,0,0,0,0,0,0,0,0,0,0,0,0,0,0,0,0,0,0,0,0,0,0,0,0,0,0,15,0,3,3,24
POA5416,0,0,0,0,0,3,3,0,0,0,0,0,0,0,0,0,5,0,0,0,5,0,0,0,0,0,0,0,3,0,3,0,0,0,7,3,0,0,0,0,0,3,0,0,0,0,0,0,0,0,0,0,0,0,0,0,0,0,0,0,0,0,0,0,0,0,0,0,0,0,0,0,0,0,0,0,0,0,0,0,0,0,0,0,0,0,0,0,0,0,0,0,0,0,0,0,0,0,0,0,0,0,0,0,0,7,0,11,0,4,3,22
POA5417,0,0,5,0,5,8,27,0,3,8,3,0,0,17,10,3,8,3,0,0,29,13,0,14,0,4,0,31,11,0,9,0,0,0,20,8,0,8,0,0,0,20,0,0,3,0,0,0,3,0,0,0,0,0,0,0,0,0,0,0,0,0,0,0,0,0,0,0,0,0,0,0,0,0,0,0,0,0,0,0,0,0,0,0,0,0,0,0,0,0,0,0,0,0,0,0,0,0,0,0,3,0,3,0,7,40,12,72,5,16,7,158
POA5418,0,0,0,0,3,0,3,0,0,0,0,0,0,0,0,0,0,0,0,0,3,0,0,0,0,0,0,0,0,0,0,0,0,0,0,0,0,3,0,0,0,3,0,0,0,0,0,0,0,0,0,0,0,0,0,0,0,0,0,0,0,0,0,0,0,0,0,0,0,0,0,0,0,0,0,0,0,0,0,0,0,0,0,0,0,0,0,0,0,0,0,0,0,0,0,0,0,0,0,0,0,0,0,0,0,3,0,3,0,3,0,15
POA5419,0,0,3,0,6,4,11,0,0,0,0,0,0,0,0,0,7,0,3,0,10,0,0,0,0,0,0,0,0,0,0,0,0,0,0,0,0,0,0,0,0,0,0,0,0,0,0,0,0,0,0,0,0,0,0,0,0,0,0,0,0,0,0,0,0,0,0,0,0,0,0,0,0,0,0,0,0,0,0,0,0,0,0,0,0,0,0,0,0,0,0,0,0,0,0,0,0,0,0,0,0,0,0,0,3,0,0,11,0,7,4,21
POA5420,0,0,0,0,0,0,0,0,0,0,0,0,0,0,0,0,0,0,0,0,3,0,0,0,0,0,0,0,0,0,3,0,0,0,3,0,0,0,0,0,0,0,0,0,0,0,0,0,0,0,0,0,0,0,0,0,0,0,0,0,0,0,0,0,0,0,0,0,0,0,0,0,0,0,0,0,0,0,0,0,0,0,0,0,0,0,0,0,0,0,0,0,0,0,0,0,0,0,0,0,0,0,0,0,0,0,0,5,0,0,0,9
POA5421,0,0,3,0,0,3,4,0,0,0,0,0,0,0,0,0,3,0,0,0,3,0,0,0,0,0,0,0,0,0,0,0,0,0,0,0,0,0,0,0,0,0,0,0,0,0,0,0,0,0,0,0,0,0,0,0,0,0,0,0,0,0,0,0,0,0,0,0,0,0,0,0,0,0,0,0,0,0,0,0,0,0,0,0,0,0,0,0,0,0,0,0,0,0,0,0,0,0,0,0,0,0,0,0,0,0,0,6,0,0,3,11
POA5422,0,3,14,0,5,9,28,0,8,0,0,0,0,8,12,14,23,0,4,0,51,32,4,9,0,8,0,49,7,3,0,0,0,0,13,0,0,0,0,0,0,3,0,0,0,0,0,0,0,0,0,0,0,0,0,3,0,0,0,0,0,0,0,0,0,0,0,0,0,0,0,0,0,0,0,0,0,0,0,0,0,0,0,0,0,0,0,0,0,0,0,0,0,0,0,0,0,0,0,3,0,0,0,0,6,54,28,57,0,12,9,167
POA5431,0,0,13,0,3,3,14,0,4,0,0,0,0,4,3,0,8,0,0,0,13,0,0,4,0,0,0,12,0,0,0,0,0,0,0,0,0,0,0,0,0,0,0,0,0,0,0,0,0,0,0,0,0,0,0,0,0,0,0,0,0,0,0,0,0,0,0,0,0,0,0,0,0,0,0,0,0,0,0,0,0,0,0,0,0,0,0,0,0,0,0,0,0,0,0,0,0,0,0,0,4,0,0,0,6,3,9,30,3,3,3,47
POA5432,0,0,0,0,3,0,9,0,0,0,0,0,0,0,0,0,0,0,0,0,0,0,0,0,0,0,0,0,0,0,0,0,0,0,0,0,0,0,0,0,0,0,0,0,0,0,0,0,0,0,0,0,0,0,0,0,0,0,0,0,0,0,0,0,0,0,0,0,0,0,0,0,0,0,0,0,0,0,0,0,0,0,0,0,0,0,0,0,0,0,0,0,0,0,0,0,0,0,0,0,0,0,0,0,3,0,0,4,0,3,0,12
POA5433,0,3,4,3,0,12,20,0,8,0,0,0,0,7,0,6,11,0,0,0,18,11,10,6,0,4,0,26,11,0,7,0,3,0,16,15,0,3,0,0,0,22,3,0,3,0,0,0,9,0,0,0,0,0,0,0,0,0,0,0,0,0,0,0,0,0,0,0,0,0,0,0,0,0,0,0,0,0,0,0,0,0,0,0,0,0,0,0,0,0,0,0,0,0,0,0,0,0,0,0,0,0,0,0,7,43,22,36,6,11,10,131
POA5434,0,0,6,8,3,0,20,0,0,0,0,0,0,0,0,3,4,3,5,0,19,0,0,4,0,0,0,6,0,0,0,0,0,0,0,0,0,0,0,0,0,0,0,0,0,0,0,0,0,0,0,0,0,0,0,0,0,0,0,0,0,0,0,0,0,0,0,0,0,0,0,0,0,0,0,0,0,0,0,0,0,0,0,0,0,0,0,0,0,0,0,0,0,0,0,0,0,0,0,0,0,0,0,0,0,0,6,18,12,15,0,50
POA5440,0,3,6,0,9,3,23,0,0,0,0,0,0,0,0,0,0,0,0,0,0,0,0,0,0,0,0,0,0,0,0,0,0,0,0,0,0,0,0,0,0,0,0,0,0,0,0,0,0,0,0,0,0,0,0,0,0,0,0,0,0,0,0,0,0,0,0,0,0,0,0,0,0,0,0,0,0,0,0,0,0,0,0,0,0,0,0,0,0,0,0,0,0,0,0,0,0,0,0,0,0,0,0,0,0,0,3,7,0,15,3,27
POA5451,0,0,3,0,0,0,6,0,0,0,0,0,0,0,3,4,0,3,0,0,7,3,0,0,0,0,0,6,9,0,3,0,0,0,13,5,0,3,0,0,0,6,7,0,6,0,0,0,11,0,0,0,0,0,0,0,0,0,0,0,0,0,0,0,0,0,0,0,0,0,0,0,0,0,0,0,0,0,0,0,0,0,0,0,0,0,0,0,0,0,0,0,0,0,0,0,0,0,0,0,5,0,0,0,5,22,4,16,3,0,0,51
POA5452,0,0,0,0,4,3,3,0,0,0,0,0,0,0,0,0,0,0,0,0,0,0,0,0,0,3,0,7,0,0,3,0,0,0,3,0,0,4,0,0,0,7,4,0,0,0,0,0,3,0,0,0,0,0,0,0,0,0,0,0,0,0,0,0,0,0,0,0,0,0,0,0,0,0,0,0,0,0,0,0,0,0,0,0,0,0,0,0,0,0,0,0,0,0,0,0,0,0,0,0,0,0,0,0,0,8,0,8,0,5,3,27
POA5453,0,3,10,0,4,11,25,0,18,0,0,0,0,27,6,32,13,0,8,0,53,23,13,18,6,8,0,71,13,15,22,0,4,0,61,62,3,24,3,9,0,100,59,4,22,3,0,0,95,24,0,4,0,0,0,28,0,0,3,0,0,0,3,0,0,0,0,0,0,0,0,0,0,0,0,0,0,0,0,0,0,0,0,0,0,0,0,0,0,0,0,0,3,0,0,0,0,3,3,6,7,4,0,0,15,201,107,119,17,38,12,487
POA5454,0,0,0,0,6,3,9,0,3,3,0,0,0,3,0,0,3,0,0,0,6,0,0,5,0,0,0,9,0,0,0,0,0,0,3,3,0,0,0,0,0,3,0,0,0,0,0,0,0,0,0,0,0,0,0,0,0,0,0,0,0,0,0,0,0,0,0,0,0,0,0,0,0,0,0,0,0,0,0,0,0,0,0,0,0,0,0,0,0,0,0,0,0,0,0,0,0,0,0,0,0,0,0,0,0,8,3,15,0,11,3,36
POA5455,0,0,0,0,0,0,0,0,0,0,0,0,0,0,0,0,0,0,0,0,0,0,0,0,0,0,0,0,0,0,0,0,0,0,0,0,0,0,0,0,0,0,0,0,0,0,0,0,0,0,0,0,0,0,0,0,0,0,0,0,0,0,0,0,0,0,0,0,0,0,0,0,0,0,0,0,0,0,0,0,0,0,0,0,0,0,0,0,0,0,0,0,0,0,0,0,0,0,0,0,0,0,0,0,0,0,0,3,0,0,0,5
POA5460,0,0,3,0,3,4,8,0,0,0,0,0,0,0,0,0,3,0,0,0,5,0,0,4,0,0,0,9,3,0,5,0,0,0,3,3,0,3,0,0,0,9,0,0,0,0,0,0,0,0,0,0,0,0,0,0,0,0,0,0,0,0,0,0,0,0,0,0,0,0,0,0,0,0,0,0,0,0,0,0,0,0,0,0,0,0,0,0,0,0,0,0,0,0,0,0,0,0,0,0,0,0,0,0,0,4,0,23,0,0,4,36
POA5461,0,0,14,4,7,13,26,0,3,0,0,0,0,9,0,3,14,8,0,0,27,15,3,39,13,0,0,60,21,0,20,6,3,0,47,23,5,20,3,0,0,51,10,0,0,0,0,0,6,0,0,3,0,0,0,0,0,0,0,0,0,0,0,0,0,0,0,0,0,0,0,0,0,0,0,0,0,0,0,0,0,0,0,0,0,0,0,0,0,0,0,0,0,0,0,0,0,0,0,0,0,0,0,0,3,64,14,102,37,12,8,239
POA5462,0,0,3,0,0,0,6,0,0,0,0,0,0,0,0,0,0,0,0,0,4,4,0,3,0,0,0,3,0,0,3,0,0,0,6,3,0,3,0,0,0,6,0,0,0,0,0,0,3,0,0,0,0,0,0,0,0,0,0,0,0,0,0,0,0,0,0,0,0,0,0,0,0,0,0,0,0,0,0,0,0,0,0,0,0,0,0,0,0,0,0,0,0,0,0,0,0,0,0,0,0,0,0,0,0,11,0,13,0,4,0,30
POA5464,0,0,4,0,5,7,19,0,0,0,0,0,0,3,0,0,7,0,0,0,7,3,0,3,0,0,0,7,5,0,5,0,0,0,8,0,0,3,0,0,0,4,0,0,0,0,0,0,0,0,0,0,0,0,0,0,0,0,0,0,0,0,0,0,0,0,0,0,0,0,0,0,0,0,0,0,0,0,0,0,0,0,0,0,0,0,0,0,0,0,0,0,0,0,0,0,0,0,0,0,0,0,0,0,3,10,0,21,0,6,7,48
POA5470,0,0,0,0,0,0,0,0,0,0,0,0,0,0,0,0,0,0,0,0,0,0,0,0,0,0,0,0,0,0,0,0,0,0,0,0,0,0,0,0,0,0,0,0,0,0,0,0,0,0,0,0,0,0,0,0,0,0,0,0,0,0,0,0,0,0,0,0,0,0,0,0,0,0,0,0,0,0,0,0,0,0,0,0,0,0,0,0,0,0,0,0,0,0,0,0,0,0,0,0,0,0,0,0,0,0,0,0,0,0,0,8
POA5471,0,0,0,0,0,0,0,0,0,0,0,0,0,0,0,0,0,0,0,0,0,0,0,0,0,0,0,0,0,0,0,0,0,0,0,0,0,0,0,0,0,0,0,0,0,0,0,0,0,0,0,0,0,0,0,0,0,0,0,0,0,0,0,0,0,0,0,0,0,0,0,0,0,0,0,0,0,0,0,0,0,0,0,0,0,0,0,0,0,0,0,0,0,0,0,0,0,0,0,0,0,0,0,0,0,0,0,3,0,0,0,3
POA5472,0,0,0,0,0,0,5,0,0,0,0,0,0,0,0,0,0,0,0,0,0,0,0,0,0,0,0,0,0,0,0,0,0,0,0,0,0,0,0,0,0,0,0,0,0,0,0,0,0,0,0,0,0,0,0,0,0,0,0,0,0,0,0,0,0,0,0,0,0,0,0,0,0,0,0,0,0,0,0,0,0,0,0,0,0,0,0,0,0,0,0,0,0,0,0,0,0,0,0,0,0,0,0,0,0,0,0,6,0,0,0,7
POA5473,0,3,3,4,0,0,12,0,0,0,0,0,0,0,0,0,7,0,3,0,14,11,0,9,4,0,0,24,3,0,8,0,0,0,11,0,0,0,0,0,0,5,0,0,0,0,3,0,3,0,0,0,0,0,0,0,0,0,0,0,0,0,0,0,0,0,0,0,0,0,0,0,0,0,0,0,0,0,0,0,0,0,0,0,0,0,0,0,0,0,0,0,0,0,0,0,0,0,0,0,0,0,0,0,0,17,5,25,7,10,3,65
POA5480,0,3,4,0,0,3,11,0,7,0,0,0,0,11,0,0,6,0,0,0,8,3,0,7,3,3,0,18,3,0,7,0,0,0,10,0,0,4,0,0,0,3,0,0,0,0,0,0,3,0,0,0,0,0,0,0,0,0,0,0,0,0,0,0,0,0,0,0,0,0,0,0,0,0,0,0,0,0,0,0,0,0,0,0,0,0,0,0,0,0,0,0,0,0,0,0,0,0,0,0,0,0,0,0,0,12,8,31,3,10,4,73
POA5481,0,0,4,0,0,4,9,0,0,0,0,0,0,0,3,0,3,0,0,0,7,0,0,4,0,0,0,4,0,0,0,0,0,0,3,0,0,0,0,0,0,0,0,0,0,0,0,0,0,0,0,0,0,0,0,0,0,0,0,0,0,0,0,0,0,0,0,0,0,0,0,0,0,0,0,0,0,0,0,0,0,0,0,0,0,0,0,0,0,0,0,0,0,0,0,0,0,0,0,0,0,0,0,0,0,4,0,15,0,4,4,27
POA5482,0,0,5,0,0,3,10,0,0,0,0,0,0,0,0,0,0,0,0,0,8,0,3,0,3,3,0,10,0,0,0,3,0,0,4,0,0,0,0,0,0,4,0,0,0,0,0,0,0,0,0,0,0,0,0,0,0,0,0,0,0,0,0,0,0,0,0,0,0,0,0,0,0,0,0,0,0,0,0,0,0,0,0,0,0,0,0,0,0,0,0,0,0,0,0,0,0,0,0,0,0,0,0,0,0,3,8,4,7,5,3,31
POA5483,0,0,0,0,0,0,0,0,0,0,0,0,0,0,0,0,0,0,0,0,0,5,0,4,0,0,0,5,0,0,0,0,0,0,4,0,0,0,0,0,0,0,0,0,0,0,0,0,0,0,0,0,0,0,0,0,0,0,0,0,0,0,0,0,0,0,0,0,0,0,0,0,0,0,0,0,0,0,0,0,0,0,0,0,0,0,0,0,0,0,0,0,0,0,0,0,0,0,0,0,0,0,0,0,0,3,0,10,0,0,0,21
POA5485,0,0,4,0,0,4,10,0,0,0,0,0,0,0,0,0,9,0,0,0,4,0,0,12,0,0,0,11,0,0,6,0,0,0,4,0,0,0,0,0,0,0,0,0,0,0,0,0,0,0,0,0,0,0,0,0,0,0,0,0,0,0,0,0,0,0,0,0,0,0,0,0,0,0,0,0,0,0,0,0,0,0,0,0,0,0,0,0,0,0,0,0,0,0,0,0,0,0,0,0,0,0,0,0,0,3,0,27,0,0,4,35
POA5490,0,0,4,0,0,3,5,0,0,0,0,0,0,0,0,0,0,0,0,0,0,0,0,3,0,0,0,3,0,0,0,0,0,0,0,0,0,0,0,0,0,0,0,0,0,0,0,0,0,0,0,0,0,0,0,0,0,0,0,0,0,0,0,0,0,0,0,0,0,0,0,0,0,0,0,0,0,0,0,0,0,0,0,0,0,0,0,0,0,0,0,0,0,0,0,0,0,0,0,0,0,0,0,0,0,0,0,5,0,0,3,9
POA5491,0,0,10,0,3,12,19,0,11,3,0,4,0,14,3,7,8,0,3,0,22,7,0,22,0,6,0,36,3,0,14,0,0,0,22,17,0,13,0,3,0,30,3,0,3,0,0,0,10,0,0,0,0,0,0,0,0,0,0,0,0,0,0,0,0,0,0,0,0,0,0,0,0,0,0,0,0,0,0,0,0,0,0,0,0,0,0,0,0,0,0,0,0,0,0,0,0,0,0,0,7,0,3,0,9,34,22,82,0,22,15,166
POA5493,0,0,0,0,0,0,0,0,0,0,0,0,0,0,0,0,0,0,0,0,0,0,0,4,0,0,0,4,0,0,0,0,0,0,0,0,0,0,0,0,0,0,0,0,0,0,0,0,0,0,0,0,0,0,0,0,0,0,0,0,0,0,0,0,0,0,0,0,0,0,0,0,0,0,0,0,0,0,0,0,0,0,0,0,0,0,0,0,0,0,0,0,0,0,0,0,0,0,0,0,0,0,0,0,0,0,0,4,0,0,0,4
POA5495,0,0,5,0,3,7,14,0,0,0,0,0,0,0,0,0,4,0,0,0,7,5,0,10,0,0,0,19,3,0,3,0,0,0,5,0,0,0,0,0,0,0,0,0,0,0,0,0,0,0,0,0,0,0,0,0,0,0,0,0,0,0,0,0,0,0,0,0,0,0,0,0,0,0,0,0,0,0,0,0,0,0,0,0,0,0,0,0,0,0,0,0,0,0,0,0,0,0,0,0,0,0,0,0,0,8,0,28,0,7,6,48
POA5501,0,0,16,0,11,13,46,0,6,0,0,0,0,8,3,0,15,0,3,0,18,5,0,16,0,0,0,27,7,0,29,0,0,0,44,14,0,32,0,0,0,50,19,0,39,0,0,0,61,12,0,17,0,0,0,27,8,0,4,0,0,0,5,0,0,0,0,0,0,3,0,0,0,0,0,0,0,0,0,0,0,0,0,0,0,0,0,0,0,0,0,0,0,0,0,0,0,0,0,0,9,0,3,0,13,70,5,180,0,29,19,296
POA5502,0,0,3,0,4,5,11,0,0,0,3,0,0,4,0,0,3,3,0,0,9,0,0,3,0,0,0,7,0,0,11,0,0,0,10,3,0,13,0,0,0,24,10,0,9,0,0,0,19,3,0,0,0,0,0,7,0,0,0,0,0,0,0,0,0,0,0,0,0,0,0,0,0,0,0,0,0,0,0,0,0,0,0,0,0,0,0,0,0,0,0,0,0,0,0,0,0,0,0,0,4,0,0,0,5,21,0,47,6,10,5,90
POA5510,0,0,6,0,0,0,8,0,0,0,0,0,0,0,0,0,0,0,0,0,0,0,0,7,0,0,0,7,0,0,0,0,0,0,0,0,0,0,0,0,0,0,0,0,0,0,0,0,0,0,0,0,0,0,0,0,0,0,0,0,0,0,0,0,0,0,0,0,0,0,0,0,0,0,0,0,0,0,0,0,0,0,0,0,0,0,0,0,0,0,0,0,0,0,0,0,0,0,0,0,0,0,0,0,0,0,0,12,0,0,0,12
POA5520,0,0,4,0,3,3,11,0,0,0,0,0,0,0,6,0,9,0,3,0,17,5,0,8,0,0,0,17,3,0,3,0,0,0,5,0,0,3,0,0,0,4,0,0,0,0,0,0,0,0,0,0,0,0,0,0,0,0,0,0,0,0,0,0,0,0,0,0,0,0,0,0,0,0,0,0,0,0,0,0,0,0,0,0,0,0,0,0,0,0,0,0,0,0,0,0,0,0,0,0,0,0,0,0,0,11,0,32,0,13,3,59
POA5521,0,0,0,0,0,0,0,0,0,0,0,0,0,0,0,0,3,0,0,0,3,0,0,4,0,0,0,7,0,0,0,0,0,0,3,0,0,0,0,0,0,0,0,0,0,0,0,0,0,0,0,0,0,0,0,0,0,0,0,0,0,0,0,0,0,0,0,0,0,0,0,0,0,0,0,0,0,0,0,0,0,0,0,0,0,0,0,0,0,0,0,0,0,0,0,0,0,0,0,0,0,0,0,0,0,0,0,11,0,3,0,11
POA5522,0,0,9,0,3,0,15,0,0,4,0,0,0,6,11,0,5,0,0,0,16,18,0,19,0,3,0,42,13,0,11,0,0,0,22,14,0,4,0,0,0,21,6,0,5,0,0,0,11,0,0,0,0,0,0,0,0,0,0,0,0,0,0,0,0,0,0,0,0,0,0,0,0,0,0,0,0,0,0,0,0,0,0,0,0,0,0,0,0,0,0,0,0,0,0,0,0,0,0,0,0,3,0,0,7,62,0,60,0,5,4,142
POA5523,0,3,14,0,3,7,23,0,3,0,0,0,0,3,4,6,10,0,0,0,28,25,5,12,0,4,0,45,4,0,9,0,4,0,18,10,0,7,0,0,0,18,6,0,0,0,0,0,9,0,0,0,0,0,0,0,0,0,0,0,0,0,0,0,0,0,0,0,0,0,0,0,0,0,0,0,0,0,0,0,0,0,0,0,0,0,0,0,0,0,0,0,0,0,0,0,0,0,0,0,0,0,0,0,5,50,17,55,3,10,4,150
POA5540,6,35,29,3,8,23,96,6,139,4,4,0,3,158,58,220,46,3,15,3,346,339,120,94,11,36,6,607,114,29,57,3,9,5,209,211,9,52,0,4,0,282,94,7,24,0,7,0,129,22,0,5,0,0,0,32,0,0,0,0,0,0,0,0,0,0,0,0,0,0,0,0,0,0,0,0,0,0,0,0,0,0,0,0,0,0,0,0,0,0,0,0,0,0,0,0,0,0,14,40,7,9,8,5,73,869,595,311,31,84,39,1930
POA5550,0,0,7,0,15,0,26,0,0,0,0,0,0,0,0,4,3,0,0,0,10,4,0,16,0,3,0,21,5,0,23,0,3,0,28,14,0,9,0,3,0,28,3,0,3,0,0,0,5,0,0,3,0,0,0,3,0,0,0,0,0,0,0,0,0,0,0,0,0,0,0,0,0,0,0,0,0,0,0,0,0,0,0,0,0,0,0,0,0,0,0,0,0,0,0,0,0,0,0,0,0,0,3,0,6,28,5,57,4,29,4,128
POA5552,0,0,3,0,0,0,3,0,0,0,0,0,0,0,0,0,8,0,0,0,8,0,0,0,0,0,0,3,0,0,0,0,0,0,3,0,0,0,0,0,0,0,0,0,0,0,0,0,0,0,0,0,0,0,0,0,0,0,0,0,0,0,0,0,0,0,0,0,0,0,0,0,0,0,0,0,0,0,0,0,0,0,0,0,0,0,0,0,0,0,0,0,0,0,0,0,0,0,0,0,0,0,0,0,0,3,0,19,0,0,0,23
POA5554,0,3,16,3,3,11,29,0,26,0,3,0,0,26,5,38,19,3,9,0,70,18,16,19,4,7,0,59,15,8,30,0,6,0,62,100,3,31,0,8,0,141,53,3,16,0,0,0,69,6,0,0,0,0,0,12,0,0,0,0,0,0,0,0,0,0,0,0,0,0,0,0,0,0,0,0,0,0,0,0,0,0,0,0,0,0,0,0,0,0,0,0,0,0,0,0,0,0,0,3,3,0,3,4,15,203,98,125,11,38,13,491
POA5555,0,0,11,0,3,3,16,0,0,0,0,0,0,0,0,0,6,0,0,0,8,0,0,4,0,0,0,6,3,0,3,0,0,0,3,0,0,0,0,0,0,0,0,0,0,0,0,0,0,0,0,0,0,0,0,0,0,0,0,0,0,0,0,0,0,0,0,0,0,0,0,0,0,0,0,0,0,0,0,0,0,0,0,0,0,0,0,0,0,0,0,0,0,0,0,0,0,0,0,0,0,0,0,0,0,3,0,21,0,3,3,36
POA5556,0,5,10,0,3,3,22,0,16,3,0,0,0,20,6,20,12,7,4,0,48,38,30,35,6,3,0,115,36,3,21,0,5,4,67,114,3,36,0,0,3,161,70,0,17,0,3,0,96,14,0,3,0,0,0,23,3,0,0,0,0,0,3,3,0,0,0,0,0,3,0,0,0,0,0,0,0,0,0,0,0,0,0,0,0,0,0,0,0,0,0,0,3,0,0,0,0,3,4,6,0,0,3,0,16,296,90,141,13,22,12,575
POA5558,0,0,17,0,0,18,38,0,21,0,4,0,3,28,3,3,13,3,0,0,23,32,9,25,3,0,3,76,27,6,18,0,0,0,48,112,0,26,3,0,6,144,70,0,12,0,0,0,89,11,0,7,0,0,0,20,0,0,0,0,0,0,0,0,0,0,0,0,0,0,0,0,0,0,0,0,0,0,0,0,0,0,0,0,0,0,0,0,0,0,0,0,0,0,0,0,0,0,5,6,3,0,0,0,16,254,44,130,14,10,30,492
POA5560,0,0,3,0,0,0,3,0,3,3,0,0,0,6,0,0,3,0,0,0,3,3,0,3,0,0,0,6,3,0,4,0,0,0,6,0,0,0,0,0,0,3,0,0,0,0,0,0,0,0,0,0,0,0,0,0,0,0,0,0,0,0,0,0,0,0,0,0,0,0,0,0,0,0,0,0,0,0,0,0,0,0,0,0,0,0,0,0,0,0,0,0,0,0,0,0,0,0,0,0,0,0,0,0,0,5,3,15,0,0,0,27
POA5570,0,0,5,0,0,3,6,0,0,0,0,0,0,0,0,0,5,0,0,0,11,0,0,0,0,0,0,0,0,0,5,0,0,0,6,4,0,0,0,0,0,4,0,0,0,0,0,0,0,0,0,0,0,0,0,0,0,0,0,0,0,0,0,0,0,0,0,0,0,0,0,0,0,0,0,0,0,0,0,0,0,0,0,0,0,0,0,0,0,0,0,0,0,0,0,0,0,0,0,0,0,0,0,0,0,6,0,15,0,6,3,31
POA5571,0,0,17,0,0,9,22,0,16,0,0,0,0,12,0,5,6,0,3,0,19,0,10,9,5,0,0,27,14,0,10,0,0,0,26,23,0,16,0,0,0,40,11,0,8,0,0,0,14,0,0,3,0,0,0,0,0,0,0,0,0,0,0,0,0,0,0,0,0,0,0,0,0,0,0,0,0,0,0,0,0,0,0,0,0,0,0,0,0,0,0,0,0,0,0,0,0,0,0,0,0,0,0,0,3,44,35,71,4,10,10,178
POA5572,0,0,0,0,0,0,0,0,0,0,0,0,0,0,0,0,0,0,0,0,0,0,0,3,0,0,0,3,0,0,3,0,0,0,3,0,0,0,0,0,0,0,0,0,0,0,0,0,0,0,0,0,0,0,0,0,0,0,0,0,0,0,0,0,0,0,0,0,0,0,0,0,0,0,0,0,0,0,0,0,0,0,0,0,0,0,0,0,0,0,0,0,0,0,0,0,0,0,0,0,0,0,0,0,0,0,0,9,0,0,0,5
POA5573,0,8,11,0,5,15,39,0,18,7,0,0,0,24,3,13,12,0,3,0,36,6,4,20,0,3,0,33,4,0,16,3,0,0,26,15,0,15,0,0,0,35,0,0,0,0,0,0,0,0,0,0,0,0,0,0,0,0,0,0,0,0,0,0,0,0,0,0,0,0,0,0,0,0,0,0,0,0,0,0,0,0,0,0,0,0,0,0,0,0,0,0,0,0,0,0,0,0,0,4,0,0,0,0,5,24,49,77,5,13,18,190
POA5575,0,0,9,0,3,10,26,0,3,0,0,0,0,4,0,10,17,4,0,0,31,6,0,21,0,3,0,28,12,0,12,0,3,0,25,17,0,15,0,0,0,37,0,0,3,0,0,0,9,0,0,0,0,0,0,0,0,0,0,0,0,0,0,0,0,0,0,0,0,0,0,0,0,0,0,0,0,0,0,0,0,0,0,0,0,0,0,0,0,0,0,0,0,0,0,0,0,0,0,3,3,0,3,0,9,33,18,87,4,10,10,166
POA5576,0,0,10,0,0,3,15,0,4,3,0,0,0,9,0,4,10,0,0,0,11,9,3,8,0,3,0,25,11,0,17,0,0,0,29,9,0,9,0,0,0,20,0,0,3,0,0,0,3,0,0,0,0,0,0,0,0,0,0,0,0,0,0,0,0,0,0,0,0,0,0,0,0,0,0,0,0,0,0,0,0,0,0,0,0,0,0,0,0,0,0,0,0,0,0,0,0,0,0,0,0,0,0,0,3,30,17,54,0,5,8,111
POA5577,0,0,4,0,3,3,17,0,0,0,0,0,0,0,0,0,0,0,0,0,3,0,0,10,0,0,0,7,0,0,0,0,0,0,0,0,0,0,0,0,0,0,0,0,0,0,0,0,0,0,0,0,0,0,0,0,0,0,0,0,0,0,0,0,0,0,0,0,0,0,0,0,0,0,0,0,0,0,0,0,0,0,0,0,0,0,0,0,0,0,0,0,0,0,0,0,0,0,0,0,3,0,0,0,3,3,0,16,0,3,3,31
POA5580,0,0,3,0,0,0,4,0,0,0,0,0,0,0,0,0,4,0,0,0,4,0,0,3,0,0,0,3,3,0,0,0,0,0,3,0,0,0,0,0,0,0,0,0,0,0,0,0,0,0,0,0,0,0,0,0,0,0,0,0,0,0,0,0,0,0,0,0,0,0,0,0,0,0,0,0,0,0,0,0,0,0,0,0,0,0,0,0,0,0,0,0,0,0,0,0,0,0,0,0,0,0,0,0,0,3,0,10,0,4,0,19
POA5581,0,0,0,0,0,3,3,0,3,0,0,0,0,3,0,3,6,0,0,0,10,4,0,4,0,0,0,10,0,0,4,0,0,0,6,5,0,5,0,0,0,17,4,0,0,0,0,0,4,0,0,0,0,0,0,3,0,0,0,0,0,0,0,0,0,0,0,0,0,0,0,0,0,0,0,0,0,0,0,0,0,0,0,0,0,0,0,0,0,0,0,0,0,0,0,0,0,0,0,0,0,0,0,0,0,19,9,28,0,4,3,55
POA5582,0,0,3,0,0,0,3,0,0,0,0,0,0,4,0,0,0,0,0,0,0,0,0,0,0,0,0,0,3,0,5,0,0,0,9,14,0,3,0,0,0,18,3,0,0,0,0,0,3,0,0,0,0,0,0,0,0,0,0,0,0,0,0,0,0,0,0,0,0,0,0,0,0,0,0,0,0,0,0,0,0,0,0,0,0,0,0,0,0,0,0,0,0,0,0,0,0,0,0,0,0,0,0,0,0,19,0,16,0,3,0,36
POA5583,0,0,0,0,0,0,0,0,7,0,0,0,0,4,0,0,3,0,0,0,7,7,0,9,0,0,0,19,4,0,7,0,0,0,6,4,0,5,0,0,0,7,3,0,0,0,0,0,6,0,0,0,0,0,0,0,0,0,0,0,0,0,0,0,0,0,0,0,0,0,0,0,0,0,0,0,0,0,0,0,0,0,0,0,0,0,0,0,0,0,0,0,0,0,0,0,0,0,0,0,0,0,0,0,3,22,6,32,0,4,0,62
POA5600,4,23,16,0,0,6,47,0,37,0,0,3,0,42,27,63,16,0,7,3,115,60,30,36,0,7,0,140,31,3,26,0,8,0,61,64,3,20,0,5,0,100,62,0,18,0,10,0,94,25,0,3,0,0,0,38,0,0,0,0,0,0,0,0,0,0,0,0,0,0,0,0,0,0,0,0,0,0,0,0,0,0,0,0,0,0,0,0,0,0,0,0,0,0,0,0,0,0,3,10,4,0,0,0,22,287,171,144,3,43,12,666
POA5601,0,0,3,0,0,0,5,0,0,0,0,0,0,0,0,0,5,0,0,0,9,0,0,0,0,0,0,0,0,0,3,0,0,0,3,0,0,0,0,0,0,0,0,0,0,0,0,0,0,0,0,0,0,0,0,0,0,0,0,0,0,0,0,0,0,0,0,0,0,0,0,0,0,0,0,0,0,0,0,0,0,0,0,0,0,0,0,0,0,0,0,0,0,0,0,0,0,0,0,0,0,0,0,0,5,0,0,14,0,4,3,25
POA5602,0,0,8,3,3,3,18,0,0,0,0,0,0,3,0,3,7,4,3,0,15,3,0,10,0,3,0,19,4,0,15,0,3,0,20,5,0,15,0,3,0,27,0,0,0,0,0,0,0,0,0,0,0,0,0,0,0,0,0,0,0,0,0,0,0,0,0,0,0,0,0,0,0,0,0,0,0,0,0,0,0,0,0,0,0,0,0,0,0,0,0,0,0,0,0,0,0,0,0,0,4,0,0,0,3,17,9,66,9,14,6,119
POA5603,0,0,3,0,3,0,8,0,0,0,0,0,0,0,0,0,0,0,0,0,0,0,0,3,0,0,0,5,3,0,9,0,0,0,7,0,0,0,0,0,0,0,0,0,0,0,0,0,0,0,0,0,0,0,0,0,0,0,0,0,0,0,0,0,0,0,0,0,0,0,0,0,0,0,0,0,0,0,0,0,0,0,0,0,0,0,0,0,0,0,0,0,0,0,0,0,0,0,0,0,0,0,0,0,0,4,0,14,0,3,0,19
POA5604,0,0,3,0,0,0,5,0,0,0,0,0,0,0,0,0,3,0,0,0,3,0,0,7,0,0,0,8,0,0,0,0,0,0,0,0,0,0,0,0,0,3,0,0,0,0,0,0,0,0,0,0,0,0,0,0,0,0,0,0,0,0,0,0,0,0,0,0,0,0,0,0,0,0,0,0,0,0,0,0,0,0,0,0,0,0,0,0,0,0,0,0,0,0,0,0,0,0,0,0,0,0,0,0,0,0,0,18,0,0,0,20
POA5605,0,0,11,0,0,6,20,0,0,0,0,0,0,4,0,0,7,6,0,0,15,9,4,25,6,8,3,54,7,0,3,0,3,0,17,17,0,15,0,0,0,31,13,0,8,0,0,0,24,3,0,4,0,0,0,4,0,0,0,0,0,0,0,0,0,0,0,0,0,0,0,0,0,0,0,0,0,0,0,0,0,0,0,0,0,0,0,0,0,0,0,0,0,0,0,0,0,0,0,0,4,0,0,0,4,49,3,82,12,16,10,173
POA5606,0,32,33,3,4,20,89,0,98,4,21,8,3,134,20,154,36,3,7,0,224,107,87,81,6,13,3,308,83,31,70,0,9,0,193,146,38,102,0,14,0,301,271,16,114,0,11,0,413,95,0,32,0,7,0,133,17,0,4,0,3,0,23,4,0,0,0,0,0,6,0,0,0,0,0,0,0,0,0,0,0,0,0,0,0,0,0,0,0,0,0,0,0,0,0,0,0,0,12,30,13,3,4,0,64,740,500,499,38,78,37,1896
POA5607,0,0,24,0,4,21,56,0,0,9,0,3,0,9,0,0,19,3,6,0,28,0,3,25,4,7,0,41,0,0,21,0,0,0,28,7,0,22,0,0,0,32,34,0,25,0,0,0,54,9,0,7,0,0,0,17,0,0,0,0,0,0,0,0,0,0,0,0,0,3,0,0,0,0,0,0,0,0,0,0,0,0,0,0,0,0,0,0,0,0,0,0,0,0,0,0,0,0,0,0,7,0,0,0,11,58,3,162,9,29,26,285
POA5608,0,131,13,3,3,13,170,3,199,3,3,3,0,214,34,447,37,3,23,10,555,243,316,84,3,20,4,683,125,103,56,4,6,0,295,133,48,35,3,3,4,235,97,10,27,11,3,0,152,12,5,4,0,0,0,22,0,0,0,0,0,0,4,0,0,0,0,0,0,0,0,0,0,0,0,0,0,0,0,0,0,0,0,0,0,0,0,0,0,0,0,0,3,0,0,0,0,3,10,80,11,4,0,8,112,665,1341,279,39,76,40,2445
POA5609,0,0,3,0,0,0,7,0,4,0,0,0,0,4,0,17,0,0,4,0,25,0,18,0,0,10,0,31,17,3,3,0,0,0,24,84,3,3,0,3,0,99,63,0,5,0,0,0,70,18,0,0,0,0,0,21,3,0,0,0,0,0,3,0,0,0,0,0,0,0,0,0,0,0,0,0,0,0,0,0,0,0,0,0,0,0,0,0,0,0,0,0,0,0,0,0,0,0,4,0,0,0,0,0,3,186,51,23,0,17,3,280
POA5630,0,0,0,0,0,0,3,0,0,0,0,0,0,0,0,0,0,0,0,0,0,0,0,3,0,0,0,3,0,0,0,0,0,0,0,0,0,0,0,0,0,0,0,0,0,0,0,0,0,0,0,0,0,0,0,0,0,0,0,0,0,0,0,0,0,0,0,0,0,0,0,0,0,0,0,0,0,0,0,0,0,0,0,0,0,0,0,0,0,0,0,0,0,0,0,0,0,0,0,0,0,0,0,0,0,0,0,3,0,4,0,10
POA5631,0,0,8,0,6,3,16,0,0,3,0,0,0,3,0,4,10,0,3,3,21,4,0,13,0,3,0,23,0,0,11,0,0,0,11,3,0,6,0,0,0,7,0,0,0,0,0,0,0,0,0,0,0,0,0,0,0,0,0,0,0,0,0,0,0,0,0,0,0,0,0,0,0,0,0,0,0,0,0,0,0,0,0,0,0,0,0,0,0,0,0,0,0,0,0,0,0,0,0,0,4,0,0,0,4,7,8,56,0,14,6,92
POA5632,0,0,4,0,3,0,6,0,0,0,0,0,0,0,0,0,0,0,0,0,3,0,0,4,0,0,0,4,0,0,3,0,0,0,3,0,0,0,0,0,0,0,0,0,0,0,0,0,0,0,0,0,0,0,0,0,0,0,0,0,0,0,0,0,0,0,0,0,0,0,0,0,0,0,0,0,0,0,0,0,0,0,0,0,0,0,0,0,0,0,0,0,0,0,0,0,0,0,0,0,6,0,0,0,3,0,0,15,0,7,0,24
POA5633,0,0,3,0,0,8,15,0,0,0,0,0,0,0,0,3,4,0,0,0,6,0,0,0,0,0,0,3,0,0,0,0,0,0,0,0,0,0,0,0,0,0,0,0,0,0,0,0,0,0,0,0,0,0,0,0,0,0,0,0,0,0,0,0,0,0,0,0,0,0,0,0,0,0,0,0,0,0,0,0,0,0,0,0,0,0,0,0,0,0,0,0,0,0,0,0,0,0,0,0,3,0,0,0,6,0,5,11,0,0,8,29
POA5640,0,0,3,0,7,7,17,0,5,0,0,0,0,3,0,8,3,0,3,0,17,0,8,17,3,0,0,31,0,0,9,0,0,0,9,0,0,0,0,0,0,0,0,0,0,0,0,0,0,0,0,0,0,0,0,0,0,0,0,0,0,0,0,0,0,0,0,0,0,0,0,0,0,0,0,0,0,0,0,0,0,0,0,0,0,0,0,0,0,0,0,0,0,0,0,0,0,0,0,0,0,0,0,0,3,7,17,38,3,13,10,87
POA5641,0,4,11,0,7,13,32,0,0,7,0,0,0,10,0,3,13,0,3,0,18,3,0,12,0,3,0,22,0,0,0,0,0,0,0,0,0,0,0,0,0,0,0,0,0,0,0,0,0,0,0,0,0,0,0,0,0,0,0,0,0,0,0,0,0,0,0,0,0,0,0,0,0,0,0,0,0,0,0,0,0,0,0,0,0,0,0,0,0,0,0,0,0,0,0,0,0,0,0,0,6,0,0,0,6,3,9,56,0,9,13,91
POA5642,0,0,3,0,5,4,13,0,0,0,0,0,0,0,0,0,0,0,0,0,0,0,0,0,0,0,0,0,0,0,0,0,0,0,0,0,0,0,0,0,0,0,0,0,0,0,0,0,0,0,0,0,0,0,0,0,0,0,0,0,0,0,0,0,0,0,0,0,0,0,0,0,0,0,0,0,0,0,0,0,0,0,0,0,0,0,0,0,0,0,0,0,0,0,0,0,0,0,0,0,0,0,0,0,3,0,0,7,0,3,4,14
POA5650,0,0,7,0,0,3,11,0,0,0,0,0,0,0,0,0,0,0,0,0,0,0,0,0,0,0,0,0,0,0,0,0,0,0,0,0,0,0,0,0,0,0,0,0,0,0,0,0,0,0,0,0,0,0,0,0,0,0,0,0,0,0,0,0,0,0,0,0,0,0,0,0,0,0,0,0,0,0,0,0,0,0,0,0,0,0,0,0,0,0,0,0,0,0,0,0,0,0,0,0,0,0,0,0,0,0,0,11,0,3,3,20
POA5651,0,0,0,0,0,0,3,0,0,0,0,0,0,0,0,0,0,0,0,0,0,0,0,0,0,0,0,0,0,0,0,0,0,0,0,0,0,0,0,0,0,0,0,0,0,0,0,0,0,0,0,0,0,0,0,0,0,0,0,0,0,0,0,0,0,0,0,0,0,0,0,0,0,0,0,0,0,0,0,0,0,0,0,0,0,0,0,0,0,0,0,0,0,0,0,0,0,0,0,0,0,0,0,0,0,0,0,3,0,0,0,6
POA5652,0,0,8,0,5,0,17,0,3,0,0,0,0,3,0,9,3,0,3,0,20,4,0,10,0,0,0,13,3,0,12,0,0,0,22,3,0,7,0,0,0,10,0,0,0,0,0,0,0,0,0,0,0,0,0,0,0,0,0,0,0,0,0,0,0,0,0,0,0,0,0,0,0,0,0,0,0,0,0,0,0,0,0,0,0,0,0,0,0,0,0,0,0,0,0,0,0,0,0,0,0,0,3,0,3,14,16,41,0,9,0,81
POA5653,0,0,0,0,0,0,5,0,0,3,0,0,0,3,0,0,4,0,0,0,4,0,0,0,0,0,0,0,0,0,0,0,0,0,0,0,0,0,0,0,0,0,0,0,0,0,0,0,0,0,0,0,0,0,0,0,0,0,0,0,0,0,0,0,0,0,0,0,0,0,0,0,0,0,0,0,0,0,0,0,0,0,0,0,0,0,0,0,0,0,0,0,0,0,0,0,0,0,0,0,0,0,0,0,0,0,0,6,0,0,0,12
POA5654,0,0,4,0,3,3,12,0,0,0,0,3,0,6,0,0,4,0,0,0,5,0,0,0,0,0,0,0,0,0,0,0,0,0,0,0,0,0,0,0,0,0,0,0,0,0,0,0,0,0,0,0,0,0,0,0,0,0,0,0,0,0,0,0,0,0,0,0,0,0,0,0,0,0,0,0,0,0,0,0,0,0,0,0,0,0,0,0,0,0,0,0,0,0,0,0,0,0,0,0,0,0,0,0,0,0,3,8,0,7,3,25
POA5655,0,0,3,0,0,3,6,0,0,0,0,0,0,0,0,0,0,0,0,0,0,0,0,0,0,0,0,0,0,0,0,0,0,0,0,0,0,0,0,0,0,0,0,0,0,0,0,0,0,0,0,0,0,0,0,0,0,0,0,0,0,0,0,0,0,0,0,0,0,0,0,0,0,0,0,0,0,0,0,0,0,0,0,0,0,0,0,0,0,0,0,0,0,0,0,0,0,0,0,0,0,0,0,0,0,0,0,3,0,0,3,6
POA5660,0,0,3,0,0,0,3,0,0,0,0,0,0,0,0,0,0,0,0,0,0,0,0,0,0,0,0,0,0,0,0,0,0,0,0,0,0,0,0,0,0,0,0,0,0,0,0,0,0,0,0,0,0,0,0,0,0,0,0,0,0,0,0,0,0,0,0,0,0,0,0,0,0,0,0,0,0,0,0,0,0,0,0,0,0,0,0,0,0,0,0,0,0,0,0,0,0,0,0,0,0,0,0,0,0,0,0,3,0,0,0,3
POA5661,0,0,3,0,4,0,6,0,0,0,0,0,0,3,0,4,0,0,0,0,5,0,0,0,0,0,0,0,0,0,0,0,0,0,0,0,0,0,0,0,0,0,0,0,0,0,0,0,0,0,0,0,0,0,0,0,0,0,0,0,0,0,0,0,0,0,0,0,0,0,0,0,0,0,0,0,0,0,0,0,0,0,0,0,0,0,0,0,0,0,0,0,0,0,0,0,0,0,0,0,0,0,0,0,0,0,4,3,0,3,0,10
POA5670,0,0,0,0,0,6,6,0,4,0,0,0,0,3,0,0,3,0,0,0,6,0,0,5,0,0,0,7,0,0,6,0,0,0,6,0,0,0,0,0,0,0,0,0,0,0,0,0,0,0,0,0,0,0,0,0,0,0,0,0,0,0,0,0,0,0,0,0,0,0,0,0,0,0,0,0,0,0,0,0,0,0,0,0,0,0,0,0,0,0,0,0,0,0,0,0,0,0,0,0,0,0,0,0,0,0,3,20,0,6,6,30
POA5671,0,0,0,0,5,5,11,0,0,0,0,0,0,0,0,0,9,0,0,0,9,0,0,0,0,0,0,0,0,0,0,0,0,0,0,0,0,0,0,0,0,0,0,0,0,0,0,0,0,0,0,0,0,0,0,0,0,0,0,0,0,0,0,0,0,0,0,0,0,0,0,0,0,0,0,0,0,0,0,0,0,0,0,0,0,0,0,0,0,0,0,0,0,0,0,0,0,0,0,0,0,0,0,0,0,0,0,7,0,5,5,20
POA5680,0,0,10,0,6,12,30,0,4,0,0,0,0,5,0,3,10,0,5,0,21,9,11,15,5,3,0,46,10,7,8,0,0,0,28,17,0,11,0,3,0,30,12,0,4,0,0,0,18,0,0,0,0,0,0,5,0,0,0,0,0,0,0,0,0,0,0,0,0,0,0,0,0,0,0,0,0,0,0,0,0,0,0,0,0,0,0,0,0,0,0,0,0,0,0,0,0,0,0,0,0,0,0,3,9,43,27,69,11,23,10,184
POA5690,0,31,7,29,23,10,98,0,43,6,7,3,4,64,5,21,15,8,14,0,55,8,20,15,6,8,0,58,9,8,13,0,0,0,33,35,8,22,3,6,3,82,37,7,16,0,3,0,67,12,0,3,0,0,0,18,0,0,0,0,0,0,0,0,0,0,0,0,0,0,0,0,0,0,0,0,0,0,0,0,0,0,0,0,0,0,0,0,0,0,0,0,0,0,0,0,0,0,4,18,9,5,13,3,51,110,162,97,65,70,23,525
POA5700,3,39,18,3,7,11,87,0,89,3,12,3,3,106,38,190,32,19,32,10,317,170,162,70,7,32,4,451,80,51,53,0,16,0,206,146,45,44,0,5,0,238,110,8,26,3,3,0,147,24,3,3,0,0,0,34,3,0,0,0,0,0,3,0,0,5,0,0,0,5,0,0,0,0,0,0,3,0,0,0,0,0,0,3,0,0,0,0,0,0,0,0,0,0,0,0,0,5,14,48,20,0,12,7,95,591,641,275,45,111,40,1702
POA5701,0,0,0,0,0,0,0,0,0,0,0,0,0,0,0,0,0,0,0,0,0,0,0,0,0,0,0,0,0,0,0,0,0,0,0,0,0,0,0,0,0,0,0,0,0,0,0,0,0,0,0,0,0,0,0,0,0,0,0,0,0,0,0,0,0,0,0,0,0,0,0,0,0,0,0,0,0,0,0,0,0,0,0,0,0,0,0,0,0,0,0,0,0,0,0,0,0,0,0,0,0,0,0,0,0,0,0,0,0,0,0,0
POA5710,0,0,3,0,0,0,7,0,3,0,0,0,0,3,0,0,7,0,0,0,4,7,3,8,0,8,0,29,4,0,3,0,3,0,10,17,0,7,0,0,0,25,25,0,8,0,3,0,39,16,0,3,0,0,0,21,0,0,0,0,0,0,3,0,0,0,0,0,0,0,0,0,0,0,0,0,0,0,0,0,0,0,0,0,0,0,0,0,0,0,0,0,0,0,0,0,0,0,0,0,3,0,0,0,5,74,12,40,0,17,0,142
POA5713,0,0,0,0,0,0,0,0,0,0,0,0,0,0,0,0,0,0,0,0,0,0,0,0,0,0,0,0,0,0,0,0,0,0,0,0,0,0,0,0,0,0,0,0,0,0,0,0,0,0,0,0,0,0,0,0,0,0,0,0,0,0,0,0,0,0,0,0,0,0,0,0,0,0,0,0,0,0,0,0,0,0,0,0,0,0,0,0,0,0,0,0,0,0,0,0,0,0,0,0,0,0,0,0,0,0,0,0,0,0,0,0
POA5715,0,0,0,0,0,0,3,0,0,0,0,0,0,0,0,0,0,0,0,0,0,0,0,0,0,0,0,0,0,0,0,0,0,0,0,0,0,0,0,0,0,0,0,0,0,0,0,0,0,0,0,0,0,0,0,0,0,0,0,0,0,0,0,0,0,0,0,0,0,0,0,0,0,0,0,0,0,0,0,0,0,0,0,0,0,0,0,0,0,0,0,0,0,0,0,0,0,0,0,0,0,0,0,0,0,0,0,0,0,0,0,4
POA5717,0,0,0,0,3,0,3,0,0,0,0,0,0,0,0,0,0,0,0,0,0,0,0,0,0,0,0,0,0,0,0,0,0,0,0,0,0,0,0,0,0,0,0,0,0,0,0,0,0,0,0,0,0,0,0,0,0,0,0,0,0,0,0,0,0,0,0,0,0,0,0,0,0,0,0,0,0,0,0,0,0,0,0,0,0,0,0,0,0,0,0,0,0,0,0,0,0,0,0,0,0,0,0,0,0,0,0,0,0,6,0,6
POA5719,0,0,0,0,3,7,5,0,0,0,0,0,0,0,0,0,0,0,0,0,0,0,0,0,0,0,0,0,0,0,0,0,0,0,0,0,0,0,0,0,0,0,0,0,0,0,0,0,0,0,0,0,0,0,0,0,0,0,0,0,0,0,0,0,0,0,0,0,0,0,0,0,0,0,0,0,0,0,0,0,0,0,0,0,0,0,0,0,0,0,0,0,0,0,0,0,0,0,0,0,0,0,0,0,0,0,0,0,0,3,7,9
POA5720,0,0,0,0,3,3,6,0,0,0,0,0,0,0,0,0,0,0,27,0,24,0,4,0,0,16,0,21,0,0,0,0,0,0,3,0,0,0,0,0,0,0,0,0,0,0,0,0,0,0,0,0,0,0,0,0,0,0,0,0,0,0,0,0,0,0,0,0,0,0,0,0,0,0,0,0,0,0,0,0,0,0,0,0,0,0,0,0,0,0,0,0,0,0,0,0,0,0,0,0,0,0,6,0,6,0,4,0,0,52,3,60
POA5722,0,0,3,0,0,3,7,0,0,0,0,0,0,0,3,0,0,0,0,0,8,4,0,4,0,0,0,6,0,0,3,0,0,0,3,0,0,0,0,0,0,0,0,0,0,0,0,0,0,0,0,0,0,0,0,0,0,0,0,0,0,0,0,0,0,0,0,0,0,0,0,0,0,0,0,0,0,0,0,0,0,0,0,0,0,0,0,0,0,0,0,0,0,0,0,0,0,0,0,0,0,0,0,0,0,9,0,14,0,0,3,29
POA5723,0,0,19,0,11,11,38,0,0,3,0,6,0,14,21,16,21,0,10,0,65,29,6,19,4,3,0,59,11,3,13,0,0,0,25,5,4,4,0,0,0,16,0,3,0,0,0,0,7,0,0,0,0,0,0,0,0,0,0,0,0,0,0,0,0,0,0,0,0,0,0,0,0,0,0,0,0,0,0,0,0,0,0,0,0,0,0,0,0,0,0,0,0,0,0,0,0,0,6,8,3,7,4,3,34,75,42,80,14,37,17,257
POA5724,0,17,0,0,13,11,37,0,26,0,0,0,0,27,0,3,0,0,0,0,3,0,0,0,0,0,0,0,0,0,0,0,0,0,0,0,0,0,0,0,0,0,0,0,0,0,0,0,0,0,0,0,0,0,0,0,0,0,0,0,0,0,0,0,0,0,0,0,0,0,0,0,0,0,0,0,0,0,0,0,0,0,0,0,0,0,0,0,0,0,0,0,0,0,0,0,0,0,0,0,0,3,4,0,12,0,46,3,3,16,8,80
POA5725,4,0,3,0,22,8,37,3,0,0,0,4,0,7,24,0,3,0,104,0,134,70,15,6,0,127,0,224,58,3,8,0,52,0,128,84,0,9,0,21,0,117,72,0,9,0,7,0,88,45,0,10,0,3,0,51,7,0,0,0,0,0,8,0,0,0,0,3,0,3,0,0,0,0,3,0,3,0,0,0,0,0,0,0,0,0,0,0,3,0,3,0,0,0,0,0,0,0,7,0,0,0,15,0,19,376,27,49,3,369,9,821
POA5730,0,0,0,5,0,0,5,0,0,0,0,0,0,0,0,0,0,0,0,0,0,0,0,0,0,0,0,0,0,0,0,0,0,0,0,0,0,0,0,0,0,0,0,0,0,0,0,0,0,0,0,0,0,0,0,0,0,0,0,0,0,0,0,0,0,0,0,0,0,0,0,0,0,0,0,0,0,0,0,0,0,0,0,0,0,0,0,0,0,0,0,0,0,0,0,0,0,0,0,0,0,0,0,0,0,0,0,3,3,0,0,8
POA5731,0,7,0,0,49,7,66,0,3,3,0,10,0,15,0,0,0,0,0,0,0,0,0,0,0,0,0,0,0,0,0,0,0,0,0,0,0,0,0,0,0,0,0,0,0,0,0,0,0,0,0,0,0,0,0,0,0,0,0,0,0,0,0,0,0,0,0,0,0,0,0,0,0,0,0,0,0,0,0,0,0,0,0,0,0,0,0,0,0,0,0,0,0,0,0,0,0,0,0,0,0,0,0,0,0,0,10,3,0,58,7,85
POA5732,0,0,0,10,0,5,16,0,3,0,12,0,0,24,0,0,0,3,0,0,7,0,0,0,0,0,0,0,0,0,0,0,0,0,0,0,0,0,0,0,0,0,0,0,0,0,0,0,0,0,0,0,0,0,0,0,0,0,0,0,0,0,0,0,0,0,0,0,0,0,0,0,0,0,0,0,0,0,0,0,0,0,0,0,0,0,0,0,0,0,0,0,0,0,0,0,0,0,0,0,0,0,0,0,0,0,3,6,31,3,5,42
POA5733,0,3,3,0,5,0,8,0,4,0,0,0,0,3,0,3,0,0,3,0,4,0,0,0,0,0,0,0,0,0,0,0,0,0,0,0,0,0,0,0,0,0,0,0,0,0,0,0,0,0,0,0,0,0,0,0,0,0,0,0,0,0,0,0,0,0,0,0,0,0,0,0,0,0,0,0,0,0,0,0,0,0,0,0,0,0,0,0,0,0,0,0,0,0,0,0,0,0,0,0,3,0,3,0,8,3,12,6,0,12,0,29
POA5734,0,10,0,0,11,0,17,0,10,0,0,0,0,16,0,3,0,0,0,0,3,0,0,0,0,0,0,0,0,0,0,0,0,0,0,0,0,0,0,0,0,0,0,0,0,0,0,0,0,0,0,0,0,0,0,0,0,0,0,0,0,0,0,0,0,0,0,0,0,0,0,0,0,0,0,0,0,0,0,0,0,0,0,0,0,0,0,0,0,0,0,0,0,0,0,0,0,0,0,6,0,0,0,0,3,0,31,0,4,9,0,46
POA5950,0,0,0,0,0,0,0,0,0,0,0,0,0,0,0,0,0,0,0,0,0,0,0,0,0,0,0,0,0,0,0,0,0,0,0,0,0,0,0,0,0,0,0,0,0,0,0,0,0,0,0,0,0,0,0,0,0,0,0,0,0,0,0,0,0,0,0,0,0,0,0,0,0,0,0,0,0,0,0,0,0,0,0,0,0,0,0,0,0,0,0,0,0,0,0,0,0,0,0,0,0,0,0,0,0,0,0,0,0,0,0,0
POA5960,0,0,0,0,0,0,0,0,0,0,0,0,0,0,0,0,0,0,0,0,0,0,0,0,0,0,0,0,0,0,0,0,0,0,0,0,0,0,0,0,0,0,0,0,0,0,0,0,0,0,0,0,0,0,0,0,0,0,0,0,0,0,0,0,0,0,0,0,0,0,0,0,0,0,0,0,0,0,0,0,0,0,0,0,0,0,0,0,0,0,0,0,0,0,0,0,0,0,0,0,0,0,0,0,0,0,0,0,0,0,0,0
