POA_CODE_2016,P_Yr_8_bel_15_19_yr,P_Yr_8_bel_20_24_yr,P_Yr_8_bel_25_34_yr,P_Yr_8_bel_35_44_yr,P_Yr_8_bel_45_54_yr,P_Yr_8_bel_55_64_yr,P_Yr_8_bel_65_74_yr,P_Yr_8_bel_75_84_yr,P_Yr_8_bel_85_yr,P_Yr_8_bel_Tot,P_Did_not_go_to_school_15_19,P_Did_not_go_to_school_20_24,P_Did_not_go_to_school_25_34,P_Did_not_go_to_school_35_44,P_Did_not_go_to_school_45_54,P_Did_not_go_to_school_55_64,P_Did_not_go_to_school_65_74,P_Did_not_go_to_school_75_84,P_Did_not_go_to_school_85,P_Did_not_go_to_school_Tot,P_High_yr_sch_ns_15_19_yr,P_High_yr_sch_ns_20_24_yr,P_High_yr_sch_ns_25_34_yr,P_High_yr_sch_ns_35_44_yr,P_High_yr_sch_ns_45_54_yr,P_High_yr_sch_ns_55_64_yr,P_High_yr_sch_ns_65_74_yr,P_High_yr_sch_ns_75_84_yr,P_High_yr_sch_ns_85_yr,P_High_yr_sch_ns_Tot,P_Tot_15_19_yr,P_Tot_20_24_yr,P_Tot_25_34_yr,P_Tot_35_44_yr,P_Tot_45_54_yr,P_Tot_55_64_yr,P_Tot_65_74_yr,P_Tot_75_84_yr,P_Tot_85_yr_over,P_Tot_Tot
POA5000,0,13,19,19,25,42,51,64,36,274,3,6,13,10,8,3,9,6,8,65,117,449,821,580,639,449,328,158,105,3642,901,3895,4618,2596,2443,1988,1428,583,294,18740
POA5005,0,0,0,0,0,0,0,0,0,0,0,0,0,0,0,0,0,0,0,0,0,0,0,0,0,0,0,0,0,0,0,0,0,0,0,0,0,0,0,0
POA5006,0,3,0,3,0,5,24,28,21,88,0,3,0,0,0,3,3,7,3,18,45,91,150,77,119,116,117,71,73,858,548,1043,1368,738,865,877,867,428,260,7004
POA5007,3,5,5,12,23,49,92,126,128,450,0,3,0,3,7,15,17,25,39,116,7,26,84,57,66,47,31,29,29,374,139,705,1553,929,874,768,425,310,274,5981
POA5008,0,3,29,39,79,119,239,315,189,1017,0,3,24,29,32,43,54,78,32,298,52,72,148,121,125,106,95,95,53,865,381,1083,2265,1781,1820,1568,980,730,386,11001
POA5009,4,4,10,15,15,31,76,96,54,294,0,0,5,4,4,10,11,14,5,57,8,16,35,42,40,38,35,32,17,257,134,358,671,665,751,599,363,270,128,3939
POA5010,0,3,14,33,42,75,95,102,73,451,0,3,17,24,40,43,33,29,15,215,22,22,43,46,61,45,59,56,57,422,174,434,857,822,733,633,419,300,199,4567
POA5011,4,3,16,15,35,58,129,147,119,525,0,3,10,8,22,7,18,47,24,140,31,50,90,85,97,104,81,83,60,678,285,876,1948,1602,1644,1354,813,496,331,9349
POA5012,3,7,49,77,105,127,136,130,86,711,3,3,22,40,82,70,35,58,16,330,36,63,100,98,100,93,81,60,23,653,334,921,1815,1538,1369,1120,656,428,183,8379
POA5013,8,13,30,44,80,141,177,145,133,773,0,3,17,14,31,48,43,37,15,214,45,36,98,68,90,105,115,59,27,643,289,663,1374,1266,1470,1279,806,415,308,7875
POA5014,4,3,18,21,25,89,192,248,170,774,0,0,3,3,12,17,31,45,21,134,50,26,86,76,99,86,125,89,50,691,278,697,1697,1505,1686,1558,1032,708,364,9528
POA5015,0,0,6,10,19,37,63,66,36,227,0,0,0,4,6,3,7,12,3,40,11,28,41,37,53,55,56,23,16,316,135,346,856,774,889,813,505,224,80,4621
POA5016,5,0,6,10,16,39,84,117,141,410,0,0,0,5,0,3,0,4,4,17,14,5,30,38,55,43,63,62,78,384,205,433,1113,1081,1338,1143,762,497,431,7002
POA5017,0,7,16,17,13,42,91,89,23,301,0,0,0,4,3,0,3,3,0,14,21,12,35,58,37,63,66,33,11,335,127,283,601,622,704,673,523,283,73,3885
POA5018,0,3,3,3,4,26,68,48,27,188,0,0,0,0,0,0,0,7,3,5,4,10,15,17,23,45,45,42,25,226,134,327,543,573,793,1077,704,284,118,4549
POA5019,4,3,15,18,20,53,115,115,99,437,3,0,0,3,4,12,3,6,4,31,18,28,50,53,99,91,102,81,68,592,209,451,1014,1202,1364,1399,993,493,312,7447
POA5020,0,0,0,0,0,4,22,30,25,89,0,0,0,0,0,3,3,3,0,9,17,8,10,21,30,17,23,20,7,144,72,157,268,364,409,493,429,200,98,2477
POA5021,0,0,4,0,3,27,86,117,75,317,0,0,3,4,0,0,9,8,3,29,8,12,19,16,26,35,51,54,19,237,107,282,466,536,674,891,977,584,256,4773
POA5022,3,6,8,10,16,31,121,168,152,521,0,0,3,9,9,9,5,24,4,63,31,50,100,96,102,105,86,80,46,703,376,884,1580,1934,2331,2144,1594,900,517,12275
POA5023,3,9,28,29,61,125,293,450,253,1258,0,3,15,15,31,38,57,86,42,288,58,57,99,127,126,138,156,164,128,1058,438,1023,2507,2024,2221,1828,1399,1200,637,13288
POA5024,0,0,8,13,12,59,206,294,159,755,0,3,0,3,5,14,20,38,22,97,24,35,68,68,80,70,82,109,51,583,342,799,1466,1667,2001,1639,1535,1136,501,11085
POA5025,0,0,3,3,25,44,186,210,104,586,0,0,5,7,9,7,11,34,10,76,13,17,40,28,40,26,45,46,29,275,195,496,1017,991,1149,912,848,633,245,6476
POA5031,3,9,7,15,20,38,140,241,77,544,4,3,10,17,8,8,27,58,13,156,24,33,83,73,80,69,64,52,19,490,260,959,1884,1365,1324,1034,643,507,163,8137
POA5032,0,5,22,20,26,51,144,223,116,609,0,3,4,9,13,8,10,37,19,102,18,35,80,67,68,64,65,69,82,556,288,914,2018,1642,1692,1410,1035,793,447,10246
POA5033,0,4,3,11,25,39,126,159,97,478,0,0,8,10,18,14,13,32,10,112,18,46,102,67,69,53,65,75,104,599,216,734,1616,1132,1016,798,588,459,323,6877
POA5034,0,0,3,7,7,19,53,96,87,274,0,0,3,3,5,6,6,18,5,47,21,24,52,40,53,53,47,38,46,377,275,729,1445,1327,1259,1237,857,428,342,7901
POA5035,0,3,0,0,10,20,46,55,59,192,0,0,3,0,3,3,4,10,6,30,12,33,77,51,42,60,45,38,47,397,155,465,1094,887,741,686,527,335,230,5123
POA5037,3,0,13,7,18,48,122,135,97,440,0,0,3,3,7,3,7,11,9,54,20,31,95,66,61,48,72,115,215,715,254,947,1841,1369,1193,1032,822,671,553,8685
POA5038,3,4,13,13,33,72,132,178,112,561,0,3,18,10,16,19,14,19,14,111,16,53,141,84,74,97,82,93,54,691,337,1224,2942,2107,1807,1612,1136,784,427,12376
POA5039,3,3,3,15,18,58,64,102,82,351,0,0,3,3,4,9,7,16,3,55,16,26,71,58,51,77,35,57,38,416,221,655,1431,1239,1053,1058,556,435,274,6923
POA5040,0,0,7,0,3,9,24,20,9,77,0,0,0,0,0,0,0,0,0,3,0,4,3,8,6,18,16,13,6,78,66,117,210,269,320,347,311,180,57,1870
POA5041,3,3,5,3,16,28,88,116,129,391,0,0,8,0,3,3,12,16,7,49,19,21,45,60,46,63,72,86,119,542,350,755,1453,1793,1858,1606,1177,675,627,10282
POA5042,0,0,12,21,24,48,111,168,112,487,0,0,6,8,9,17,17,23,7,82,24,46,123,82,93,130,164,186,127,976,426,1089,1955,1413,1211,1137,1005,904,467,9601
POA5043,10,12,25,29,70,107,219,311,270,1056,0,7,16,31,32,29,19,25,11,169,33,79,161,109,128,124,143,145,105,1032,473,1529,3015,2289,2065,2024,1722,1311,818,15249
POA5044,0,0,9,3,12,21,65,100,138,342,0,3,8,0,4,3,0,6,4,27,11,25,39,48,50,57,55,87,91,462,235,657,1075,1217,1442,1342,1105,755,606,8447
POA5045,0,3,5,8,17,29,82,94,106,348,0,0,4,0,7,3,3,7,7,34,36,74,181,163,140,196,156,134,152,1233,320,1021,2213,2020,2125,2357,1732,921,592,13305
POA5046,3,0,5,5,19,29,75,85,120,349,0,4,7,3,8,14,5,0,9,49,16,52,69,56,45,42,67,63,51,453,222,775,1297,1080,1017,1077,886,566,483,7398
POA5047,0,7,13,12,25,46,79,102,56,331,0,4,14,12,7,7,3,6,4,59,27,30,88,48,67,52,62,59,29,466,221,585,1323,1079,973,897,789,487,198,6540
POA5048,0,3,19,17,44,52,71,108,109,423,0,0,12,14,39,44,15,6,5,130,17,24,65,91,85,141,123,147,135,822,292,714,1437,1656,1845,1975,1586,1032,757,11286
POA5049,3,0,4,6,7,21,47,67,42,201,0,0,0,0,0,3,10,4,4,20,27,23,40,28,49,95,49,34,20,367,215,505,1035,1244,1329,1391,1132,524,204,7574
POA5050,0,3,0,3,0,3,20,34,45,112,0,0,0,0,3,3,0,0,0,13,11,14,18,18,35,21,26,37,20,202,148,317,496,631,725,690,683,446,208,4347
POA5051,0,0,11,9,10,13,49,41,31,160,0,0,0,3,3,14,5,3,0,28,15,6,35,46,40,47,63,42,16,309,348,745,1197,1960,2022,1811,1399,579,223,10293
POA5052,0,0,0,0,3,3,8,19,25,57,0,0,0,0,0,0,0,0,0,3,17,9,8,19,33,13,23,39,61,217,162,329,471,782,922,762,740,425,231,4823
POA5061,6,3,6,5,10,9,52,95,59,249,0,0,0,0,5,3,5,17,4,38,21,27,23,37,50,45,57,33,16,308,233,662,1106,1173,1367,1241,1021,467,239,7508
POA5062,0,0,7,14,10,32,59,66,85,268,0,0,0,0,5,3,4,7,0,24,14,40,46,55,65,74,85,63,77,512,329,913,1409,1709,2069,1985,1555,738,495,11203
POA5063,0,0,3,5,7,29,84,118,87,336,0,0,0,9,10,3,12,13,8,58,24,29,82,90,88,88,92,73,99,665,276,800,1712,1664,1641,1469,1152,647,493,9855
POA5064,4,0,3,3,3,3,38,50,60,164,0,0,0,3,0,5,4,3,0,19,21,10,24,44,51,60,58,86,169,524,270,471,716,1079,1308,1261,1114,757,647,7634
POA5065,0,3,10,8,12,8,25,49,53,173,0,0,3,0,0,0,0,4,3,18,14,21,51,59,56,76,88,80,99,537,193,569,979,1284,1388,1213,1148,651,500,7916
POA5066,0,0,0,4,4,9,31,46,30,125,0,0,3,5,0,5,4,4,0,19,29,23,17,38,32,58,51,43,24,306,325,670,791,1371,1731,1548,1262,701,296,8696
POA5067,0,3,3,3,3,12,57,89,58,228,0,0,8,3,3,10,4,22,11,64,16,36,155,78,78,74,72,70,37,617,227,717,1747,1367,1214,1278,1065,538,202,8355
POA5068,7,0,7,7,9,14,64,153,85,341,0,0,3,3,0,11,7,10,13,46,15,29,49,43,49,60,80,69,68,474,294,856,1329,1431,1560,1443,1207,875,586,9577
POA5069,0,0,3,3,9,11,53,105,70,256,0,0,10,4,3,11,4,15,20,65,15,27,56,37,53,47,33,41,9,317,181,628,1139,1034,1200,1027,721,415,197,6533
POA5070,0,5,13,6,22,51,203,377,279,953,0,0,4,8,10,4,27,45,31,138,15,32,71,61,63,53,75,110,108,595,279,1056,2169,1782,1702,1479,1235,1089,758,11551
POA5072,5,4,7,7,11,34,117,190,120,499,0,0,11,3,7,7,13,25,17,84,12,24,61,44,59,52,59,85,47,443,330,761,1513,1615,1664,1421,1228,818,438,9788
POA5073,3,4,13,11,25,43,270,387,144,897,0,0,7,10,9,10,39,63,34,175,21,22,43,58,90,57,80,98,45,515,363,960,1835,1942,2118,1528,1412,1221,479,11855
POA5074,0,3,10,8,29,89,259,359,215,980,0,3,13,8,5,19,39,66,44,192,35,25,73,74,82,65,96,121,60,627,289,765,1742,1693,1706,1303,1194,1076,511,10271
POA5075,0,0,7,17,6,54,171,218,100,569,0,0,3,5,5,9,18,21,14,82,23,26,51,40,57,60,56,76,49,431,244,667,1287,1309,1321,1254,1171,796,345,8394
POA5076,0,0,4,6,3,35,135,134,28,346,0,0,5,0,0,6,14,21,9,59,3,15,11,25,21,30,41,41,15,200,223,610,934,1109,1406,1281,970,492,107,7123
POA5081,4,3,9,4,14,16,33,80,72,235,0,3,7,4,7,8,5,6,4,37,21,31,72,65,64,62,65,57,34,464,221,646,1134,1082,1234,1249,975,634,357,7539
POA5082,3,0,20,14,12,41,113,206,139,554,6,9,24,21,21,22,19,35,12,166,32,51,117,76,97,99,77,62,43,653,362,1221,2322,1942,2006,1813,1045,624,333,11664
POA5083,3,4,13,15,14,37,61,88,69,293,0,3,12,4,10,12,9,7,9,77,6,17,41,36,30,33,27,26,28,251,163,504,1249,1056,926,889,523,307,204,5802
POA5084,11,41,77,103,82,98,122,122,94,744,9,38,104,160,119,78,40,31,10,593,41,65,138,142,107,105,77,67,25,767,275,823,1805,1464,1211,990,632,372,208,7783
POA5085,12,26,61,76,78,110,186,205,163,903,0,13,74,56,80,53,53,28,13,375,49,174,464,396,247,153,152,122,116,1872,445,1376,4163,3161,2151,1734,1246,781,519,15582
POA5086,6,3,26,36,48,113,165,177,109,687,0,8,13,25,26,28,15,12,11,147,25,37,147,129,107,123,127,94,43,830,373,1032,2790,2375,1989,1727,1254,714,337,12596
POA5087,3,3,12,20,17,49,129,177,75,481,3,0,9,5,22,18,10,12,5,93,23,23,95,84,68,70,63,101,78,600,241,740,2228,1627,1267,1140,863,668,288,9065
POA5088,0,3,6,5,7,29,45,48,17,167,0,0,0,0,3,4,3,5,0,23,3,8,28,28,32,26,26,22,9,173,59,202,535,460,420,378,281,188,48,2571
POA5089,0,0,4,3,6,4,53,55,10,152,0,0,0,3,0,0,3,0,0,7,12,12,26,21,33,23,28,26,11,197,154,354,737,798,1001,833,755,266,69,4974
POA5090,0,3,5,13,16,27,101,183,219,571,0,0,0,3,3,3,5,10,8,33,13,14,24,20,40,22,44,78,82,340,167,355,896,850,875,845,904,773,656,6320
POA5091,0,3,3,5,4,10,62,62,28,173,0,0,0,0,0,4,0,3,0,12,19,6,35,41,41,36,53,34,14,271,201,372,843,982,1040,856,940,436,102,5768
POA5092,3,0,23,12,25,69,151,154,77,513,0,3,12,13,13,9,13,16,3,76,31,36,104,82,75,78,90,102,56,660,463,1101,2459,2380,2144,2170,1752,937,313,13712
POA5093,0,3,11,16,19,36,147,96,60,395,0,3,7,9,19,11,16,7,5,73,19,14,40,46,39,42,86,61,27,369,216,510,1195,1212,1109,911,1149,501,149,6954
POA5094,4,3,0,3,6,9,24,12,4,65,0,0,3,3,3,8,0,0,0,24,7,0,14,4,5,14,7,4,0,62,47,66,127,119,118,99,113,57,11,761
POA5095,9,10,51,41,64,111,141,155,69,650,3,12,23,46,59,46,32,33,7,266,60,70,230,155,152,100,86,73,59,985,612,1790,3879,3093,2549,1965,1140,575,213,15827
POA5096,9,4,25,34,42,87,156,111,52,522,0,3,22,32,35,20,15,27,3,161,41,34,72,69,81,91,72,81,21,564,364,877,1812,1734,1808,1621,1095,631,192,10125
POA5097,3,3,5,12,9,47,168,153,157,552,0,0,0,0,5,0,8,0,16,29,21,17,40,57,51,70,53,86,64,461,303,742,1683,1700,1722,1724,1396,763,404,10440
POA5098,3,3,21,21,28,70,240,144,120,659,0,15,11,22,34,24,25,12,11,155,21,27,58,73,67,75,115,85,50,576,249,683,1491,1718,1485,1280,1527,718,340,9501
POA5106,0,0,0,0,0,0,3,4,6,14,0,0,0,0,0,0,0,0,0,0,0,0,0,0,0,0,9,10,24,46,9,41,69,3,3,10,22,28,47,226
POA5107,3,15,62,80,112,129,265,174,71,921,0,13,48,78,103,110,61,41,22,478,42,38,114,103,129,114,104,85,38,771,499,1153,2573,2236,2272,1868,1328,695,205,12824
POA5108,21,56,212,206,262,368,570,405,174,2281,6,36,120,205,242,201,122,109,30,1073,117,168,383,311,323,286,265,246,99,2206,1180,2973,6193,5109,5304,4489,2846,1543,528,30162
POA5109,7,13,66,80,90,135,301,244,95,1027,0,12,25,54,61,65,32,39,14,299,54,50,132,127,131,152,157,120,79,1011,595,1308,2657,2581,2758,2538,1973,1131,392,15929
POA5110,7,5,37,39,51,77,118,100,21,458,0,5,19,30,48,61,37,26,17,244,36,38,54,79,87,77,73,57,24,532,262,613,1391,1222,1096,944,604,356,97,6577
POA5111,0,0,0,0,0,0,0,0,0,0,0,0,0,0,0,0,0,0,0,0,4,9,4,3,0,0,0,0,0,21,33,120,93,29,10,7,4,0,0,300
POA5112,23,23,101,127,108,146,269,185,111,1094,3,15,53,109,84,61,36,28,9,395,94,121,217,215,264,238,226,315,194,1881,597,1331,2526,2304,2609,2243,1603,1271,597,15093
POA5113,19,22,80,97,121,177,247,175,89,1044,9,12,29,57,51,28,24,26,20,250,115,144,276,209,243,228,193,211,73,1690,632,1443,2820,2027,2241,1976,1391,997,355,13881
POA5114,7,22,98,74,85,183,268,130,70,945,0,9,42,55,36,34,25,18,11,235,99,148,314,227,242,197,181,147,94,1646,1042,2616,5363,4144,4365,3253,1850,857,363,23846
POA5115,3,15,31,18,23,54,84,44,8,286,0,3,8,11,6,13,5,10,3,63,31,53,120,91,56,67,39,12,9,495,335,960,2188,1229,1015,771,419,164,35,7111
POA5116,4,6,3,13,11,41,123,110,66,377,0,0,4,0,3,0,3,9,4,23,30,20,72,58,55,63,78,78,53,501,265,600,1231,1041,1109,1059,857,616,225,7014
POA5117,3,5,0,4,8,13,26,20,8,77,0,0,0,0,0,0,3,0,3,6,7,9,12,18,11,11,10,12,7,95,91,172,279,431,475,258,189,94,24,2017
POA5118,4,0,11,25,40,89,228,224,151,772,0,4,4,4,0,8,8,10,3,33,52,51,82,114,182,185,152,124,74,1011,520,1125,1880,2141,2779,2436,1695,1012,470,14058
POA5120,0,4,8,14,30,33,43,34,8,174,0,3,4,3,11,19,12,15,4,72,6,6,17,25,25,28,9,15,3,134,48,117,238,279,272,284,168,87,18,1510
POA5121,0,0,3,3,3,26,43,25,5,122,0,0,0,0,3,12,7,6,0,30,4,9,4,5,6,12,14,22,6,86,32,140,204,146,200,226,197,146,27,1322
POA5125,0,3,9,12,19,35,107,84,30,302,0,0,0,0,4,6,5,3,0,30,26,38,57,74,95,78,89,86,81,635,565,1164,1963,2534,3102,2378,1557,765,215,14244
POA5126,3,0,6,6,8,23,45,28,17,141,0,0,0,0,3,3,0,0,0,11,14,13,18,36,27,26,41,28,8,208,176,418,903,972,926,879,737,287,67,5371
POA5127,0,0,0,9,8,31,64,41,33,187,0,0,0,0,0,3,0,0,3,12,14,19,19,24,41,36,35,25,11,222,240,501,867,909,1224,1187,712,267,94,6003
POA5131,0,0,0,0,4,4,8,10,0,20,0,0,0,0,0,0,0,0,0,0,0,0,0,0,9,5,8,3,0,24,30,64,60,99,181,166,119,40,4,755
POA5132,0,0,0,0,3,0,3,4,0,13,0,0,0,0,0,0,0,0,0,0,3,3,0,4,3,0,7,3,0,22,16,22,28,51,69,51,70,16,3,311
POA5133,0,0,0,0,0,0,6,0,0,11,0,0,0,0,0,0,0,0,0,0,0,6,0,6,6,0,0,3,3,25,16,26,20,44,68,62,44,14,6,298
POA5134,0,0,0,0,0,0,3,3,7,8,0,0,0,0,0,0,0,0,0,0,3,0,0,5,4,5,8,0,0,29,15,13,20,58,70,68,48,28,8,321
POA5136,0,0,0,0,0,0,8,3,0,8,0,0,0,0,0,0,0,0,0,3,0,0,0,3,9,6,6,0,0,26,15,17,37,61,105,67,56,16,4,381
POA5137,0,0,3,0,0,3,5,5,0,17,0,0,0,0,0,0,0,0,0,0,5,0,0,0,6,8,0,0,0,22,17,40,51,51,78,100,69,19,8,440
POA5138,0,0,0,0,0,0,3,0,0,5,0,0,0,0,0,0,0,0,0,0,0,0,0,0,0,3,4,0,0,4,9,17,17,29,49,52,33,12,3,219
POA5139,0,0,0,0,0,0,3,0,0,3,0,0,0,0,0,0,0,0,0,0,0,0,3,0,0,5,0,3,0,11,3,4,24,17,37,42,23,8,3,168
POA5140,0,0,0,0,0,0,0,0,0,0,0,0,0,0,0,0,0,0,0,0,3,0,0,0,3,0,0,0,0,5,8,10,35,77,68,40,44,3,0,285
POA5141,0,0,0,0,0,0,5,3,0,15,0,0,0,0,0,0,3,0,0,6,3,3,3,4,4,3,7,0,0,27,21,28,56,92,98,121,71,19,10,513
POA5142,0,0,0,0,0,0,0,4,4,12,0,0,0,0,0,0,0,0,0,0,0,0,4,0,6,7,0,4,4,15,6,31,55,62,71,85,52,37,27,424
POA5144,0,0,0,0,0,3,0,7,0,10,0,0,0,0,0,0,0,0,0,0,0,0,0,3,0,8,4,0,0,12,15,27,23,44,62,92,60,9,3,334
POA5150,0,0,0,0,0,0,3,0,0,3,0,0,0,0,0,0,0,0,0,0,0,0,0,0,0,7,0,0,0,5,0,3,8,7,8,18,8,5,0,53
POA5151,0,0,0,0,0,3,3,0,3,5,0,0,0,0,0,0,0,0,0,0,0,0,0,3,3,0,3,0,0,20,10,20,36,35,68,55,39,12,8,282
POA5152,0,0,3,3,0,5,15,16,24,70,0,0,0,3,0,0,0,0,0,8,11,8,17,17,33,28,33,17,9,181,117,256,391,758,950,859,750,293,113,4495
POA5153,3,0,0,3,0,5,29,20,17,77,0,0,0,0,0,0,0,0,0,4,19,11,25,36,56,53,46,17,4,274,186,320,521,724,1102,1063,632,192,78,4811
POA5154,0,0,0,0,0,0,9,8,9,22,0,0,0,0,0,0,0,3,4,7,10,5,6,17,13,21,19,10,9,103,72,137,165,419,497,524,449,127,56,2447
POA5155,0,0,0,0,0,8,13,16,9,42,0,0,0,0,0,0,0,0,0,0,5,3,12,27,14,21,19,15,4,109,69,152,393,594,544,530,341,111,43,2781
POA5156,0,0,0,0,0,0,3,3,0,4,0,0,0,0,0,0,0,0,0,0,0,6,3,3,3,9,6,0,0,30,21,55,78,127,142,161,101,28,8,710
POA5157,0,0,0,0,4,3,21,15,5,51,0,0,0,0,0,0,0,0,0,3,10,11,7,18,24,29,21,0,6,125,85,154,161,325,501,532,368,103,28,2258
POA5158,4,3,15,8,15,57,120,99,69,391,0,3,3,0,8,3,12,9,4,39,34,48,67,74,113,125,77,79,65,677,636,1436,3049,3441,3494,3465,1919,743,299,18473
POA5159,3,6,15,17,23,71,175,171,138,619,0,0,6,3,0,6,5,3,8,39,45,53,86,122,125,137,130,103,77,891,863,1870,3548,4149,4576,4586,3153,1365,677,24789
POA5160,0,0,0,0,0,0,4,0,0,4,0,0,0,0,0,0,0,0,0,0,0,0,0,0,0,0,0,0,0,3,0,0,0,3,3,4,8,0,0,21
POA5161,3,3,6,11,21,28,101,90,84,352,0,0,3,3,0,0,0,6,0,18,18,10,42,50,39,45,43,63,49,366,233,580,1520,1274,1210,1213,1024,516,260,7828
POA5162,4,12,27,32,61,147,371,267,172,1088,0,3,8,7,17,23,13,22,5,92,78,94,196,181,205,214,283,247,187,1678,884,2142,4487,4258,4481,4048,3504,1683,671,26165
POA5163,6,4,24,32,40,83,172,105,91,551,3,0,8,7,0,5,7,8,9,41,37,42,85,80,90,123,138,81,31,715,353,864,1803,1710,1822,1864,1476,563,292,10746
POA5164,5,8,7,9,12,31,83,60,25,238,0,0,4,5,3,3,4,4,0,20,41,35,50,74,71,70,98,65,23,526,145,318,653,659,619,572,621,316,127,4046
POA5165,3,0,4,6,13,23,42,42,35,164,0,3,0,4,3,0,0,0,0,13,27,45,58,61,78,69,77,83,71,560,148,414,691,599,706,626,515,387,191,4273
POA5166,0,0,9,7,7,23,33,12,3,89,0,0,0,0,0,0,0,0,0,0,3,6,24,17,12,14,23,11,0,110,32,114,237,207,229,251,262,108,20,1464
POA5167,0,0,9,9,12,15,49,36,16,135,0,0,0,0,3,3,4,0,0,8,17,19,44,60,47,46,64,64,70,420,132,314,622,758,784,748,604,313,148,4437
POA5168,0,3,7,14,15,25,79,23,17,185,0,5,0,0,0,3,0,3,0,13,8,30,53,40,37,34,52,24,3,293,107,365,807,690,701,707,508,212,58,4166
POA5169,4,8,10,13,23,51,115,89,56,360,0,3,3,5,3,5,7,0,0,28,44,46,125,122,105,110,88,119,79,832,422,1086,2453,2268,2069,1772,1337,687,347,12446
POA5170,0,0,0,0,4,3,3,9,3,22,0,0,0,0,0,0,0,0,0,5,5,3,4,3,8,16,3,9,0,46,27,55,123,144,180,177,101,58,19,889
POA5171,0,3,0,4,5,15,49,69,48,191,0,0,0,0,0,0,0,4,0,3,19,12,17,36,35,59,46,56,75,346,148,249,397,702,876,805,749,411,215,4551
POA5172,0,0,0,4,8,10,20,16,16,71,0,0,0,0,0,0,0,0,0,8,17,11,22,24,45,34,32,13,13,199,104,190,261,523,617,598,409,204,59,2968
POA5173,5,3,9,6,14,44,76,77,47,280,0,0,0,4,4,4,3,3,0,19,44,48,126,109,137,110,109,80,46,798,327,661,1638,1674,1655,1318,1057,536,208,9075
POA5174,0,0,4,3,5,9,29,9,10,71,0,0,0,0,0,3,0,0,0,8,11,10,26,27,26,29,28,13,0,165,77,157,360,354,467,390,256,81,27,2162
POA5201,0,3,0,3,3,6,21,8,12,54,0,0,0,0,0,0,0,0,0,0,11,8,14,15,12,16,3,3,0,91,54,110,214,226,314,312,172,55,18,1483
POA5202,0,0,0,5,3,7,11,15,0,39,0,0,0,0,0,0,0,0,0,0,0,7,3,0,9,9,7,3,0,38,21,37,100,97,129,128,80,32,13,637
POA5203,0,0,0,0,6,3,20,15,19,63,0,0,0,0,0,0,3,0,0,7,3,4,6,0,8,22,20,6,4,90,25,39,79,98,171,233,183,110,61,1004
POA5204,0,0,5,0,9,9,33,27,21,108,0,0,0,0,0,0,0,0,0,3,6,4,19,21,29,51,59,24,6,210,42,83,172,237,339,613,635,237,71,2423
POA5210,0,0,0,3,3,9,20,5,7,39,0,0,3,0,0,0,0,0,0,6,9,3,8,32,15,19,14,3,0,100,42,80,158,231,245,246,166,39,12,1221
POA5211,4,5,15,21,20,59,226,213,163,722,0,0,0,3,5,3,7,4,4,28,24,29,37,73,94,139,167,213,181,954,236,475,998,1259,1573,2210,2975,1752,781,12257
POA5212,0,0,0,0,0,3,24,28,15,82,0,0,0,0,0,0,0,0,0,3,6,4,6,17,10,27,26,47,58,199,26,59,129,174,207,326,415,294,129,1758
POA5213,0,0,0,3,0,0,8,8,0,19,0,0,0,0,0,0,0,0,0,0,3,5,0,9,5,8,0,6,3,50,23,48,89,136,159,202,153,69,17,895
POA5214,3,4,6,6,10,23,108,127,90,382,0,0,0,0,3,0,3,0,3,14,17,17,29,35,61,80,131,125,85,574,126,259,506,652,914,1338,1651,980,383,6812
POA5220,0,0,0,0,0,0,0,0,3,7,0,0,0,0,0,0,0,0,0,0,0,0,3,0,0,0,0,0,0,8,0,7,29,14,20,15,15,4,9,116
POA5221,0,0,0,0,0,3,5,3,0,15,0,0,0,0,0,0,0,0,0,0,4,5,4,0,10,5,18,6,0,51,6,7,29,25,41,55,75,18,0,253
POA5222,0,0,0,3,3,0,9,5,0,21,0,0,0,0,0,0,0,0,0,0,3,0,7,6,13,8,17,11,9,74,5,11,53,53,97,111,134,53,15,538
POA5223,0,0,9,3,9,16,46,40,34,156,0,0,0,3,0,0,0,0,0,6,16,20,37,37,44,65,49,38,16,321,77,132,332,403,531,628,455,200,93,2856
POA5231,0,0,0,0,0,3,3,9,3,20,0,0,0,0,0,0,0,0,0,0,4,5,7,3,9,19,3,6,3,57,48,65,98,131,221,192,108,51,9,925
POA5232,0,0,0,0,0,3,0,6,0,8,0,0,0,0,0,0,0,0,0,0,4,3,0,3,4,0,0,0,0,21,17,38,24,30,90,76,40,16,4,344
POA5233,0,0,3,0,0,4,7,11,16,47,0,0,0,0,0,0,0,0,0,0,4,0,5,16,11,6,8,8,13,63,43,75,116,156,244,220,166,73,54,1148
POA5234,0,0,0,0,0,0,10,13,4,30,0,0,0,0,0,0,0,0,0,0,7,5,11,12,14,8,10,3,3,71,46,62,94,160,237,185,129,49,12,966
POA5235,0,0,0,0,0,5,34,19,10,73,0,0,0,0,0,0,0,0,0,0,8,3,13,17,19,46,36,18,17,179,52,100,144,314,386,429,343,128,34,1927
POA5236,0,0,3,0,0,0,3,4,3,12,0,0,0,0,0,0,0,0,0,0,0,3,0,0,9,11,3,0,0,32,13,16,15,40,73,44,35,9,3,243
POA5237,0,0,0,0,0,3,10,3,0,19,0,0,0,0,0,0,0,0,0,3,0,0,3,5,6,0,0,0,0,20,3,17,27,38,66,49,41,7,5,256
POA5238,0,0,3,3,17,42,114,87,39,311,0,0,0,0,0,0,0,3,0,6,12,14,38,31,63,96,81,73,34,431,87,152,315,364,546,738,729,365,124,3415
POA5240,0,0,3,0,0,0,0,4,0,7,0,0,0,0,0,0,0,0,0,0,0,0,5,0,0,0,0,0,3,7,11,16,45,58,76,88,45,21,4,370
POA5241,0,0,3,7,16,19,33,37,22,135,0,0,0,0,7,0,0,0,0,10,4,3,15,8,21,13,21,24,5,119,39,126,283,273,388,313,229,148,75,1872
POA5242,0,0,0,0,4,8,11,11,7,36,0,0,0,0,0,0,0,0,0,0,4,6,0,10,3,9,8,11,0,61,39,81,139,191,244,224,172,81,28,1205
POA5243,0,0,0,0,0,0,3,3,0,11,0,0,0,0,0,0,0,0,0,0,5,0,5,5,5,9,7,4,0,46,18,51,75,84,141,131,105,35,9,648
POA5244,0,0,0,3,5,11,31,45,30,131,0,0,0,3,0,0,0,0,0,4,18,40,41,25,38,40,33,31,16,285,115,260,373,522,611,585,419,197,103,3188
POA5245,0,0,0,4,0,9,27,35,57,132,0,0,0,0,0,3,0,0,0,8,13,4,10,23,24,37,41,39,32,215,73,113,207,330,438,489,402,251,188,2494
POA5250,3,0,0,3,3,5,20,13,11,56,0,0,0,0,0,0,0,0,0,3,8,11,11,15,12,25,30,5,0,117,92,186,310,487,523,428,328,94,26,2487
POA5251,0,3,10,16,20,52,103,116,94,409,0,0,3,8,9,3,3,8,0,31,39,37,111,99,98,90,101,95,48,719,385,901,1851,1906,1816,1621,1316,697,307,10808
POA5252,3,3,3,3,12,12,30,23,6,89,0,0,0,0,0,0,3,3,0,6,26,17,41,59,55,53,33,14,0,299,193,381,844,941,957,705,457,148,34,4656
POA5253,12,17,38,57,65,159,383,360,217,1305,4,8,23,21,18,8,12,8,0,102,66,145,284,238,227,162,217,141,80,1553,514,1288,2442,2059,2386,2155,1966,1169,479,14461
POA5254,0,3,3,0,8,7,47,26,10,113,0,0,0,0,0,0,0,0,0,5,9,6,6,30,40,29,11,18,3,148,61,119,242,279,392,343,238,101,29,1809
POA5255,0,3,3,6,13,35,107,95,63,326,0,0,3,5,0,0,0,3,0,15,34,21,51,68,72,87,86,80,64,552,239,419,834,1039,1249,1275,1141,569,226,6990
POA5256,0,0,3,0,3,8,19,17,7,60,0,0,0,0,3,0,0,0,0,5,5,0,14,6,8,14,27,17,7,98,25,61,118,113,179,248,258,90,19,1116
POA5259,0,0,3,5,9,4,27,9,0,54,0,0,0,0,0,0,0,0,0,0,6,0,10,10,21,22,24,10,3,99,27,53,116,104,179,169,150,47,8,841
POA5260,0,0,5,3,5,18,58,45,14,151,0,0,0,0,3,0,0,0,0,3,3,5,17,18,15,13,31,21,5,138,36,94,137,177,247,269,257,144,43,1406
POA5261,0,0,0,0,4,3,6,3,0,22,0,0,0,0,0,0,0,0,0,0,0,0,3,5,0,0,0,0,0,16,6,14,25,47,64,54,30,17,3,264
POA5262,0,0,0,0,0,0,0,4,0,9,0,0,0,0,0,0,0,0,0,0,0,0,4,0,6,0,4,3,0,18,4,10,49,46,69,67,31,11,0,295
POA5263,0,0,0,0,0,0,0,0,0,0,0,0,0,0,0,0,0,0,0,0,0,0,0,0,6,0,3,0,0,13,3,3,6,17,27,26,15,7,0,106
POA5264,0,0,0,0,5,15,36,39,15,117,0,0,0,0,0,0,3,0,0,3,3,7,9,15,12,13,23,19,7,99,24,51,110,108,154,205,186,108,43,987
POA5265,0,0,0,0,3,0,6,8,0,17,0,0,0,0,0,0,0,0,0,0,3,3,9,4,9,5,0,3,3,40,9,12,60,54,66,60,47,25,6,334
POA5266,0,0,0,4,0,0,8,7,3,24,0,0,0,0,0,0,0,0,0,0,3,0,8,7,9,0,5,0,0,35,11,28,79,81,74,60,63,36,13,441
POA5267,0,0,5,3,0,14,31,30,14,88,0,0,0,0,0,0,0,0,0,3,7,14,18,12,15,23,28,10,7,138,47,70,192,272,241,284,206,80,55,1442
POA5268,3,5,9,18,16,23,44,53,25,199,0,8,8,15,15,5,3,0,0,55,7,20,47,35,70,33,35,38,70,357,92,205,435,405,525,395,310,223,146,2730
POA5269,0,0,0,0,0,3,7,7,0,18,0,0,0,0,0,0,0,0,0,0,0,0,0,0,9,3,3,3,0,22,10,6,19,29,47,43,28,14,0,191
POA5270,0,0,0,0,0,0,4,9,4,23,0,0,0,0,0,0,0,0,0,0,0,3,0,4,3,3,0,0,0,21,14,24,60,57,115,79,63,17,7,440
POA5271,3,11,26,20,25,31,106,84,53,360,0,10,30,57,33,22,6,3,0,159,15,23,67,56,64,76,48,51,64,459,145,392,883,972,975,914,706,418,204,5614
POA5272,0,0,0,0,0,3,6,12,7,29,0,0,0,0,0,0,0,0,0,0,4,0,3,4,3,6,3,3,3,30,13,31,68,82,124,132,74,30,22,575
POA5273,0,0,0,0,0,0,3,0,0,3,0,0,0,0,0,0,0,0,0,0,0,0,0,0,0,0,0,0,0,3,0,4,13,14,19,13,6,0,0,73
POA5275,0,0,4,0,10,21,52,45,19,151,0,0,0,0,0,0,0,0,0,4,5,3,16,11,15,16,31,36,20,154,40,99,234,235,275,377,338,220,69,1882
POA5276,0,0,0,0,0,5,17,11,8,50,0,0,0,0,0,0,0,0,0,3,0,5,8,7,18,27,19,10,6,97,9,62,108,122,166,211,188,88,33,1001
POA5277,0,0,3,9,12,29,71,46,27,206,0,0,0,0,3,4,0,0,0,9,4,16,10,25,21,26,25,13,8,156,59,141,269,371,429,392,322,138,71,2190
POA5278,0,0,0,0,0,8,17,6,0,34,0,0,0,0,0,0,0,0,0,0,0,0,0,4,10,8,0,0,0,20,18,27,49,61,83,78,56,26,3,391
POA5279,0,0,0,0,0,8,23,12,0,49,0,0,0,0,0,0,0,0,0,0,0,0,3,15,6,7,8,3,3,40,12,8,35,64,67,106,68,24,4,402
POA5280,3,3,14,10,16,59,113,136,81,444,0,0,0,0,3,0,3,4,3,14,19,32,53,41,76,89,91,74,85,548,166,328,627,756,1048,1101,819,468,236,5553
POA5290,12,20,64,67,86,157,398,436,272,1515,0,8,18,21,18,28,14,15,5,122,67,77,169,202,208,230,253,240,128,1572,652,1446,3061,2952,3301,3112,2392,1483,687,19085
POA5291,3,3,5,3,17,56,135,110,52,382,3,0,3,3,0,0,0,3,0,9,34,52,177,181,187,132,118,56,28,961,233,391,899,1184,1533,1294,845,324,119,6811
POA5301,0,0,0,0,0,8,17,7,0,32,0,0,0,0,0,0,0,0,0,0,3,0,4,3,6,13,4,4,0,33,8,14,50,59,79,123,65,22,0,422
POA5302,0,0,0,0,3,3,13,23,12,53,0,0,0,0,0,0,0,0,0,0,3,3,10,7,5,9,13,9,9,73,18,16,82,102,116,117,106,63,21,658
POA5303,0,0,0,3,0,0,3,0,0,8,0,0,0,0,0,0,0,0,0,3,0,0,0,7,0,0,0,0,0,9,6,7,31,30,24,21,17,10,3,151
POA5304,0,0,3,0,3,3,15,11,17,53,0,0,0,0,0,0,3,0,0,3,3,4,8,9,18,4,10,9,8,72,18,42,101,79,122,112,75,50,27,631
POA5306,0,0,0,0,0,0,3,0,0,5,0,0,0,0,0,0,0,0,0,0,0,0,0,0,0,0,0,0,0,0,3,3,3,6,9,13,13,0,0,60
POA5307,0,0,5,0,0,7,19,18,21,72,0,0,0,0,0,0,0,0,0,0,0,3,4,4,0,3,12,8,8,37,6,25,40,48,74,82,71,58,38,447
POA5308,0,0,0,0,0,0,5,0,0,10,0,0,0,0,0,0,0,0,0,0,0,0,0,0,0,3,0,0,0,5,3,3,13,22,30,21,17,4,0,105
POA5309,0,0,0,0,0,0,3,3,0,8,0,0,0,0,0,0,0,0,0,0,0,0,0,3,0,0,3,0,0,13,3,3,17,17,23,19,24,6,0,112
POA5310,0,0,0,0,0,0,4,0,0,4,0,0,0,0,0,0,0,0,0,0,0,3,0,0,3,0,0,0,0,6,0,5,3,11,11,10,10,0,0,45
POA5311,0,0,0,0,0,5,5,3,4,20,0,0,0,0,0,0,0,0,0,0,0,0,0,0,8,3,3,3,0,21,13,26,35,40,74,69,42,10,0,306
POA5320,0,0,0,0,0,4,26,14,0,47,0,0,0,0,0,0,0,0,0,3,4,0,0,3,4,13,3,7,4,37,10,10,53,53,93,130,126,59,10,546
POA5321,0,0,0,0,0,4,6,6,3,27,0,0,0,0,0,0,0,0,0,0,0,16,64,78,40,19,16,6,0,238,8,31,83,104,88,95,68,22,3,501
POA5322,0,0,3,0,5,3,24,25,0,64,0,0,0,0,0,0,0,0,0,5,3,3,3,13,20,10,19,6,0,80,29,38,92,105,154,157,159,52,13,805
POA5330,0,0,0,8,3,33,69,74,48,235,0,0,0,3,4,0,0,3,0,19,16,11,19,29,45,45,58,46,48,308,67,142,295,373,442,509,446,237,137,2654
POA5331,0,0,0,0,0,0,5,13,3,21,0,0,0,0,0,0,0,0,0,0,0,0,3,0,6,4,0,0,0,20,3,10,20,38,41,50,51,29,5,251
POA5332,0,0,0,0,0,3,6,9,3,21,0,0,0,0,0,0,0,0,0,0,3,0,0,3,5,12,3,7,0,32,5,10,17,48,60,81,47,26,5,304
POA5333,3,0,10,10,22,41,137,129,104,453,0,0,0,0,0,0,4,4,0,10,14,12,17,27,56,44,78,39,46,342,128,288,551,626,798,767,699,381,215,4449
POA5340,0,0,3,0,3,4,28,20,9,59,0,3,5,0,3,0,0,0,0,13,3,14,18,19,17,19,22,11,3,117,27,88,207,161,209,210,197,66,17,1174
POA5341,3,7,21,39,40,87,167,136,80,567,0,4,6,21,23,8,15,19,6,112,35,31,64,88,86,81,119,87,74,667,200,422,871,880,1024,1051,877,485,244,6054
POA5342,0,3,0,3,0,5,30,9,4,54,0,0,0,0,0,0,3,4,0,5,4,0,3,6,7,10,13,5,0,54,25,48,78,135,183,200,123,48,10,854
POA5343,0,4,11,10,14,57,103,86,44,328,0,0,4,3,3,5,7,6,0,26,23,24,46,39,60,79,68,58,63,462,121,277,582,532,600,709,538,332,166,3854
POA5344,0,0,0,3,11,9,32,10,4,71,0,0,3,0,0,0,0,0,0,6,6,0,6,15,19,12,14,9,3,78,23,37,77,125,190,133,109,44,15,754
POA5345,0,7,14,15,15,30,72,111,54,312,0,0,0,0,0,7,10,21,4,46,17,9,20,27,47,57,57,36,25,299,87,168,328,350,476,538,458,314,149,2863
POA5346,0,0,3,0,3,3,7,5,3,29,0,0,0,0,0,0,0,0,0,0,4,0,0,0,8,3,7,0,0,22,17,17,24,39,58,74,47,8,9,289
POA5350,0,0,0,0,0,0,0,3,0,3,0,0,0,0,0,0,0,0,0,0,0,0,0,8,0,6,7,5,3,21,12,26,23,64,83,77,35,10,0,327
POA5351,3,0,3,3,8,12,64,34,28,157,0,3,3,0,0,0,0,0,0,9,30,23,30,48,68,58,35,43,12,345,157,300,564,761,877,800,527,241,85,4312
POA5352,0,4,3,3,4,22,53,111,93,301,0,0,0,0,5,0,3,0,4,10,19,15,33,44,55,90,48,55,50,404,105,224,487,621,728,818,589,374,239,4172
POA5353,0,0,3,3,9,17,67,62,31,188,0,0,0,0,0,0,4,0,0,8,11,7,18,30,30,43,33,30,7,225,93,149,328,453,592,577,444,193,59,2893
POA5354,0,0,0,3,0,4,10,11,0,28,0,0,0,0,0,0,0,0,0,0,0,0,0,3,7,4,9,3,0,25,10,12,30,34,58,62,67,36,5,303
POA5355,3,3,0,8,9,37,132,158,112,472,0,0,0,0,3,0,3,0,0,7,15,7,26,47,38,56,63,35,33,327,165,292,844,897,908,1023,888,490,233,5746
POA5356,0,0,0,7,6,3,11,10,7,40,0,0,0,0,0,0,0,0,0,0,4,0,0,3,9,8,6,5,0,41,23,34,81,100,142,116,72,25,6,606
POA5357,0,0,0,0,3,12,10,5,0,29,0,0,0,0,0,0,0,0,0,0,0,0,3,4,8,3,14,10,0,55,0,19,41,36,66,77,84,36,5,366
POA5360,0,0,0,0,3,0,8,8,3,28,0,0,0,0,0,0,0,0,0,0,3,6,8,3,8,10,5,0,0,44,22,49,121,144,162,165,77,44,8,798
POA5371,0,0,0,3,3,4,7,4,3,27,0,0,0,0,0,0,0,0,0,0,4,3,8,3,8,7,3,3,4,38,38,78,126,183,208,146,79,28,9,887
POA5372,0,0,3,3,3,13,29,19,28,96,0,0,0,0,0,0,0,0,0,4,12,8,13,17,13,7,17,6,6,104,61,136,302,292,295,265,149,59,42,1605
POA5373,0,3,3,3,7,16,48,46,20,145,0,0,0,0,0,0,0,0,0,0,4,5,19,11,32,40,47,29,12,198,84,156,319,355,506,535,430,204,63,2642
POA5374,0,0,3,3,4,14,28,32,25,113,0,0,0,0,0,0,0,4,0,5,8,4,10,12,10,14,10,21,3,92,27,64,107,163,211,261,176,95,43,1143
POA5381,0,0,3,0,3,7,16,13,0,44,0,0,0,0,0,0,0,0,0,0,0,0,3,0,3,9,11,7,0,44,4,10,30,35,43,72,67,30,0,302
POA5400,0,0,0,0,0,7,11,0,0,21,0,0,0,0,0,0,0,0,0,0,3,11,9,6,6,3,4,0,3,44,27,143,119,93,133,115,46,9,6,694
POA5401,0,0,4,3,3,3,14,9,13,48,0,0,0,0,0,0,0,0,0,3,3,3,9,8,11,16,13,16,12,83,14,35,93,78,114,140,85,44,34,636
POA5410,0,0,0,0,0,3,3,0,0,14,0,0,0,0,0,0,0,0,0,0,5,3,3,4,10,3,6,3,0,42,12,13,24,35,60,51,40,14,4,245
POA5411,0,0,0,0,3,0,0,0,3,12,0,0,0,0,0,0,0,0,0,0,0,3,3,3,4,3,3,0,0,21,3,9,38,36,36,41,29,17,3,212
POA5412,0,0,0,3,4,12,22,14,13,73,0,0,0,0,0,0,0,0,0,0,4,3,5,4,12,15,13,11,3,69,24,29,85,96,165,213,185,80,61,940
POA5413,0,0,0,0,0,0,10,14,3,30,0,0,0,0,0,0,0,0,0,0,0,0,8,4,7,8,14,10,4,53,8,27,76,64,129,150,95,58,18,628
POA5414,0,0,0,0,0,0,5,0,0,13,0,0,0,0,0,0,0,0,0,0,0,0,3,3,0,8,4,0,0,18,0,8,16,9,13,29,25,8,3,114
POA5415,0,0,0,0,0,0,0,4,0,4,0,0,0,0,0,0,0,0,0,0,0,0,3,0,0,3,3,0,0,10,3,10,31,10,34,47,43,14,0,182
POA5416,0,0,0,0,0,3,0,0,0,7,0,0,0,0,0,0,0,0,0,0,0,0,0,3,0,0,0,4,0,11,0,13,18,28,31,44,22,11,0,164
POA5417,0,0,7,3,4,12,23,15,16,77,0,0,0,0,0,0,0,0,0,3,3,5,13,6,28,24,26,22,5,131,28,55,124,154,211,277,246,109,35,1237
POA5418,0,0,0,0,0,0,3,0,0,5,0,0,0,0,0,0,0,0,0,0,0,0,0,0,0,0,3,3,0,5,3,5,11,7,21,18,19,3,0,86
POA5419,0,0,0,0,0,4,3,7,0,17,0,0,0,0,0,0,0,0,0,0,0,3,0,0,0,0,0,5,0,7,4,6,28,20,26,34,25,26,4,171
POA5420,0,0,0,0,0,0,0,0,0,0,0,0,0,0,0,0,0,0,0,0,0,0,0,4,4,0,4,0,0,11,0,3,9,5,15,13,15,0,0,62
POA5421,0,0,0,0,0,3,4,0,0,10,0,0,0,0,0,0,0,0,0,0,3,0,0,3,0,8,0,4,0,21,5,0,9,26,31,27,15,3,3,123
POA5422,0,0,4,6,5,25,50,35,19,150,0,0,0,0,0,3,0,3,0,9,9,6,12,16,20,44,28,21,18,176,40,63,149,140,200,374,250,148,54,1419
POA5431,0,0,0,0,3,8,22,20,11,63,0,0,0,0,0,0,0,0,0,0,3,3,8,8,14,19,10,10,13,94,11,27,80,79,126,174,121,75,42,732
POA5432,0,0,0,0,0,0,7,0,0,10,0,0,0,0,0,0,0,0,0,0,0,0,0,0,3,0,0,0,0,9,5,3,17,8,20,37,32,4,4,129
POA5433,0,0,0,0,9,18,36,20,13,90,0,0,0,0,0,0,3,3,0,8,0,3,7,7,13,20,21,22,8,93,20,41,104,102,188,210,190,97,36,996
POA5434,0,0,0,0,0,6,10,6,0,27,0,0,0,0,0,3,0,0,0,3,9,11,21,15,20,79,42,3,0,202,17,45,68,69,92,245,176,21,11,748
POA5440,0,0,0,0,0,9,6,4,0,25,0,0,0,0,0,0,0,0,0,3,0,0,3,4,7,15,0,0,0,42,7,22,54,51,66,81,28,11,0,319
POA5451,0,0,0,3,0,3,6,11,0,21,0,0,0,0,0,0,0,0,0,0,0,0,15,3,17,25,19,9,5,86,10,22,73,62,120,153,96,38,12,572
POA5452,0,0,0,0,0,0,3,7,4,18,0,0,0,0,0,0,0,0,0,0,0,0,0,5,4,5,3,0,0,23,11,18,32,55,64,79,56,13,3,321
POA5453,0,0,3,7,14,17,67,61,69,230,0,0,0,0,0,3,0,0,0,3,11,13,36,30,48,53,58,41,21,312,86,208,552,557,658,748,611,295,160,3873
POA5454,0,0,0,0,3,3,4,7,4,19,0,0,0,0,0,0,0,0,0,0,3,6,0,4,8,3,3,0,0,25,4,15,38,49,45,63,59,14,8,296
POA5455,0,0,0,0,0,0,0,0,0,0,0,0,0,0,0,0,0,0,0,0,0,0,0,0,0,0,0,0,0,4,0,0,6,10,11,7,5,0,0,36
POA5460,0,0,0,0,0,8,7,4,3,22,0,0,0,0,0,0,0,0,0,0,4,0,3,9,3,9,7,4,3,46,26,31,62,83,115,103,83,27,7,541
POA5461,0,3,0,7,12,11,46,57,57,191,4,0,0,0,0,0,0,0,0,0,4,10,16,15,23,18,31,21,19,149,52,144,223,299,330,319,308,178,116,1961
POA5462,0,0,0,0,0,0,5,8,3,15,0,0,0,0,0,0,0,0,0,0,0,0,0,0,0,0,0,0,4,7,12,23,58,57,64,53,40,25,6,347
POA5464,0,0,0,0,3,0,8,3,3,20,0,0,0,0,0,0,0,0,0,0,6,0,10,7,8,5,0,3,0,35,12,24,66,66,85,109,64,26,7,457
POA5470,0,0,0,0,0,0,0,3,0,4,0,0,0,0,0,0,0,0,0,0,0,0,0,0,0,0,0,0,0,3,3,7,12,11,18,18,23,7,3,104
POA5471,0,0,0,0,0,0,0,0,0,0,0,0,0,0,0,0,0,0,0,0,0,0,0,0,3,0,0,0,0,5,3,0,3,9,19,15,6,3,4,69
POA5472,0,0,0,0,0,0,7,3,0,9,0,0,0,0,0,0,0,0,0,0,0,0,0,0,3,0,7,0,0,16,3,3,5,25,25,31,36,12,0,138
POA5473,0,0,0,0,0,5,21,10,0,42,0,0,0,0,0,0,0,0,0,3,3,5,7,4,0,8,15,3,3,48,16,33,69,54,98,120,124,41,9,572
POA5480,0,0,3,0,0,3,17,17,13,52,0,0,0,0,0,3,0,0,0,4,3,0,3,3,4,13,4,7,0,42,10,29,80,82,99,133,127,64,26,648
POA5481,0,0,0,0,0,0,21,7,4,39,0,0,0,0,0,0,0,0,0,0,0,0,0,0,0,13,10,4,3,31,8,13,18,39,91,132,92,44,17,460
POA5482,0,0,0,0,0,3,4,18,18,47,0,0,0,0,0,0,0,0,0,0,0,0,3,0,6,3,3,3,11,29,7,17,36,45,77,72,55,51,40,400
POA5483,0,0,0,0,0,3,6,5,8,19,0,0,0,0,0,0,0,0,0,0,4,0,0,4,3,3,11,3,0,32,8,16,31,36,50,59,60,24,10,286
POA5485,0,0,0,0,4,9,12,8,3,37,0,0,0,0,0,0,0,0,0,0,3,0,7,4,11,7,6,9,0,50,15,16,45,60,75,102,87,42,10,449
POA5490,0,0,0,0,0,0,3,0,4,13,0,0,0,0,0,0,0,0,0,0,4,5,3,0,4,4,0,4,3,23,4,8,19,11,30,29,13,10,7,135
POA5491,0,0,3,0,0,14,39,38,27,116,0,0,0,0,0,0,0,0,0,0,6,4,15,12,23,23,20,13,29,143,31,104,185,199,237,279,213,126,90,1467
POA5493,0,0,0,0,0,3,0,0,0,0,0,0,0,0,0,0,0,0,0,0,0,0,0,0,3,0,3,0,0,10,0,0,10,11,9,15,11,4,0,67
POA5495,0,0,0,0,4,7,22,17,0,46,0,0,0,0,0,0,0,0,0,3,0,3,0,6,8,23,34,15,0,89,8,22,25,57,85,147,151,52,5,553
POA5501,3,6,7,18,27,57,117,57,26,316,0,0,0,0,3,9,5,7,0,27,26,26,55,67,98,86,68,25,18,463,215,412,722,970,1287,990,649,217,68,5521
POA5502,0,0,0,6,7,10,19,12,5,54,0,0,0,0,0,0,0,0,0,4,8,5,10,8,16,14,12,9,6,90,40,87,166,179,237,216,159,61,25,1169
POA5510,0,0,0,0,0,0,4,0,0,6,0,0,0,0,0,0,0,0,0,0,0,0,0,3,0,0,3,0,0,5,3,4,12,11,15,21,15,0,0,93
POA5520,0,0,0,0,0,3,19,14,5,45,0,0,0,0,0,0,0,0,0,3,0,0,3,3,6,7,5,3,8,36,6,16,66,46,74,93,72,44,20,445
POA5521,0,0,0,0,0,3,7,5,3,12,0,0,0,0,0,0,0,0,0,0,0,0,0,0,5,0,0,0,0,3,3,3,4,17,29,22,23,12,3,116
POA5522,0,0,0,0,3,14,40,47,30,127,0,0,0,0,0,0,0,0,0,0,3,0,3,4,18,19,35,28,22,140,19,20,77,97,163,276,308,174,85,1218
POA5523,0,0,0,0,5,9,30,36,21,109,0,0,0,0,0,0,0,0,0,0,7,4,5,12,18,21,22,17,8,104,34,103,167,178,268,286,253,130,65,1482
POA5540,3,3,17,42,58,137,385,333,179,1156,0,0,8,0,10,8,7,4,9,46,62,46,100,135,167,160,191,156,80,1109,414,854,1665,1733,2176,2028,1697,1025,419,12013
POA5550,0,0,0,3,5,6,17,9,3,46,0,0,0,0,3,3,0,0,0,3,3,0,11,5,9,14,3,3,3,57,23,48,113,111,131,145,99,39,10,720
POA5552,0,0,0,0,0,0,12,7,3,17,0,0,0,0,0,0,0,0,0,0,0,0,3,0,8,0,13,3,0,27,5,4,52,46,60,50,47,14,7,280
POA5554,4,4,7,12,20,37,104,75,44,303,0,3,0,0,0,3,0,0,0,13,24,30,44,43,65,66,75,65,52,472,136,267,533,537,713,666,557,353,150,3918
POA5555,0,0,0,0,0,9,17,5,4,35,0,0,0,0,0,0,0,0,0,0,0,0,3,3,8,10,11,3,0,38,4,19,39,43,72,87,93,31,9,398
POA5556,0,0,12,3,14,39,127,79,27,303,0,0,0,0,0,3,0,0,0,6,8,10,25,13,56,50,83,79,71,393,84,159,368,339,535,713,693,370,129,3387
POA5558,3,0,3,7,8,34,97,77,57,291,0,0,0,0,0,0,3,3,0,8,8,9,23,20,49,82,88,80,25,375,75,168,361,362,599,775,880,472,171,3870
POA5560,0,0,0,0,3,7,11,6,8,28,0,0,0,0,0,0,0,0,0,0,0,0,0,3,6,0,7,4,6,24,9,13,38,53,56,51,70,20,11,324
POA5570,0,0,0,0,3,3,12,16,12,45,0,0,0,0,0,0,0,0,0,0,0,0,0,7,3,15,14,13,0,65,5,8,40,40,63,121,133,53,17,479
POA5571,0,0,3,3,3,21,46,55,29,151,0,0,0,0,0,0,0,0,0,3,0,4,8,0,7,12,28,26,26,107,20,42,145,132,184,349,344,214,99,1526
POA5572,0,0,0,0,0,0,3,0,3,3,0,0,0,0,0,0,0,0,0,0,0,0,0,3,0,3,0,0,0,4,0,3,14,19,23,26,11,4,4,103
POA5573,0,0,3,3,3,9,52,50,37,154,0,0,0,0,0,0,0,0,0,3,5,4,6,10,13,17,23,11,15,105,35,71,153,171,299,282,297,175,87,1571
POA5575,0,0,7,4,5,15,74,43,24,173,0,0,0,0,0,0,0,0,0,3,3,5,3,15,20,22,39,24,32,169,26,62,158,202,274,438,411,172,89,1827
POA5576,0,0,0,0,3,10,24,22,15,76,0,0,0,0,0,0,0,0,0,0,0,0,3,5,8,9,3,6,3,44,12,43,77,92,133,182,177,83,26,827
POA5577,0,0,0,0,0,10,7,14,3,36,0,0,0,0,0,0,0,0,0,0,0,0,0,0,7,6,3,3,0,24,15,17,40,39,76,105,70,47,13,420
POA5580,0,0,0,0,0,3,7,3,6,20,0,0,0,0,0,0,0,0,0,0,0,0,0,0,0,0,6,0,3,11,12,9,37,21,42,63,53,27,12,278
POA5581,0,0,0,0,0,0,12,9,6,28,0,0,0,0,0,0,0,0,0,3,0,0,3,0,6,5,6,10,3,28,4,14,30,24,54,110,142,70,28,480
POA5582,0,0,0,0,0,4,25,5,22,53,0,0,0,0,0,0,0,0,0,0,3,0,0,4,4,15,8,3,3,38,15,13,35,38,84,134,126,61,50,543
POA5583,0,0,0,0,0,4,23,24,11,60,0,0,0,0,0,0,0,0,0,0,3,0,0,8,4,12,15,12,6,63,12,23,38,65,86,139,189,93,25,667
POA5600,3,0,3,7,11,23,59,84,52,243,0,0,4,0,4,0,4,3,3,20,9,10,38,26,65,87,62,76,63,439,128,313,639,781,964,901,606,380,191,4908
POA5601,0,0,0,3,0,3,19,4,0,41,0,0,0,0,0,0,0,0,0,0,0,0,3,6,7,8,12,4,0,39,10,3,19,56,98,84,80,18,0,380
POA5602,0,0,0,0,9,11,33,18,17,94,0,0,0,0,0,0,0,0,0,0,4,9,19,25,41,45,48,7,18,211,28,62,135,165,239,258,254,68,49,1256
POA5603,0,0,0,3,0,3,12,9,4,36,0,0,0,0,0,0,0,0,0,0,0,0,4,3,6,19,16,0,0,56,11,16,66,71,100,143,80,17,4,500
POA5604,0,0,0,0,0,3,5,0,0,10,0,0,0,0,0,0,0,0,0,0,0,0,0,3,0,3,3,0,0,15,3,8,21,18,41,63,49,22,3,232
POA5605,0,0,0,0,4,6,44,57,35,155,0,0,0,0,0,0,0,0,0,0,7,3,13,12,31,29,32,13,27,159,28,59,125,166,239,302,308,179,85,1486
POA5606,0,5,14,15,27,89,207,213,131,707,0,0,0,0,3,7,0,5,4,21,57,65,129,126,146,173,143,145,66,1057,310,783,1783,1617,1802,1797,1345,810,371,10627
POA5607,3,0,3,3,10,26,55,48,14,169,0,0,0,0,0,0,5,0,0,5,37,25,94,101,98,73,62,27,0,520,107,156,507,650,786,790,547,186,36,3766
POA5608,5,3,29,28,45,106,218,176,64,681,0,0,3,0,6,4,7,15,0,49,78,94,180,142,225,187,189,153,45,1290,348,870,1791,1488,1925,1572,1230,770,216,10207
POA5609,0,0,0,0,3,8,11,8,0,34,0,0,0,0,0,0,0,0,0,0,3,3,14,14,8,3,8,19,0,73,41,126,329,254,214,142,107,84,12,1318
POA5630,0,0,0,0,0,0,0,0,0,0,0,0,0,0,0,0,0,0,0,0,0,0,0,0,0,8,0,0,0,13,6,3,16,17,27,17,11,0,0,96
POA5631,0,0,0,0,3,4,10,18,14,49,0,0,0,0,0,0,0,0,0,4,0,3,11,9,10,15,7,8,21,78,19,52,110,116,142,123,88,70,43,772
POA5632,0,0,0,0,0,0,5,3,0,8,0,0,0,0,0,0,0,0,0,0,3,0,0,3,6,8,3,0,0,14,7,14,26,25,57,25,13,5,0,168
POA5633,0,0,0,0,0,10,4,4,3,19,0,0,0,0,0,0,0,0,0,0,0,3,4,0,3,7,3,3,0,25,9,14,42,25,58,68,22,11,6,254
POA5640,0,0,0,0,3,3,21,26,29,88,0,0,0,0,0,0,4,0,0,6,3,0,15,14,20,20,13,19,7,114,17,50,143,129,169,179,146,88,53,976
POA5641,0,0,0,0,0,9,22,39,13,85,0,0,0,0,0,0,0,0,0,0,0,7,9,7,15,13,3,9,3,72,11,46,138,118,146,142,94,81,32,804
POA5642,0,0,0,0,0,4,7,0,0,10,0,0,0,0,0,0,0,0,0,0,5,0,3,11,4,3,4,0,0,32,11,10,20,36,51,59,29,7,3,228
POA5650,0,0,0,0,0,0,6,0,0,6,0,0,0,0,0,0,0,0,0,0,0,0,3,4,3,3,0,0,3,19,5,7,25,24,21,34,19,3,3,134
POA5651,0,0,0,0,0,0,0,0,0,3,0,0,0,0,0,0,0,0,0,0,0,0,3,0,0,0,0,0,0,9,0,3,4,17,17,11,3,4,0,57
POA5652,0,0,0,0,0,3,10,17,8,38,0,0,0,0,0,0,0,0,0,0,3,4,4,8,10,16,13,3,5,66,23,45,87,97,99,108,84,39,35,618
POA5653,0,0,0,0,0,0,0,0,0,0,0,0,0,0,0,0,0,0,0,0,0,0,0,0,0,0,0,0,0,9,0,5,7,6,11,12,11,0,3,59
POA5654,0,0,0,0,3,0,7,6,0,16,0,0,0,0,0,0,0,0,0,0,0,0,0,3,8,8,9,3,0,22,3,0,20,33,41,32,43,10,3,186
POA5655,0,0,0,0,0,0,0,0,0,0,0,0,0,0,0,0,0,0,0,0,0,0,3,0,0,0,0,0,0,0,0,5,14,11,6,16,8,0,0,71
POA5660,0,0,0,0,0,0,0,0,0,0,0,0,0,0,0,0,0,0,0,0,0,0,0,0,0,0,0,0,0,0,3,3,8,7,9,4,3,0,0,36
POA5661,0,0,0,0,0,0,5,0,0,9,0,0,0,0,0,0,0,0,0,0,0,0,3,0,0,0,3,0,0,7,0,8,21,21,6,23,14,6,0,98
POA5670,0,0,0,0,4,3,7,7,4,22,0,0,0,0,0,0,0,0,0,0,0,0,3,0,3,9,11,8,6,37,3,13,50,51,67,98,78,26,11,403
POA5671,0,0,0,0,0,3,0,0,0,9,0,0,0,0,0,0,0,0,0,0,0,0,3,3,12,0,0,0,0,19,0,9,17,16,40,32,17,9,0,140
POA5680,0,0,0,3,7,18,42,20,27,118,0,0,0,0,3,0,3,0,0,7,8,12,40,35,68,94,45,27,15,340,40,88,206,282,431,504,338,120,59,2061
POA5690,5,8,18,10,30,40,74,39,18,248,0,0,0,4,0,3,0,0,0,6,37,36,101,107,114,108,99,31,36,663,119,224,514,500,580,607,506,156,70,3273
POA5700,13,5,20,22,35,98,195,183,83,640,0,0,4,4,9,9,12,16,4,56,56,75,203,152,210,236,215,139,48,1326,291,700,1459,1212,1581,1564,1291,610,219,8926
POA5701,0,0,0,0,0,0,0,0,0,0,0,0,0,0,0,0,0,0,0,0,0,0,0,0,0,0,0,0,0,0,0,0,0,0,3,10,4,0,0,17
POA5710,0,3,0,4,5,15,29,11,5,79,0,0,0,0,0,0,3,0,0,3,6,105,217,170,84,44,26,6,3,664,53,212,499,401,343,315,152,59,19,2054
POA5713,0,0,0,0,0,0,0,0,0,3,0,0,0,0,0,0,0,0,0,0,0,0,0,0,0,0,0,0,0,0,0,3,6,3,6,4,3,0,0,27
POA5715,0,0,0,0,0,0,0,0,0,0,0,0,0,0,0,0,0,0,0,0,0,0,0,0,0,3,3,0,0,15,0,4,9,9,3,9,5,0,0,42
POA5717,0,0,0,0,0,0,0,0,0,0,0,0,0,0,0,0,0,0,0,0,0,0,0,0,0,0,0,0,0,3,0,3,9,3,6,3,5,0,0,27
POA5719,0,0,0,0,0,0,6,0,0,7,0,0,0,0,0,0,0,0,0,0,0,0,0,4,3,0,0,3,0,14,0,3,9,12,4,14,20,3,0,73
POA5720,0,0,0,0,3,6,0,0,0,12,0,0,0,0,0,0,0,0,0,0,0,0,3,9,12,8,5,0,0,42,6,20,54,53,81,70,39,10,0,321
POA5722,0,0,0,0,0,3,16,8,0,26,0,0,0,0,0,0,0,0,0,0,0,0,3,0,4,5,11,15,0,40,8,10,32,25,54,50,54,30,4,265
POA5723,0,0,3,6,7,21,59,30,4,132,0,0,3,0,4,0,7,5,0,20,11,33,119,87,120,90,85,28,4,578,39,130,475,371,460,454,409,134,13,2485
POA5724,3,3,4,5,3,3,11,0,0,30,0,0,3,0,8,0,9,4,0,29,0,7,19,14,9,20,12,3,0,89,18,45,81,75,70,97,62,17,3,466
POA5725,0,0,3,9,6,4,5,0,0,37,0,0,0,0,0,0,0,0,0,3,13,35,155,135,112,62,8,0,0,529,80,297,1084,901,696,395,69,10,4,3532
POA5730,0,0,0,0,0,0,0,0,0,3,0,0,0,0,0,0,0,0,0,3,0,3,3,0,0,3,0,0,0,7,6,6,12,17,14,51,34,11,0,150
POA5731,0,0,0,0,4,6,0,0,0,19,0,0,0,0,0,0,0,0,0,0,3,13,31,51,49,36,13,4,0,201,6,53,194,216,266,182,55,10,0,986
POA5732,0,0,0,0,0,6,3,0,0,9,0,0,0,0,0,0,0,0,0,4,0,3,7,12,16,7,0,0,0,46,0,14,61,76,82,61,17,5,3,313
POA5733,0,0,0,0,4,5,4,5,0,14,0,0,0,0,0,0,0,0,0,0,0,3,19,13,21,23,10,0,0,89,7,18,79,64,79,97,42,7,0,404
POA5734,0,0,0,4,10,3,3,0,0,21,0,0,0,0,0,3,0,0,0,3,3,0,7,7,10,14,10,3,0,57,6,11,29,23,42,32,17,9,0,176
POA5950,0,0,0,0,0,0,0,0,0,0,0,0,0,0,0,0,0,0,0,0,0,0,0,0,0,0,0,0,0,0,0,0,0,0,0,0,0,0,0,0
POA5960,0,0,0,0,0,0,0,0,0,0,0,0,0,0,0,0,0,0,0,0,0,0,0,0,0,0,0,0,0,0,0,0,0,0,0,0,0,0,0,5
